Time,Active UPFs
0.0,0
1.0,1
2.0,1
3.0,1
6.0,1
7.0,2
7.0,2
9.0,2
11.0,2
12.0,2
13.0,2
14.0,2
15.0,2
16.0,2
18.0,2
23.0,3
25.0,3
25.0,3
28.0,3
29.0,3
29.0,3
32.0,3
33.0,3
34.0,3
35.0,3
41.0,3
41.0,3
43.0,3
47.0,3
47.0,3
50.0,3
53.0,3
56.0,3
58.0,3
59.0,3
59.0,3
60.0,3
60.0,3
61.0,3
62.0,3
63.0,3
64.0,4
66.0,4
66.0,4
67.0,4
68.0,4
73.0,4
84.0,4
84.0,4
84.0,4
85.0,4
85.0,4
85.0,4
92.0,4
93.0,4
94.0,4
95.0,4
97.0,4
98.0,4
102.0,4
103.0,4
105.0,4
107.0,4
110.0,4
110.0,4
112.0,4
113.0,4
113.0,4
114.0,4
117.0,4
118.0,4
119.0,4
119.0,4
120.0,4
121.0,4
121.0,4
122.0,4
124.0,4
124.0,4
127.0,4
129.0,4
129.0,4
132.0,4
134.0,4
135.0,4
136.0,4
138.0,4
141.0,4
143.0,4
144.0,4
144.0,4
144.0,4
148.0,4
148.0,4
150.0,4
151.0,4
151.0,4
152.0,4
155.0,4
159.0,4
161.0,4
162.0,4
163.0,4
164.0,4
165.0,4
167.0,4
167.0,4
168.0,4
170.0,4
170.0,4
172.0,4
172.0,4
176.0,4
177.0,4
178.0,4
179.0,5
179.0,5
181.0,5
183.0,5
185.0,5
186.0,5
188.0,5
189.0,5
189.0,5
190.0,5
191.0,5
192.0,5
192.0,5
193.0,5
193.0,5
194.0,5
195.0,5
196.0,5
196.0,5
197.0,5
198.0,5
198.0,5
199.0,5
199.0,5
202.0,5
204.0,5
204.0,5
205.0,5
205.0,5
205.0,5
208.0,5
208.0,5
210.0,4
211.0,4
212.0,4
213.0,4
214.0,5
217.0,5
219.0,5
221.0,5
221.0,5
224.0,5
231.0,5
232.0,5
233.0,5
235.0,5
235.0,5
235.0,5
235.0,5
236.0,5
238.0,5
239.0,5
243.0,5
244.0,5
246.0,6
246.0,6
250.0,6
250.0,6
253.0,6
253.0,6
254.0,6
255.0,6
257.0,6
260.0,6
262.0,6
263.0,6
264.0,6
268.0,6
270.0,6
270.0,6
271.0,6
271.0,6
272.0,6
273.0,6
276.0,6
280.0,6
281.0,6
283.0,6
283.0,6
283.0,6
284.0,6
285.0,6
287.0,6
290.0,6
293.0,6
294.0,6
296.0,6
296.0,6
301.0,6
301.0,6
304.0,6
304.0,6
305.0,6
307.0,6
308.0,6
310.0,6
311.0,6
311.0,6
312.0,6
313.0,6
313.0,6
314.0,6
317.0,6
317.0,6
318.0,6
319.0,6
320.0,6
320.0,6
321.0,6
326.0,7
326.0,7
327.0,7
332.0,7
333.0,7
334.0,7
334.0,7
334.0,7
335.0,7
336.0,7
337.0,7
338.0,7
340.0,7
340.0,7
340.0,7
341.0,7
342.0,7
342.0,7
343.0,7
344.0,7
346.0,7
347.0,7
348.0,7
349.0,7
349.0,7
351.0,7
352.0,7
352.0,7
353.0,7
357.0,7
359.0,7
365.0,7
367.0,7
367.0,7
368.0,7
369.0,7
370.0,7
372.0,7
372.0,7
373.0,7
374.0,7
374.0,7
376.0,7
377.0,7
380.0,7
380.0,7
381.0,7
381.0,7
381.0,7
381.0,7
382.0,7
383.0,7
383.0,7
385.0,7
386.0,7
390.0,7
394.0,7
394.0,7
398.0,7
400.0,7
401.0,7
402.0,7
404.0,7
404.0,7
405.0,7
406.0,7
407.0,7
408.0,7
409.0,7
410.0,7
410.0,7
413.0,7
414.0,7
415.0,7
416.0,7
417.0,7
420.0,7
420.0,7
421.0,7
424.0,7
425.0,7
426.0,7
427.0,7
428.0,7
431.0,7
432.0,7
432.0,7
433.0,7
435.0,7
436.0,7
436.0,7
437.0,7
438.0,7
440.0,7
441.0,7
445.0,7
445.0,7
448.0,7
455.0,7
457.0,7
457.0,7
462.0,7
462.0,7
462.0,7
463.0,7
465.0,7
466.0,7
467.0,7
468.0,7
469.0,7
470.0,7
472.0,7
474.0,7
477.0,7
484.0,7
484.0,7
485.0,7
489.0,7
490.0,7
490.0,7
492.0,7
492.0,7
493.0,7
494.0,7
496.0,7
498.0,7
499.0,7
504.0,7
505.0,7
505.0,7
506.0,7
506.0,7
508.0,7
508.0,7
509.0,7
510.0,7
511.0,7
511.0,7
513.0,7
515.0,7
516.0,7
516.0,7
516.0,7
517.0,7
519.0,7
520.0,7
520.0,7
521.0,7
522.0,7
522.0,7
524.0,7
527.0,7
530.0,7
531.0,7
532.0,7
534.0,7
535.0,7
535.0,7
537.0,7
539.0,7
541.0,7
542.0,7
545.0,7
547.0,7
549.0,7
549.0,7
551.0,7
552.0,7
552.0,7
552.0,7
553.0,7
558.0,7
558.0,7
559.0,7
559.0,7
559.0,7
561.0,7
561.0,7
565.0,7
566.0,7
568.0,7
570.0,7
573.0,7
575.0,7
577.0,7
578.0,7
580.0,7
581.0,7
585.0,7
585.0,7
585.0,7
587.0,7
591.0,7
592.0,7
593.0,7
594.0,7
597.0,7
598.0,7
598.0,7
600.0,7
600.0,7
602.0,7
602.0,7
605.0,7
606.0,7
607.0,7
608.0,7
609.0,7
610.0,7
610.0,7
611.0,7
611.0,7
612.0,7
613.0,7
614.0,7
614.0,7
615.0,7
615.0,7
616.0,7
616.0,7
618.0,7
620.0,7
620.0,7
624.0,7
626.0,7
629.0,7
629.0,7
630.0,7
631.0,7
633.0,7
633.0,7
633.0,7
634.0,7
635.0,7
636.0,7
636.0,7
638.0,7
640.0,7
641.0,7
642.0,7
643.0,7
644.0,7
645.0,7
646.0,7
648.0,7
650.0,7
651.0,7
654.0,7
656.0,7
657.0,7
658.0,7
659.0,7
660.0,7
661.0,7
662.0,7
663.0,7
663.0,7
664.0,7
664.0,7
665.0,7
666.0,7
667.0,7
667.0,7
668.0,7
668.0,7
669.0,7
670.0,7
672.0,7
673.0,7
676.0,7
680.0,7
680.0,7
681.0,7
685.0,7
685.0,7
686.0,7
687.0,7
688.0,7
689.0,7
691.0,8
692.0,8
694.0,8
695.0,8
698.0,8
699.0,8
702.0,8
703.0,8
703.0,8
704.0,8
705.0,8
705.0,8
705.0,8
708.0,8
709.0,8
711.0,8
712.0,8
713.0,8
714.0,8
714.0,8
714.0,8
714.0,8
717.0,8
718.0,8
720.0,8
722.0,8
722.0,8
724.0,8
726.0,8
729.0,8
731.0,8
732.0,8
733.0,8
734.0,8
734.0,8
734.0,8
734.0,8
735.0,8
735.0,8
736.0,8
742.0,8
743.0,8
744.0,8
744.0,8
746.0,8
747.0,8
748.0,8
750.0,8
750.0,8
754.0,8
754.0,8
757.0,8
761.0,8
762.0,8
762.0,8
763.0,8
763.0,8
764.0,8
765.0,8
766.0,8
768.0,8
769.0,8
770.0,8
771.0,8
773.0,8
775.0,8
775.0,8
776.0,8
777.0,8
778.0,8
779.0,8
779.0,8
782.0,8
785.0,8
787.0,8
787.0,8
788.0,8
789.0,8
789.0,8
791.0,8
794.0,8
795.0,8
797.0,8
797.0,8
799.0,8
800.0,8
802.0,8
802.0,8
804.0,8
804.0,8
805.0,8
807.0,8
807.0,8
811.0,8
812.0,8
813.0,8
814.0,8
815.0,8
815.0,8
818.0,8
819.0,8
824.0,8
827.0,8
828.0,8
829.0,8
829.0,8
829.0,8
829.0,8
830.0,8
830.0,8
831.0,8
831.0,8
832.0,8
834.0,8
834.0,8
837.0,8
838.0,8
839.0,8
840.0,8
840.0,8
841.0,8
842.0,8
843.0,8
844.0,8
844.0,8
845.0,8
846.0,8
846.0,8
849.0,8
850.0,8
850.0,8
851.0,8
853.0,8
854.0,8
854.0,8
856.0,8
856.0,8
856.0,8
857.0,8
859.0,8
860.0,8
860.0,8
861.0,8
861.0,8
862.0,8
863.0,8
864.0,8
864.0,8
865.0,8
866.0,8
867.0,8
867.0,8
869.0,8
872.0,8
875.0,8
877.0,8
878.0,8
878.0,8
879.0,8
880.0,8
883.0,8
884.0,8
885.0,8
885.0,8
886.0,8
887.0,8
889.0,8
890.0,8
893.0,8
894.0,8
894.0,8
895.0,8
898.0,8
899.0,8
900.0,8
901.0,8
902.0,8
903.0,8
904.0,8
905.0,8
907.0,8
908.0,8
909.0,8
909.0,8
911.0,8
911.0,8
911.0,8
911.0,8
913.0,8
914.0,8
916.0,8
916.0,8
917.0,8
918.0,8
918.0,8
918.0,8
920.0,8
921.0,8
921.0,8
923.0,8
927.0,8
928.0,8
933.0,8
934.0,8
937.0,8
938.0,8
939.0,8
940.0,8
944.0,8
946.0,8
946.0,8
947.0,8
949.0,8
951.0,8
953.0,8
954.0,8
955.0,8
956.0,8
956.0,8
958.0,8
961.0,8
962.0,8
963.0,8
964.0,8
964.0,8
965.0,8
965.0,8
966.0,8
968.0,8
968.0,8
969.0,8
970.0,8
970.0,8
971.0,8
972.0,8
973.0,8
974.0,8
975.0,8
975.0,8
977.0,8
979.0,8
979.0,8
980.0,8
981.0,8
984.0,8
984.0,8
985.0,8
986.0,8
987.0,8
988.0,8
989.0,8
990.0,8
990.0,8
991.0,8
991.0,8
992.0,8
994.0,8
995.0,8
996.0,8
998.0,8
999.0,8
1000.0,8
1000.0,8
1002.0,8
1003.0,8
1004.0,8
1005.0,8
1005.0,8
1007.0,8
1008.0,8
1010.0,8
1010.0,8
1011.0,8
1012.0,8
1014.0,8
1014.0,8
1016.0,8
1019.0,8
1020.0,8
1020.0,8
1021.0,8
1021.0,8
1022.0,8
1023.0,8
1025.0,8
1025.0,8
1026.0,8
1026.0,8
1027.0,8
1027.0,8
1027.0,8
1028.0,8
1028.0,8
1030.0,8
1031.0,8
1032.0,8
1033.0,8
1033.0,8
1035.0,8
1037.0,8
1037.0,8
1038.0,8
1038.0,8
1038.0,8
1040.0,8
1043.0,8
1043.0,8
1044.0,8
1044.0,8
1047.0,8
1048.0,8
1049.0,8
1050.0,8
1050.0,8
1051.0,8
1051.0,8
1052.0,8
1052.0,8
1055.0,8
1057.0,8
1057.0,8
1058.0,8
1058.0,8
1060.0,8
1061.0,8
1061.0,8
1063.0,8
1067.0,8
1068.0,8
1071.0,8
1071.0,8
1072.0,8
1073.0,8
1075.0,8
1076.0,8
1076.0,8
1077.0,8
1077.0,8
1079.0,8
1079.0,8
1081.0,8
1081.0,8
1082.0,8
1083.0,8
1084.0,8
1084.0,8
1086.0,8
1086.0,8
1087.0,8
1088.0,8
1088.0,8
1089.0,8
1090.0,8
1093.0,8
1094.0,8
1096.0,8
1097.0,8
1099.0,8
1100.0,8
1101.0,8
1102.0,8
1107.0,8
1108.0,8
1108.0,8
1110.0,8
1111.0,8
1112.0,8
1113.0,8
1114.0,8
1115.0,8
1116.0,8
1116.0,8
1121.0,8
1123.0,8
1125.0,8
1126.0,8
1129.0,8
1133.0,8
1133.0,8
1134.0,8
1135.0,8
1136.0,8
1137.0,8
1138.0,8
1138.0,8
1139.0,8
1140.0,8
1141.0,8
1142.0,8
1148.0,8
1148.0,8
1149.0,8
1150.0,8
1150.0,8
1153.0,8
1155.0,8
1156.0,8
1156.0,8
1158.0,8
1158.0,8
1159.0,8
1161.0,8
1161.0,8
1162.0,8
1162.0,8
1164.0,8
1165.0,8
1167.0,8
1168.0,8
1168.0,8
1169.0,8
1171.0,8
1171.0,8
1173.0,8
1174.0,8
1174.0,8
1174.0,8
1176.0,8
1178.0,8
1178.0,8
1179.0,8
1181.0,8
1182.0,8
1183.0,8
1184.0,8
1184.0,8
1184.0,8
1184.0,8
1185.0,8
1186.0,8
1187.0,8
1190.0,8
1194.0,8
1194.0,8
1194.0,8
1196.0,8
1197.0,8
1197.0,8
1199.0,8
1200.0,8
1201.0,8
1203.0,8
1203.0,8
1205.0,8
1205.0,8
1207.0,8
1208.0,8
1209.0,8
1210.0,8
1211.0,8
1214.0,8
1216.0,8
1218.0,8
1219.0,8
1220.0,8
1221.0,8
1222.0,8
1224.0,8
1225.0,8
1226.0,8
1228.0,8
1229.0,8
1230.0,8
1230.0,8
1231.0,8
1231.0,8
1234.0,8
1235.0,8
1237.0,8
1238.0,8
1239.0,8
1240.0,8
1241.0,8
1243.0,8
1244.0,8
1245.0,8
1247.0,8
1248.0,8
1248.0,8
1249.0,8
1250.0,8
1251.0,8
1252.0,8
1253.0,8
1255.0,8
1256.0,8
1257.0,8
1258.0,8
1260.0,8
1261.0,8
1262.0,8
1262.0,8
1263.0,8
1265.0,8
1268.0,8
1269.0,8
1269.0,8
1270.0,8
1272.0,8
1273.0,8
1275.0,8
1276.0,8
1277.0,8
1277.0,8
1280.0,8
1283.0,8
1284.0,8
1288.0,8
1291.0,8
1293.0,8
1294.0,8
1296.0,8
1297.0,8
1300.0,8
1302.0,8
1303.0,8
1305.0,8
1306.0,8
1308.0,8
1309.0,8
1309.0,8
1310.0,8
1311.0,8
1312.0,8
1312.0,8
1312.0,8
1313.0,8
1314.0,8
1316.0,8
1318.0,8
1319.0,8
1323.0,8
1323.0,8
1323.0,8
1324.0,8
1326.0,8
1327.0,8
1327.0,8
1329.0,8
1332.0,8
1333.0,9
1333.0,9
1333.0,9
1334.0,9
1335.0,9
1337.0,9
1340.0,9
1340.0,9
1340.0,9
1341.0,9
1343.0,9
1343.0,9
1343.0,9
1344.0,9
1346.0,9
1348.0,9
1348.0,9
1349.0,9
1349.0,9
1350.0,9
1353.0,9
1354.0,9
1354.0,9
1354.0,9
1359.0,9
1360.0,9
1361.0,9
1361.0,9
1361.0,9
1364.0,9
1365.0,9
1367.0,9
1368.0,9
1370.0,9
1370.0,9
1371.0,9
1372.0,9
1373.0,9
1377.0,9
1377.0,9
1382.0,9
1384.0,9
1384.0,9
1385.0,9
1385.0,9
1386.0,9
1386.0,9
1387.0,9
1388.0,9
1389.0,9
1390.0,9
1392.0,9
1397.0,9
1399.0,9
1399.0,9
1401.0,9
1402.0,9
1404.0,9
1406.0,9
1406.0,9
1406.0,9
1410.0,9
1411.0,9
1411.0,9
1412.0,9
1414.0,9
1415.0,9
1415.0,9
1417.0,9
1418.0,9
1418.0,9
1419.0,9
1422.0,9
1424.0,9
1425.0,9
1425.0,9
1427.0,9
1429.0,9
1430.0,9
1432.0,9
1432.0,9
1433.0,9
1433.0,9
1434.0,9
1435.0,9
1435.0,9
1436.0,9
1440.0,9
1441.0,9
1441.0,9
1441.0,9
1444.0,9
1444.0,9
1446.0,9
1447.0,9
1450.0,9
1451.0,9
1458.0,9
1458.0,9
1459.0,9
1459.0,9
1462.0,9
1462.0,9
1462.0,9
1463.0,9
1464.0,9
1465.0,9
1466.0,9
1467.0,9
1468.0,9
1469.0,9
1470.0,9
1470.0,9
1470.0,9
1473.0,9
1474.0,9
1475.0,9
1476.0,9
1476.0,9
1481.0,9
1486.0,9
1487.0,9
1488.0,9
1489.0,9
1490.0,9
1492.0,9
1492.0,9
1493.0,9
1494.0,9
1495.0,9
1496.0,9
1500.0,9
1500.0,9
1502.0,9
1504.0,9
1505.0,9
1505.0,9
1506.0,9
1507.0,9
1508.0,9
1508.0,9
1509.0,9
1510.0,9
1511.0,9
1513.0,9
1515.0,9
1516.0,9
1519.0,9
1520.0,9
1520.0,9
1520.0,9
1521.0,9
1522.0,9
1523.0,9
1524.0,9
1526.0,9
1526.0,9
1527.0,9
1528.0,9
1529.0,9
1530.0,9
1531.0,9
1532.0,9
1533.0,9
1533.0,9
1533.0,9
1533.0,9
1533.0,9
1535.0,9
1535.0,9
1535.0,9
1536.0,9
1537.0,9
1538.0,9
1544.0,9
1546.0,9
1549.0,9
1551.0,9
1552.0,9
1555.0,9
1555.0,9
1559.0,9
1561.0,9
1562.0,9
1564.0,9
1564.0,9
1565.0,9
1565.0,9
1566.0,9
1567.0,9
1568.0,9
1568.0,9
1569.0,9
1571.0,9
1573.0,9
1577.0,9
1579.0,9
1582.0,9
1583.0,9
1585.0,9
1586.0,9
1586.0,9
1586.0,9
1588.0,9
1591.0,9
1593.0,9
1594.0,9
1595.0,9
1596.0,9
1597.0,9
1598.0,9
1598.0,9
1600.0,9
1602.0,9
1604.0,9
1607.0,9
1608.0,9
1611.0,9
1616.0,9
1616.0,9
1619.0,9
1620.0,9
1620.0,9
1622.0,9
1622.0,9
1622.0,9
1622.0,9
1623.0,9
1623.0,9
1624.0,9
1627.0,9
1627.0,9
1628.0,9
1628.0,9
1629.0,9
1630.0,9
1633.0,9
1634.0,9
1635.0,9
1635.0,9
1635.0,9
1637.0,9
1638.0,9
1641.0,9
1641.0,9
1642.0,9
1643.0,9
1644.0,9
1645.0,9
1646.0,9
1647.0,9
1648.0,9
1651.0,9
1654.0,9
1655.0,9
1655.0,9
1657.0,9
1658.0,9
1658.0,9
1658.0,9
1658.0,9
1660.0,9
1660.0,9
1661.0,9
1662.0,9
1664.0,9
1664.0,9
1665.0,9
1666.0,9
1667.0,9
1669.0,9
1669.0,9
1670.0,9
1672.0,9
1674.0,9
1677.0,9
1677.0,9
1678.0,9
1679.0,9
1680.0,9
1680.0,9
1682.0,9
1683.0,9
1683.0,9
1685.0,9
1686.0,9
1686.0,9
1688.0,9
1688.0,9
1689.0,9
1691.0,9
1693.0,9
1694.0,9
1694.0,9
1695.0,9
1695.0,9
1697.0,9
1698.0,9
1699.0,9
1700.0,9
1701.0,9
1702.0,9
1702.0,9
1705.0,9
1707.0,9
1708.0,9
1709.0,9
1712.0,9
1716.0,9
1717.0,9
1717.0,9
1717.0,9
1717.0,9
1718.0,9
1719.0,9
1720.0,9
1721.0,9
1721.0,9
1722.0,9
1723.0,9
1725.0,9
1725.0,9
1726.0,9
1727.0,9
1727.0,9
1728.0,9
1728.0,9
1731.0,9
1732.0,9
1733.0,9
1735.0,9
1736.0,9
1738.0,9
1739.0,9
1740.0,9
1743.0,9
1744.0,9
1744.0,9
1745.0,9
1746.0,9
1746.0,9
1747.0,9
1748.0,9
1749.0,9
1749.0,9
1750.0,9
1754.0,9
1756.0,9
1757.0,9
1759.0,9
1759.0,9
1762.0,9
1763.0,9
1763.0,9
1763.0,9
1765.0,9
1765.0,9
1766.0,9
1766.0,9
1767.0,9
1768.0,9
1769.0,9
1770.0,9
1773.0,9
1773.0,9
1775.0,9
1776.0,9
1777.0,9
1783.0,9
1784.0,9
1784.0,9
1784.0,9
1785.0,9
1786.0,9
1787.0,9
1788.0,9
1788.0,9
1789.0,9
1790.0,9
1792.0,9
1792.0,9
1794.0,9
1794.0,9
1796.0,9
1799.0,9
1800.0,9
1802.0,9
1803.0,9
1804.0,9
1804.0,9
1806.0,9
1807.0,9
1811.0,9
1812.0,9
1813.0,9
1814.0,9
1815.0,9
1816.0,9
1818.0,9
1821.0,9
1823.0,9
1823.0,9
1824.0,9
1824.0,9
1826.0,9
1828.0,9
1829.0,9
1832.0,9
1834.0,9
1835.0,9
1836.0,9
1836.0,9
1837.0,9
1838.0,9
1838.0,9
1841.0,9
1842.0,9
1843.0,9
1845.0,9
1845.0,9
1845.0,9
1846.0,9
1846.0,9
1848.0,9
1849.0,9
1850.0,9
1851.0,9
1852.0,9
1853.0,9
1855.0,9
1856.0,9
1857.0,9
1857.0,9
1858.0,9
1858.0,9
1858.0,9
1861.0,9
1861.0,9
1862.0,9
1863.0,9
1863.0,9
1864.0,9
1868.0,9
1870.0,9
1870.0,9
1872.0,9
1872.0,9
1872.0,9
1874.0,9
1882.0,9
1883.0,9
1885.0,9
1885.0,9
1888.0,9
1893.0,9
1894.0,9
1895.0,9
1896.0,9
1896.0,9
1896.0,9
1898.0,9
1899.0,9
1899.0,9
1900.0,9
1901.0,9
1904.0,9
1905.0,9
1905.0,9
1907.0,9
1908.0,9
1911.0,9
1912.0,9
1915.0,9
1917.0,9
1918.0,9
1919.0,9
1920.0,9
1921.0,9
1923.0,9
1923.0,9
1924.0,9
1925.0,9
1927.0,9
1927.0,9
1927.0,9
1931.0,9
1932.0,9
1933.0,9
1935.0,9
1935.0,9
1936.0,9
1936.0,9
1939.0,9
1939.0,9
1941.0,9
1942.0,9
1943.0,9
1944.0,9
1944.0,9
1945.0,9
1945.0,9
1946.0,9
1947.0,9
1948.0,9
1948.0,9
1953.0,9
1953.0,9
1954.0,9
1955.0,9
1955.0,9
1956.0,9
1957.0,9
1958.0,9
1958.0,9
1963.0,9
1964.0,9
1970.0,9
1970.0,9
1971.0,9
1972.0,9
1973.0,9
1975.0,9
1975.0,9
1975.0,9
1976.0,9
1977.0,9
1978.0,9
1980.0,9
1982.0,9
1982.0,9
1982.0,9
1982.0,9
1984.0,9
1984.0,9
1986.0,9
1987.0,9
1993.0,9
1994.0,9
1994.0,9
1998.0,9
2001.0,9
2003.0,9
2003.0,9
2006.0,9
2007.0,9
2008.0,9
2009.0,9
2009.0,9
2009.0,9
2013.0,9
2014.0,9
2015.0,9
2016.0,9
2020.0,9
2021.0,9
2022.0,9
2023.0,9
2024.0,9
2025.0,9
2025.0,9
2026.0,9
2031.0,9
2031.0,9
2032.0,9
2033.0,9
2033.0,9
2036.0,9
2036.0,9
2038.0,9
2040.0,9
2043.0,9
2043.0,9
2045.0,9
2045.0,9
2045.0,9
2046.0,9
2047.0,9
2047.0,9
2047.0,9
2050.0,9
2052.0,9
2052.0,9
2053.0,9
2054.0,9
2054.0,9
2056.0,9
2060.0,9
2062.0,9
2062.0,9
2063.0,9
2063.0,9
2064.0,9
2064.0,9
2065.0,9
2066.0,9
2067.0,9
2067.0,9
2068.0,9
2069.0,9
2069.0,9
2069.0,9
2070.0,9
2071.0,9
2071.0,9
2072.0,9
2074.0,9
2074.0,9
2075.0,9
2076.0,9
2077.0,9
2078.0,9
2079.0,9
2080.0,9
2082.0,9
2084.0,9
2084.0,9
2085.0,9
2087.0,9
2087.0,9
2089.0,9
2090.0,9
2094.0,9
2096.0,9
2100.0,9
2100.0,9
2100.0,9
2103.0,9
2108.0,9
2108.0,9
2109.0,9
2109.0,9
2111.0,9
2111.0,9
2111.0,9
2112.0,9
2113.0,9
2113.0,9
2115.0,9
2116.0,9
2118.0,9
2119.0,9
2120.0,9
2121.0,9
2122.0,9
2122.0,9
2123.0,9
2123.0,9
2125.0,9
2126.0,9
2126.0,9
2127.0,9
2129.0,9
2130.0,9
2133.0,9
2133.0,9
2135.0,9
2135.0,9
2138.0,9
2138.0,9
2139.0,9
2140.0,9
2142.0,9
2143.0,9
2144.0,9
2145.0,9
2146.0,9
2146.0,9
2147.0,9
2147.0,9
2150.0,9
2155.0,9
2156.0,9
2158.0,9
2158.0,9
2159.0,9
2159.0,9
2159.0,9
2159.0,9
2162.0,9
2164.0,9
2165.0,9
2165.0,9
2166.0,9
2168.0,9
2168.0,9
2168.0,9
2169.0,9
2170.0,9
2174.0,9
2180.0,9
2183.0,9
2184.0,9
2186.0,9
2188.0,9
2190.0,9
2191.0,9
2192.0,9
2194.0,9
2195.0,9
2197.0,9
2199.0,9
2199.0,9
2202.0,9
2203.0,9
2205.0,9
2207.0,9
2213.0,9
2216.0,9
2218.0,9
2220.0,9
2222.0,9
2222.0,9
2222.0,9
2223.0,9
2223.0,9
2223.0,9
2224.0,9
2225.0,9
2226.0,9
2227.0,9
2228.0,9
2230.0,9
2231.0,9
2231.0,9
2232.0,9
2232.0,9
2234.0,9
2234.0,9
2236.0,9
2238.0,9
2240.0,9
2241.0,9
2242.0,9
2243.0,9
2245.0,9
2247.0,9
2249.0,9
2249.0,9
2250.0,9
2253.0,9
2256.0,9
2257.0,9
2260.0,9
2261.0,9
2261.0,9
2262.0,9
2263.0,9
2265.0,9
2267.0,9
2269.0,9
2270.0,9
2272.0,9
2273.0,9
2276.0,9
2280.0,9
2280.0,9
2281.0,9
2282.0,9
2282.0,9
2284.0,9
2284.0,9
2284.0,9
2285.0,9
2285.0,9
2290.0,9
2294.0,9
2295.0,9
2295.0,9
2296.0,9
2297.0,9
2298.0,9
2300.0,9
2300.0,9
2304.0,9
2304.0,9
2305.0,9
2306.0,9
2307.0,9
2308.0,9
2309.0,9
2311.0,9
2312.0,9
2313.0,9
2314.0,9
2315.0,9
2315.0,9
2317.0,9
2318.0,9
2318.0,9
2319.0,9
2320.0,9
2323.0,9
2324.0,9
2324.0,9
2326.0,9
2327.0,9
2330.0,9
2332.0,9
2332.0,9
2338.0,9
2338.0,9
2339.0,9
2341.0,9
2345.0,9
2349.0,9
2349.0,9
2350.0,9
2353.0,9
2354.0,9
2355.0,9
2357.0,9
2358.0,9
2358.0,9
2359.0,9
2360.0,9
2361.0,9
2363.0,9
2364.0,9
2364.0,9
2366.0,9
2370.0,9
2371.0,9
2372.0,9
2372.0,9
2373.0,9
2377.0,9
2380.0,9
2384.0,9
2386.0,9
2386.0,9
2386.0,9
2387.0,9
2394.0,9
2396.0,9
2398.0,9
2400.0,9
2400.0,9
2402.0,9
2402.0,9
2403.0,9
2403.0,9
2408.0,9
2408.0,9
2409.0,9
2410.0,9
2410.0,9
2411.0,9
2412.0,9
2413.0,9
2413.0,9
2415.0,9
2418.0,9
2419.0,9
2421.0,9
2423.0,9
2423.0,9
2429.0,9
2430.0,9
2433.0,9
2434.0,9
2434.0,9
2435.0,9
2437.0,9
2438.0,9
2440.0,9
2442.0,9
2443.0,9
2447.0,9
2449.0,9
2452.0,9
2453.0,9
2455.0,9
2456.0,9
2457.0,9
2459.0,9
2464.0,9
2465.0,9
2466.0,9
2467.0,9
2467.0,9
2468.0,9
2469.0,9
2470.0,9
2472.0,9
2473.0,9
2474.0,9
2478.0,9
2478.0,9
2479.0,9
2482.0,9
2482.0,9
2483.0,9
2488.0,9
2488.0,9
2489.0,9
2490.0,9
2494.0,9
2494.0,9
2495.0,9
2495.0,9
2498.0,9
2498.0,9
2499.0,9
2500.0,9
2501.0,9
2502.0,9
2503.0,9
2505.0,9
2506.0,9
2510.0,9
2511.0,9
2513.0,9
2514.0,9
2514.0,9
2515.0,9
2516.0,9
2517.0,9
2518.0,9
2519.0,9
2520.0,9
2523.0,9
2524.0,9
2528.0,9
2532.0,9
2533.0,9
2533.0,9
2534.0,9
2535.0,9
2536.0,9
2537.0,9
2537.0,9
2540.0,9
2541.0,9
2541.0,9
2545.0,9
2547.0,9
2547.0,9
2547.0,9
2548.0,9
2548.0,9
2549.0,9
2549.0,9
2549.0,9
2553.0,9
2554.0,9
2556.0,9
2559.0,9
2563.0,9
2564.0,9
2564.0,9
2564.0,9
2566.0,9
2566.0,9
2567.0,9
2567.0,9
2569.0,9
2571.0,9
2572.0,9
2572.0,9
2574.0,9
2575.0,9
2575.0,9
2576.0,9
2576.0,9
2579.0,9
2579.0,9
2582.0,9
2583.0,9
2586.0,9
2587.0,9
2587.0,9
2588.0,9
2588.0,9
2589.0,9
2594.0,9
2595.0,9
2597.0,9
2598.0,9
2599.0,9
2601.0,9
2602.0,9
2602.0,9
2603.0,9
2603.0,9
2605.0,9
2610.0,9
2611.0,9
2612.0,9
2613.0,9
2615.0,9
2616.0,9
2616.0,9
2617.0,9
2617.0,9
2619.0,9
2620.0,9
2620.0,9
2621.0,9
2621.0,9
2625.0,9
2628.0,9
2628.0,9
2630.0,9
2630.0,9
2630.0,9
2632.0,9
2633.0,9
2634.0,9
2636.0,9
2637.0,9
2638.0,9
2640.0,9
2641.0,9
2645.0,9
2645.0,9
2645.0,9
2648.0,9
2648.0,9
2650.0,9
2653.0,9
2653.0,9
2655.0,9
2656.0,9
2656.0,9
2657.0,9
2660.0,9
2663.0,9
2664.0,9
2664.0,9
2665.0,9
2665.0,9
2665.0,9
2666.0,9
2667.0,9
2669.0,9
2671.0,9
2672.0,9
2673.0,9
2675.0,9
2676.0,9
2677.0,9
2678.0,9
2680.0,9
2681.0,9
2681.0,9
2683.0,9
2688.0,9
2691.0,9
2693.0,9
2695.0,9
2698.0,9
2700.0,9
2701.0,9
2704.0,9
2705.0,9
2706.0,9
2709.0,9
2710.0,9
2710.0,9
2711.0,9
2712.0,9
2712.0,9
2714.0,9
2714.0,9
2715.0,9
2716.0,9
2719.0,9
2719.0,9
2720.0,9
2722.0,9
2723.0,9
2723.0,9
2723.0,9
2724.0,9
2725.0,9
2727.0,9
2727.0,9
2727.0,9
2728.0,9
2729.0,9
2729.0,9
2729.0,9
2729.0,9
2730.0,9
2730.0,9
2731.0,9
2731.0,9
2732.0,9
2733.0,9
2733.0,9
2733.0,9
2737.0,9
2737.0,9
2739.0,9
2740.0,9
2745.0,9
2746.0,9
2746.0,9
2747.0,9
2748.0,9
2750.0,9
2752.0,9
2754.0,9
2755.0,9
2755.0,9
2756.0,9
2758.0,9
2759.0,9
2760.0,9
2762.0,9
2762.0,9
2763.0,9
2764.0,9
2764.0,9
2765.0,9
2767.0,9
2768.0,9
2768.0,9
2770.0,9
2771.0,9
2772.0,9
2772.0,9
2775.0,9
2775.0,9
2780.0,9
2780.0,9
2780.0,9
2781.0,9
2783.0,9
2784.0,9
2785.0,9
2786.0,9
2786.0,9
2788.0,9
2790.0,9
2791.0,9
2792.0,9
2794.0,9
2794.0,9
2797.0,9
2798.0,9
2802.0,9
2804.0,9
2806.0,9
2807.0,9
2807.0,9
2808.0,9
2808.0,9
2808.0,9
2809.0,9
2810.0,9
2811.0,9
2813.0,9
2814.0,9
2815.0,9
2816.0,9
2817.0,9
2819.0,9
2819.0,9
2819.0,9
2820.0,9
2822.0,9
2822.0,9
2823.0,9
2825.0,9
2826.0,9
2826.0,9
2827.0,9
2827.0,9
2828.0,9
2828.0,9
2828.0,9
2831.0,9
2831.0,9
2832.0,9
2835.0,9
2837.0,9
2838.0,9
2840.0,9
2841.0,9
2844.0,9
2844.0,9
2845.0,9
2847.0,9
2847.0,9
2848.0,9
2849.0,9
2850.0,9
2851.0,9
2852.0,9
2854.0,9
2856.0,9
2856.0,9
2858.0,9
2859.0,9
2861.0,9
2864.0,9
2866.0,9
2867.0,9
2868.0,9
2871.0,9
2872.0,9
2873.0,9
2874.0,9
2874.0,9
2875.0,9
2876.0,9
2878.0,9
2879.0,9
2879.0,9
2880.0,9
2881.0,9
2883.0,9
2883.0,9
2885.0,9
2886.0,9
2887.0,9
2887.0,9
2890.0,9
2890.0,9
2896.0,9
2899.0,9
2900.0,9
2900.0,9
2901.0,9
2903.0,9
2904.0,9
2905.0,9
2906.0,9
2907.0,9
2908.0,9
2909.0,9
2910.0,9
2911.0,9
2912.0,9
2913.0,9
2914.0,9
2915.0,9
2916.0,9
2917.0,9
2918.0,9
2919.0,9
2923.0,9
2925.0,9
2925.0,9
2926.0,9
2929.0,9
2931.0,9
2932.0,9
2933.0,9
2933.0,9
2934.0,9
2935.0,9
2935.0,9
2936.0,9
2937.0,9
2938.0,9
2938.0,9
2945.0,9
2946.0,9
2947.0,9
2949.0,9
2950.0,9
2951.0,9
2953.0,9
2953.0,9
2954.0,9
2956.0,9
2956.0,9
2959.0,9
2960.0,9
2963.0,9
2964.0,9
2968.0,9
2969.0,9
2971.0,9
2972.0,9
2972.0,9
2973.0,9
2975.0,9
2978.0,9
2979.0,9
2979.0,9
2981.0,9
2982.0,9
2983.0,9
2983.0,9
2983.0,9
2986.0,9
2986.0,9
2987.0,9
2987.0,9
2988.0,9
2991.0,9
2992.0,9
2993.0,9
2994.0,9
2995.0,9
2997.0,9
2997.0,9
2999.0,9
3000.0,9
3001.0,9
3002.0,9
3004.0,9
3005.0,9
3005.0,9
3005.0,9
3006.0,9
3006.0,9
3008.0,9
3008.0,9
3009.0,9
3011.0,9
3018.0,9
3019.0,9
3021.0,9
3022.0,9
3022.0,9
3023.0,9
3030.0,9
3034.0,9
3035.0,9
3036.0,9
3040.0,9
3042.0,9
3045.0,9
3045.0,9
3045.0,9
3047.0,9
3049.0,9
3049.0,9
3049.0,9
3051.0,9
3052.0,9
3052.0,9
3057.0,9
3057.0,9
3058.0,9
3058.0,9
3060.0,9
3061.0,9
3064.0,9
3064.0,9
3065.0,9
3069.0,9
3069.0,9
3069.0,9
3071.0,9
3071.0,9
3071.0,9
3073.0,9
3075.0,9
3076.0,9
3078.0,9
3078.0,9
3078.0,9
3079.0,9
3080.0,9
3081.0,9
3082.0,9
3083.0,9
3084.0,9
3085.0,9
3088.0,9
3089.0,9
3094.0,9
3095.0,9
3096.0,9
3099.0,9
3099.0,9
3100.0,9
3102.0,9
3103.0,9
3104.0,9
3104.0,9
3104.0,9
3105.0,9
3106.0,9
3107.0,9
3108.0,9
3111.0,9
3111.0,9
3114.0,9
3114.0,9
3116.0,9
3116.0,9
3117.0,9
3119.0,9
3119.0,9
3120.0,9
3122.0,9
3122.0,9
3124.0,9
3126.0,9
3126.0,9
3127.0,9
3127.0,9
3129.0,9
3130.0,9
3133.0,9
3133.0,9
3135.0,9
3135.0,9
3137.0,9
3137.0,9
3138.0,9
3140.0,9
3140.0,9
3141.0,9
3143.0,9
3143.0,9
3144.0,9
3147.0,9
3147.0,9
3148.0,9
3151.0,9
3151.0,9
3153.0,9
3154.0,9
3157.0,9
3158.0,9
3159.0,9
3159.0,9
3160.0,9
3162.0,9
3163.0,9
3163.0,9
3164.0,9
3165.0,9
3166.0,9
3166.0,9
3166.0,9
3168.0,9
3170.0,9
3171.0,9
3173.0,9
3174.0,9
3175.0,9
3180.0,9
3181.0,9
3185.0,9
3190.0,9
3191.0,9
3194.0,9
3195.0,9
3196.0,9
3197.0,9
3197.0,9
3198.0,9
3200.0,9
3203.0,9
3205.0,9
3206.0,9
3206.0,9
3208.0,9
3209.0,9
3209.0,9
3210.0,9
3210.0,9
3210.0,9
3210.0,9
3214.0,9
3217.0,9
3217.0,9
3218.0,9
3220.0,9
3222.0,9
3223.0,9
3223.0,9
3225.0,9
3227.0,9
3228.0,9
3229.0,9
3230.0,9
3231.0,9
3232.0,9
3237.0,9
3237.0,9
3238.0,9
3239.0,9
3239.0,9
3240.0,9
3240.0,9
3243.0,9
3244.0,9
3250.0,9
3251.0,9
3252.0,9
3252.0,9
3252.0,9
3253.0,9
3253.0,9
3255.0,9
3256.0,9
3257.0,9
3257.0,9
3259.0,9
3260.0,9
3262.0,9
3263.0,9
3264.0,9
3266.0,9
3266.0,9
3266.0,9
3267.0,9
3268.0,9
3268.0,9
3269.0,9
3273.0,9
3274.0,9
3276.0,9
3277.0,9
3279.0,9
3280.0,9
3283.0,9
3286.0,9
3288.0,9
3290.0,9
3291.0,9
3292.0,9
3292.0,9
3293.0,9
3294.0,9
3295.0,9
3297.0,9
3298.0,9
3299.0,9
3300.0,9
3300.0,9
3301.0,9
3302.0,9
3302.0,9
3303.0,9
3305.0,9
3305.0,9
3306.0,9
3307.0,9
3308.0,9
3311.0,9
3312.0,9
3312.0,9
3313.0,9
3313.0,9
3314.0,9
3316.0,9
3316.0,9
3321.0,9
3322.0,9
3323.0,9
3323.0,9
3324.0,9
3326.0,9
3327.0,9
3327.0,9
3335.0,9
3336.0,9
3336.0,9
3337.0,9
3338.0,9
3340.0,9
3342.0,9
3342.0,9
3342.0,9
3343.0,9
3344.0,9
3344.0,9
3345.0,9
3346.0,9
3346.0,9
3348.0,9
3350.0,9
3351.0,9
3352.0,9
3353.0,9
3354.0,9
3354.0,9
3356.0,9
3358.0,9
3359.0,9
3360.0,9
3360.0,9
3360.0,9
3364.0,9
3365.0,9
3365.0,9
3365.0,9
3368.0,9
3369.0,9
3371.0,9
3372.0,9
3374.0,9
3374.0,9
3376.0,9
3378.0,9
3379.0,9
3381.0,9
3384.0,9
3386.0,9
3387.0,9
3388.0,9
3388.0,9
3388.0,9
3390.0,9
3391.0,9
3392.0,9
3392.0,9
3393.0,9
3393.0,9
3394.0,9
3394.0,9
3396.0,9
3396.0,9
3397.0,9
3397.0,9
3398.0,9
3399.0,9
3399.0,9
3399.0,9
3400.0,9
3401.0,9
3402.0,9
3403.0,9
3404.0,9
3404.0,9
3405.0,9
3405.0,9
3407.0,9
3407.0,9
3408.0,9
3409.0,9
3411.0,9
3412.0,9
3415.0,9
3415.0,9
3417.0,9
3417.0,9
3418.0,9
3419.0,9
3420.0,9
3420.0,9
3421.0,9
3421.0,9
3422.0,9
3422.0,9
3423.0,9
3424.0,9
3424.0,9
3426.0,9
3427.0,9
3428.0,9
3429.0,9
3430.0,9
3430.0,9
3431.0,9
3432.0,9
3434.0,9
3435.0,9
3438.0,9
3441.0,9
3441.0,9
3442.0,9
3443.0,9
3443.0,9
3443.0,9
3444.0,9
3450.0,9
3450.0,9
3455.0,9
3458.0,9
3461.0,9
3462.0,9
3464.0,9
3465.0,9
3465.0,9
3466.0,9
3467.0,9
3470.0,9
3471.0,9
3472.0,9
3473.0,9
3475.0,9
3477.0,9
3478.0,9
3481.0,9
3481.0,9
3481.0,9
3482.0,9
3483.0,9
3485.0,9
3486.0,9
3487.0,9
3488.0,9
3491.0,9
3492.0,9
3494.0,9
3495.0,9
3495.0,9
3497.0,9
3497.0,9
3497.0,9
3498.0,9
3500.0,9
3501.0,9
3503.0,9
3505.0,9
3510.0,9
3511.0,9
3512.0,9
3514.0,9
3515.0,9
3518.0,9
3519.0,9
3523.0,9
3523.0,9
3524.0,9
3524.0,9
3525.0,9
3526.0,9
3526.0,9
3527.0,9
3527.0,9
3527.0,9
3529.0,9
3534.0,9
3535.0,9
3538.0,9
3540.0,9
3541.0,9
3542.0,9
3543.0,9
3544.0,9
3544.0,9
3546.0,9
3548.0,9
3550.0,9
3550.0,9
3551.0,9
3552.0,9
3553.0,9
3554.0,9
3555.0,9
3555.0,9
3556.0,9
3557.0,9
3557.0,9
3558.0,9
3559.0,9
3560.0,9
3561.0,9
3562.0,9
3562.0,9
3563.0,9
3564.0,9
3567.0,9
3567.0,9
3570.0,9
3570.0,9
3573.0,9
3575.0,9
3576.0,9
3576.0,9
3577.0,9
3578.0,9
3580.0,9
3581.0,9
3585.0,9
3585.0,9
3589.0,9
3591.0,9
3592.0,9
3592.0,9
3595.0,9
3595.0,9
3597.0,9
3598.0,9
3598.0,9
3599.0,9
3601.0,9
3602.0,9
3603.0,9
3603.0,9
3604.0,9
3605.0,9
3605.0,9
3606.0,9
3606.0,9
3607.0,9
3609.0,9
3609.0,9
3611.0,9
3611.0,9
3611.0,9
3612.0,9
3613.0,9
3613.0,9
3614.0,9
3614.0,9
3615.0,9
3619.0,9
3619.0,9
3620.0,9
3620.0,9
3621.0,9
3624.0,9
3626.0,9
3627.0,9
3631.0,9
3632.0,9
3635.0,9
3636.0,9
3636.0,9
3637.0,9
3638.0,9
3639.0,9
3640.0,9
3641.0,9
3641.0,9
3642.0,9
3643.0,9
3644.0,9
3649.0,9
3650.0,9
3653.0,9
3655.0,9
3656.0,9
3657.0,9
3660.0,9
3660.0,9
3663.0,9
3665.0,9
3665.0,9
3666.0,9
3668.0,9
3669.0,9
3669.0,9
3671.0,9
3673.0,9
3674.0,9
3676.0,9
3678.0,9
3679.0,9
3680.0,9
3680.0,9
3681.0,9
3681.0,9
3683.0,9
3684.0,9
3684.0,9
3686.0,9
3687.0,9
3687.0,9
3689.0,9
3692.0,9
3692.0,9
3693.0,9
3693.0,9
3693.0,9
3694.0,9
3695.0,9
3699.0,9
3701.0,9
3702.0,9
3703.0,9
3704.0,9
3705.0,9
3705.0,9
3706.0,9
3712.0,9
3713.0,9
3715.0,9
3716.0,9
3717.0,9
3717.0,9
3718.0,9
3721.0,9
3722.0,9
3722.0,9
3723.0,9
3724.0,9
3724.0,9
3725.0,9
3726.0,9
3727.0,9
3729.0,9
3730.0,9
3733.0,9
3734.0,9
3735.0,9
3737.0,9
3738.0,9
3740.0,9
3742.0,9
3742.0,9
3743.0,9
3743.0,9
3745.0,9
3746.0,9
3747.0,9
3748.0,9
3748.0,9
3749.0,9
3750.0,9
3750.0,9
3750.0,9
3751.0,9
3752.0,9
3752.0,9
3752.0,9
3753.0,9
3754.0,9
3756.0,9
3757.0,9
3757.0,9
3759.0,9
3759.0,9
3760.0,9
3761.0,9
3762.0,9
3763.0,9
3766.0,9
3767.0,9
3768.0,9
3768.0,9
3769.0,9
3770.0,9
3771.0,9
3773.0,9
3774.0,9
3775.0,9
3777.0,9
3778.0,9
3780.0,9
3781.0,9
3783.0,9
3786.0,9
3789.0,9
3789.0,9
3792.0,9
3792.0,9
3795.0,9
3796.0,9
3796.0,9
3799.0,9
3801.0,9
3802.0,9
3802.0,9
3803.0,9
3806.0,9
3807.0,9
3809.0,9
3810.0,9
3811.0,9
3812.0,9
3815.0,9
3815.0,9
3816.0,9
3817.0,9
3817.0,9
3818.0,9
3818.0,9
3819.0,9
3819.0,9
3819.0,9
3819.0,9
3821.0,9
3821.0,9
3822.0,9
3823.0,9
3824.0,9
3826.0,9
3828.0,9
3829.0,9
3832.0,9
3833.0,9
3834.0,9
3835.0,9
3837.0,9
3839.0,9
3840.0,9
3841.0,9
3841.0,9
3843.0,9
3848.0,9
3849.0,9
3850.0,9
3850.0,9
3851.0,9
3852.0,9
3853.0,9
3863.0,9
3867.0,9
3871.0,9
3873.0,9
3873.0,9
3875.0,9
3875.0,9
3876.0,9
3878.0,9
3879.0,9
3880.0,9
3881.0,9
3885.0,9
3885.0,9
3885.0,9
3886.0,9
3888.0,9
3890.0,9
3890.0,9
3890.0,9
3891.0,9
3896.0,9
3898.0,9
3899.0,9
3901.0,9
3905.0,9
3909.0,9
3911.0,9
3912.0,9
3912.0,9
3913.0,9
3914.0,9
3914.0,9
3916.0,9
3918.0,9
3918.0,9
3919.0,9
3926.0,9
3928.0,9
3929.0,9
3929.0,9
3931.0,9
3931.0,9
3932.0,9
3933.0,9
3936.0,9
3937.0,9
3938.0,9
3939.0,9
3940.0,9
3941.0,9
3942.0,9
3945.0,9
3948.0,9
3948.0,9
3950.0,9
3952.0,9
3952.0,9
3953.0,9
3954.0,9
3958.0,9
3961.0,9
3963.0,9
3964.0,9
3966.0,9
3966.0,9
3967.0,9
3967.0,9
3973.0,9
3975.0,9
3976.0,9
3977.0,9
3978.0,9
3979.0,9
3980.0,9
3984.0,9
3985.0,9
3986.0,9
3987.0,9
3989.0,9
3990.0,9
3990.0,9
3990.0,9
3991.0,9
3997.0,9
3998.0,9
3999.0,9
4000.0,9
4000.0,9
4003.0,9
4003.0,9
4004.0,9
4005.0,9
4005.0,9
4006.0,9
4006.0,9
4007.0,9
4008.0,9
4009.0,9
4011.0,9
4012.0,9
4013.0,9
4013.0,9
4014.0,9
4015.0,9
4017.0,9
4018.0,9
4020.0,9
4022.0,9
4025.0,9
4026.0,9
4026.0,9
4028.0,9
4031.0,9
4031.0,9
4032.0,9
4032.0,9
4033.0,9
4034.0,9
4035.0,9
4037.0,9
4038.0,9
4038.0,9
4039.0,9
4040.0,9
4040.0,9
4041.0,9
4043.0,9
4046.0,9
4046.0,9
4046.0,9
4048.0,9
4049.0,9
4051.0,9
4052.0,9
4052.0,9
4057.0,9
4058.0,9
4059.0,9
4060.0,9
4060.0,9
4064.0,9
4065.0,9
4065.0,9
4069.0,9
4071.0,9
4073.0,9
4077.0,9
4078.0,9
4078.0,9
4079.0,9
4080.0,9
4081.0,9
4082.0,9
4084.0,9
4085.0,9
4085.0,9
4086.0,9
4087.0,9
4088.0,9
4089.0,9
4090.0,9
4090.0,9
4091.0,9
4091.0,9
4092.0,9
4094.0,9
4094.0,9
4095.0,9
4098.0,9
4099.0,9
4100.0,9
4100.0,9
4101.0,9
4101.0,9
4102.0,9
4104.0,9
4104.0,9
4105.0,9
4106.0,9
4107.0,9
4108.0,9
4111.0,9
4112.0,9
4113.0,9
4114.0,9
4114.0,9
4117.0,9
4118.0,9
4119.0,9
4120.0,9
4121.0,9
4122.0,9
4124.0,9
4126.0,9
4126.0,9
4127.0,9
4130.0,9
4130.0,9
4130.0,9
4131.0,9
4131.0,9
4133.0,9
4135.0,9
4135.0,9
4136.0,9
4143.0,9
4143.0,9
4145.0,9
4146.0,9
4152.0,9
4153.0,9
4155.0,9
4156.0,9
4157.0,9
4158.0,9
4158.0,9
4161.0,9
4162.0,9
4163.0,9
4163.0,9
4166.0,9
4169.0,9
4170.0,9
4170.0,9
4171.0,9
4171.0,9
4175.0,9
4177.0,9
4177.0,9
4178.0,9
4179.0,9
4180.0,9
4182.0,9
4183.0,9
4183.0,9
4185.0,9
4186.0,9
4187.0,9
4188.0,9
4190.0,9
4192.0,9
4192.0,9
4193.0,9
4194.0,9
4195.0,9
4197.0,9
4197.0,9
4198.0,9
4200.0,9
4200.0,9
4203.0,9
4204.0,9
4206.0,9
4208.0,9
4208.0,9
4211.0,9
4211.0,9
4212.0,9
4212.0,9
4213.0,9
4215.0,9
4216.0,9
4218.0,9
4219.0,9
4221.0,9
4221.0,9
4222.0,9
4222.0,9
4223.0,9
4223.0,9
4224.0,9
4225.0,9
4227.0,9
4230.0,9
4230.0,9
4232.0,9
4234.0,9
4234.0,9
4234.0,9
4235.0,9
4236.0,9
4237.0,9
4238.0,9
4239.0,9
4242.0,9
4243.0,9
4245.0,9
4247.0,9
4248.0,9
4248.0,9
4249.0,9
4249.0,9
4251.0,9
4252.0,9
4255.0,9
4255.0,9
4256.0,9
4262.0,9
4262.0,9
4263.0,9
4265.0,9
4268.0,9
4269.0,9
4271.0,9
4271.0,9
4272.0,9
4273.0,9
4273.0,9
4273.0,9
4274.0,9
4275.0,9
4276.0,9
4276.0,9
4277.0,9
4278.0,9
4279.0,9
4280.0,9
4280.0,9
4281.0,9
4281.0,9
4281.0,9
4281.0,9
4282.0,9
4283.0,9
4283.0,9
4283.0,9
4284.0,9
4287.0,9
4290.0,9
4291.0,9
4292.0,9
4293.0,9
4296.0,9
4299.0,9
4300.0,9
4300.0,9
4303.0,9
4303.0,9
4304.0,9
4306.0,9
4307.0,9
4308.0,9
4309.0,9
4311.0,9
4313.0,9
4316.0,9
4317.0,9
4317.0,9
4318.0,9
4319.0,9
4323.0,9
4324.0,9
4325.0,9
4329.0,9
4330.0,9
4331.0,9
4334.0,9
4335.0,9
4337.0,9
4339.0,9
4340.0,9
4342.0,9
4342.0,9
4344.0,9
4347.0,9
4348.0,9
4350.0,9
4350.0,9
4351.0,9
4352.0,9
4352.0,9
4354.0,9
4355.0,9
4357.0,9
4359.0,9
4360.0,9
4360.0,9
4361.0,9
4361.0,9
4363.0,9
4366.0,9
4367.0,9
4368.0,9
4368.0,9
4369.0,9
4371.0,9
4376.0,9
4376.0,9
4378.0,9
4379.0,9
4381.0,9
4381.0,9
4382.0,9
4384.0,9
4384.0,9
4388.0,9
4389.0,9
4390.0,9
4391.0,9
4392.0,9
4394.0,9
4395.0,9
4396.0,9
4396.0,9
4398.0,9
4399.0,9
4401.0,9
4403.0,9
4403.0,9
4404.0,9
4404.0,9
4405.0,9
4406.0,9
4408.0,9
4409.0,9
4409.0,9
4410.0,9
4411.0,9
4411.0,9
4412.0,9
4413.0,9
4414.0,9
4414.0,9
4416.0,9
4416.0,9
4417.0,9
4417.0,9
4418.0,9
4418.0,9
4419.0,9
4420.0,9
4421.0,9
4422.0,9
4422.0,9
4422.0,9
4426.0,9
4427.0,9
4427.0,9
4428.0,9
4429.0,9
4430.0,9
4431.0,9
4432.0,9
4433.0,9
4434.0,9
4436.0,9
4439.0,9
4441.0,9
4441.0,9
4442.0,9
4445.0,9
4446.0,9
4447.0,9
4449.0,9
4450.0,9
4453.0,9
4454.0,9
4455.0,9
4456.0,9
4456.0,9
4458.0,9
4458.0,9
4459.0,9
4460.0,9
4460.0,9
4462.0,9
4462.0,9
4464.0,9
4465.0,9
4465.0,9
4465.0,9
4466.0,9
4467.0,9
4467.0,9
4467.0,9
4472.0,9
4475.0,9
4475.0,9
4476.0,9
4476.0,9
4478.0,9
4478.0,9
4478.0,9
4480.0,9
4482.0,9
4485.0,9
4487.0,9
4487.0,9
4487.0,9
4489.0,9
4489.0,9
4491.0,9
4493.0,9
4494.0,9
4495.0,9
4496.0,9
4496.0,9
4497.0,9
4498.0,9
4498.0,9
4499.0,9
4500.0,9
4501.0,9
4502.0,9
4502.0,9
4503.0,9
4507.0,9
4508.0,9
4509.0,9
4512.0,9
4512.0,9
4514.0,9
4514.0,9
4518.0,9
4518.0,9
4519.0,9
4520.0,9
4521.0,9
4521.0,9
4522.0,9
4522.0,9
4523.0,9
4523.0,9
4525.0,9
4526.0,9
4526.0,9
4526.0,9
4529.0,9
4531.0,9
4532.0,9
4532.0,9
4539.0,9
4539.0,9
4540.0,9
4541.0,9
4541.0,9
4543.0,9
4543.0,9
4544.0,9
4545.0,9
4550.0,9
4550.0,9
4551.0,9
4554.0,9
4554.0,9
4556.0,9
4557.0,9
4558.0,9
4559.0,9
4560.0,9
4562.0,9
4562.0,9
4563.0,9
4563.0,9
4564.0,9
4565.0,9
4566.0,9
4567.0,9
4567.0,9
4568.0,9
4568.0,9
4572.0,9
4572.0,9
4576.0,9
4576.0,9
4579.0,9
4579.0,9
4580.0,9
4582.0,9
4583.0,9
4583.0,9
4585.0,9
4590.0,9
4592.0,9
4593.0,9
4594.0,9
4594.0,9
4595.0,9
4595.0,9
4596.0,9
4597.0,9
4598.0,9
4598.0,9
4599.0,9
4599.0,9
4600.0,9
4601.0,9
4604.0,9
4605.0,9
4607.0,9
4609.0,9
4610.0,9
4614.0,9
4615.0,9
4616.0,9
4618.0,9
4618.0,9
4619.0,9
4622.0,9
4623.0,9
4624.0,9
4624.0,9
4625.0,9
4626.0,9
4626.0,9
4626.0,9
4627.0,9
4629.0,9
4630.0,9
4630.0,9
4631.0,9
4636.0,9
4637.0,9
4638.0,9
4639.0,9
4640.0,9
4640.0,9
4642.0,9
4646.0,9
4648.0,9
4648.0,9
4650.0,9
4650.0,9
4651.0,9
4652.0,9
4652.0,9
4653.0,9
4654.0,9
4658.0,9
4659.0,9
4659.0,9
4660.0,9
4661.0,9
4661.0,9
4662.0,9
4663.0,9
4664.0,9
4664.0,9
4668.0,9
4672.0,9
4673.0,9
4673.0,9
4673.0,9
4674.0,9
4677.0,9
4678.0,9
4679.0,9
4679.0,9
4680.0,9
4680.0,9
4683.0,9
4684.0,9
4685.0,9
4686.0,9
4686.0,9
4687.0,9
4688.0,9
4689.0,9
4690.0,9
4691.0,9
4695.0,9
4698.0,9
4698.0,9
4699.0,9
4700.0,9
4701.0,9
4702.0,9
4703.0,9
4703.0,9
4703.0,9
4705.0,9
4706.0,9
4707.0,9
4709.0,9
4711.0,9
4711.0,9
4711.0,9
4713.0,9
4714.0,9
4714.0,9
4716.0,9
4719.0,9
4719.0,9
4719.0,9
4720.0,9
4721.0,9
4722.0,9
4722.0,9
4723.0,9
4724.0,9
4727.0,9
4731.0,9
4733.0,9
4733.0,9
4735.0,9
4736.0,9
4737.0,9
4739.0,9
4739.0,9
4740.0,9
4741.0,9
4741.0,9
4742.0,9
4743.0,9
4744.0,9
4744.0,9
4744.0,9
4747.0,9
4747.0,9
4748.0,9
4750.0,9
4751.0,9
4751.0,9
4751.0,9
4753.0,9
4756.0,9
4757.0,9
4758.0,9
4758.0,9
4759.0,9
4761.0,9
4762.0,9
4762.0,9
4767.0,9
4768.0,9
4768.0,9
4768.0,9
4769.0,9
4769.0,9
4775.0,9
4776.0,9
4777.0,9
4779.0,9
4782.0,9
4782.0,9
4784.0,9
4786.0,9
4788.0,9
4788.0,9
4789.0,9
4791.0,9
4792.0,9
4792.0,9
4793.0,9
4793.0,9
4794.0,9
4795.0,9
4796.0,9
4797.0,9
4797.0,9
4798.0,9
4800.0,9
4801.0,9
4802.0,9
4802.0,9
4802.0,9
4805.0,9
4806.0,9
4806.0,9
4807.0,9
4808.0,9
4808.0,9
4810.0,9
4811.0,9
4812.0,9
4814.0,9
4815.0,9
4816.0,9
4817.0,9
4818.0,9
4824.0,9
4827.0,9
4828.0,9
4828.0,9
4829.0,9
4829.0,9
4830.0,9
4833.0,9
4834.0,9
4836.0,9
4839.0,9
4840.0,9
4841.0,9
4843.0,9
4843.0,9
4845.0,9
4846.0,9
4847.0,9
4848.0,9
4851.0,9
4851.0,9
4852.0,9
4853.0,9
4854.0,9
4860.0,9
4860.0,9
4861.0,9
4862.0,9
4864.0,9
4866.0,9
4867.0,9
4868.0,9
4869.0,9
4871.0,9
4875.0,9
4876.0,9
4877.0,9
4877.0,9
4879.0,9
4880.0,9
4881.0,9
4882.0,9
4882.0,9
4882.0,9
4884.0,9
4885.0,9
4886.0,9
4886.0,9
4887.0,9
4888.0,9
4891.0,9
4892.0,9
4892.0,9
4894.0,9
4895.0,9
4895.0,9
4896.0,9
4896.0,9
4897.0,9
4898.0,9
4899.0,9
4900.0,9
4900.0,9
4901.0,9
4902.0,9
4903.0,9
4906.0,9
4907.0,9
4909.0,9
4911.0,9
4915.0,9
4916.0,9
4917.0,9
4917.0,9
4918.0,9
4918.0,9
4918.0,9
4920.0,9
4920.0,9
4921.0,9
4923.0,9
4927.0,9
4927.0,9
4928.0,9
4929.0,9
4931.0,9
4932.0,9
4934.0,9
4935.0,9
4936.0,9
4936.0,9
4937.0,9
4939.0,9
4939.0,9
4942.0,9
4942.0,9
4942.0,9
4943.0,9
4944.0,9
4945.0,9
4946.0,9
4946.0,9
4947.0,9
4948.0,9
4950.0,9
4951.0,9
4951.0,9
4956.0,9
4956.0,9
4961.0,9
4962.0,9
4963.0,9
4963.0,9
4964.0,9
4966.0,9
4969.0,9
4969.0,9
4970.0,9
4972.0,9
4973.0,9
4973.0,9
4974.0,9
4975.0,9
4976.0,9
4977.0,9
4980.0,9
4980.0,9
4980.0,9
4981.0,9
4982.0,9
4982.0,9
4984.0,9
4987.0,9
4987.0,9
4988.0,9
4990.0,9
4991.0,9
4991.0,9
4995.0,9
4997.0,9
4997.0,9
4998.0,9
5001.0,9
5002.0,9
5003.0,9
5007.0,9
5007.0,9
5007.0,9
5009.0,9
5011.0,9
5011.0,9
5012.0,9
5014.0,9
5015.0,9
5016.0,9
5016.0,9
5018.0,9
5019.0,9
5020.0,9
5020.0,9
5021.0,9
5021.0,9
5022.0,9
5022.0,9
5023.0,9
5025.0,9
5027.0,9
5029.0,9
5030.0,9
5030.0,9
5031.0,9
5032.0,9
5032.0,9
5034.0,9
5038.0,9
5039.0,9
5040.0,9
5040.0,9
5040.0,9
5041.0,9
5043.0,9
5044.0,9
5047.0,9
5048.0,9
5049.0,9
5052.0,9
5054.0,9
5055.0,9
5057.0,9
5058.0,9
5058.0,9
5058.0,9
5059.0,9
5060.0,9
5061.0,9
5061.0,9
5061.0,9
5062.0,9
5062.0,9
5063.0,9
5063.0,9
5064.0,9
5064.0,9
5065.0,9
5065.0,9
5066.0,9
5067.0,9
5068.0,9
5068.0,9
5069.0,9
5069.0,9
5070.0,9
5070.0,9
5072.0,9
5073.0,9
5075.0,9
5075.0,9
5077.0,9
5079.0,9
5079.0,9
5083.0,9
5083.0,9
5083.0,9
5084.0,9
5085.0,9
5085.0,9
5086.0,9
5086.0,9
5087.0,9
5089.0,9
5090.0,9
5090.0,9
5091.0,9
5093.0,9
5095.0,9
5096.0,9
5098.0,9
5102.0,9
5102.0,9
5103.0,9
5103.0,9
5104.0,9
5105.0,9
5106.0,9
5108.0,9
5109.0,9
5109.0,9
5110.0,9
5112.0,9
5112.0,9
5112.0,9
5113.0,9
5115.0,9
5115.0,9
5117.0,9
5117.0,9
5117.0,9
5117.0,9
5121.0,9
5121.0,9
5122.0,9
5122.0,9
5123.0,9
5124.0,9
5124.0,9
5126.0,9
5129.0,9
5131.0,9
5132.0,9
5133.0,9
5134.0,9
5135.0,9
5136.0,9
5137.0,9
5139.0,9
5141.0,9
5143.0,9
5145.0,9
5145.0,9
5145.0,9
5146.0,9
5148.0,9
5148.0,9
5148.0,9
5149.0,9
5151.0,9
5151.0,9
5152.0,9
5153.0,9
5153.0,9
5156.0,9
5157.0,9
5160.0,9
5162.0,9
5164.0,9
5165.0,9
5166.0,9
5168.0,9
5169.0,9
5173.0,9
5174.0,9
5175.0,9
5176.0,9
5177.0,9
5183.0,9
5183.0,9
5185.0,9
5188.0,9
5188.0,9
5191.0,9
5193.0,9
5194.0,9
5195.0,9
5197.0,9
5197.0,9
5198.0,9
5199.0,9
5201.0,9
5203.0,9
5203.0,9
5204.0,9
5205.0,9
5206.0,9
5206.0,9
5206.0,9
5212.0,9
5212.0,9
5213.0,9
5214.0,9
5214.0,9
5214.0,9
5215.0,9
5215.0,9
5216.0,9
5219.0,9
5221.0,9
5223.0,9
5224.0,9
5224.0,9
5227.0,9
5228.0,9
5229.0,9
5229.0,9
5230.0,9
5231.0,9
5233.0,9
5234.0,9
5235.0,9
5238.0,9
5239.0,9
5240.0,9
5240.0,9
5242.0,9
5242.0,9
5242.0,9
5243.0,9
5243.0,9
5245.0,9
5245.0,9
5247.0,9
5249.0,9
5250.0,9
5252.0,9
5253.0,9
5254.0,9
5254.0,9
5258.0,9
5258.0,9
5259.0,9
5260.0,9
5260.0,9
5263.0,9
5264.0,9
5264.0,9
5265.0,9
5265.0,9
5266.0,9
5267.0,9
5268.0,9
5269.0,9
5271.0,9
5273.0,9
5277.0,9
5278.0,9
5278.0,9
5279.0,9
5279.0,9
5282.0,9
5284.0,9
5285.0,9
5289.0,9
5291.0,9
5291.0,9
5294.0,9
5295.0,9
5295.0,9
5296.0,9
5297.0,9
5298.0,9
5299.0,9
5300.0,9
5301.0,9
5302.0,9
5303.0,9
5304.0,9
5306.0,9
5307.0,9
5309.0,9
5310.0,9
5312.0,9
5312.0,9
5312.0,9
5315.0,9
5315.0,9
5316.0,9
5317.0,9
5319.0,9
5320.0,9
5320.0,9
5320.0,9
5324.0,9
5324.0,9
5324.0,9
5325.0,9
5326.0,9
5327.0,9
5328.0,9
5331.0,9
5332.0,9
5332.0,9
5332.0,9
5333.0,9
5335.0,9
5336.0,9
5338.0,9
5339.0,9
5339.0,9
5341.0,9
5341.0,9
5342.0,9
5344.0,9
5345.0,9
5345.0,9
5347.0,9
5349.0,9
5350.0,9
5351.0,9
5352.0,9
5353.0,9
5354.0,9
5354.0,9
5355.0,9
5357.0,9
5359.0,9
5360.0,9
5360.0,9
5362.0,9
5362.0,9
5362.0,9
5363.0,9
5363.0,9
5364.0,9
5366.0,9
5369.0,9
5371.0,9
5371.0,9
5372.0,9
5374.0,9
5377.0,9
5378.0,9
5378.0,9
5380.0,9
5382.0,9
5382.0,9
5383.0,9
5383.0,9
5385.0,9
5386.0,9
5389.0,9
5392.0,9
5393.0,9
5394.0,9
5395.0,9
5395.0,9
5396.0,9
5397.0,9
5399.0,9
5399.0,9
5401.0,9
5401.0,9
5401.0,9
5402.0,9
5402.0,9
5405.0,9
5405.0,9
5406.0,9
5406.0,9
5406.0,9
5407.0,9
5409.0,9
5410.0,9
5410.0,9
5411.0,9
5413.0,9
5417.0,9
5418.0,9
5420.0,9
5422.0,9
5424.0,9
5424.0,9
5425.0,9
5425.0,9
5426.0,9
5427.0,9
5429.0,9
5429.0,9
5435.0,9
5436.0,9
5437.0,9
5438.0,9
5441.0,9
5441.0,9
5444.0,9
5445.0,9
5445.0,9
5446.0,9
5447.0,9
5447.0,9
5448.0,9
5452.0,9
5454.0,9
5455.0,9
5455.0,9
5456.0,9
5457.0,9
5458.0,9
5458.0,9
5459.0,9
5460.0,9
5460.0,9
5460.0,9
5462.0,9
5462.0,9
5463.0,9
5464.0,9
5464.0,9
5466.0,9
5466.0,9
5466.0,9
5466.0,9
5467.0,9
5467.0,9
5469.0,9
5472.0,9
5473.0,9
5474.0,9
5474.0,9
5475.0,9
5476.0,9
5477.0,9
5477.0,9
5480.0,9
5486.0,9
5487.0,9
5487.0,9
5488.0,9
5489.0,9
5493.0,9
5494.0,9
5494.0,9
5495.0,9
5496.0,9
5497.0,9
5499.0,9
5500.0,9
5500.0,9
5502.0,9
5503.0,9
5503.0,9
5506.0,9
5506.0,9
5509.0,9
5511.0,9
5512.0,9
5513.0,9
5514.0,9
5515.0,9
5517.0,9
5518.0,9
5519.0,9
5520.0,9
5520.0,9
5521.0,9
5523.0,9
5524.0,9
5526.0,9
5527.0,9
5528.0,9
5528.0,9
5533.0,9
5533.0,9
5534.0,9
5536.0,9
5537.0,9
5538.0,9
5543.0,9
5545.0,9
5547.0,9
5548.0,9
5549.0,9
5551.0,9
5553.0,9
5553.0,9
5554.0,9
5554.0,9
5554.0,9
5556.0,9
5558.0,9
5558.0,9
5560.0,9
5562.0,9
5564.0,9
5564.0,9
5566.0,9
5567.0,9
5569.0,9
5569.0,9
5570.0,9
5572.0,9
5573.0,9
5574.0,9
5574.0,9
5574.0,9
5576.0,9
5577.0,9
5577.0,9
5578.0,9
5579.0,9
5581.0,9
5582.0,9
5583.0,9
5584.0,9
5587.0,9
5588.0,9
5589.0,9
5589.0,9
5590.0,9
5590.0,9
5591.0,9
5595.0,9
5596.0,9
5597.0,9
5597.0,9
5598.0,9
5599.0,9
5600.0,9
5602.0,9
5603.0,9
5604.0,9
5605.0,9
5607.0,9
5607.0,9
5612.0,9
5613.0,9
5615.0,9
5615.0,9
5616.0,9
5617.0,9
5617.0,9
5617.0,9
5618.0,9
5619.0,9
5620.0,9
5620.0,9
5621.0,9
5621.0,9
5622.0,9
5624.0,9
5625.0,9
5626.0,9
5629.0,9
5629.0,9
5629.0,9
5630.0,9
5631.0,9
5631.0,9
5634.0,9
5635.0,9
5636.0,9
5637.0,9
5637.0,9
5638.0,9
5638.0,9
5639.0,9
5640.0,9
5641.0,9
5643.0,9
5644.0,9
5645.0,9
5646.0,9
5646.0,9
5646.0,9
5646.0,9
5647.0,9
5648.0,9
5650.0,9
5652.0,9
5653.0,9
5654.0,9
5655.0,9
5661.0,9
5661.0,9
5662.0,9
5663.0,9
5665.0,9
5666.0,9
5667.0,9
5668.0,9
5671.0,9
5673.0,9
5673.0,9
5674.0,9
5675.0,9
5676.0,9
5677.0,9
5679.0,9
5679.0,9
5680.0,9
5681.0,9
5684.0,9
5685.0,9
5686.0,9
5687.0,9
5688.0,9
5689.0,9
5690.0,9
5691.0,9
5692.0,9
5692.0,9
5694.0,9
5694.0,9
5695.0,9
5696.0,9
5699.0,9
5700.0,9
5702.0,9
5702.0,9
5705.0,9
5705.0,9
5707.0,9
5709.0,9
5711.0,9
5712.0,9
5712.0,9
5714.0,9
5715.0,9
5716.0,9
5717.0,9
5717.0,9
5720.0,9
5722.0,9
5723.0,9
5724.0,9
5726.0,9
5727.0,9
5730.0,9
5732.0,9
5738.0,9
5739.0,9
5739.0,9
5741.0,9
5745.0,9
5745.0,9
5746.0,9
5748.0,9
5748.0,9
5749.0,9
5750.0,9
5754.0,9
5755.0,9
5755.0,9
5758.0,9
5758.0,9
5759.0,9
5760.0,9
5761.0,9
5763.0,9
5765.0,9
5767.0,9
5768.0,9
5769.0,9
5770.0,9
5772.0,9
5772.0,9
5772.0,9
5774.0,9
5774.0,9
5774.0,9
5775.0,9
5775.0,9
5775.0,9
5776.0,9
5777.0,9
5777.0,9
5777.0,9
5781.0,9
5781.0,9
5783.0,9
5785.0,9
5786.0,9
5786.0,9
5786.0,9
5788.0,9
5790.0,9
5791.0,9
5792.0,9
5794.0,9
5796.0,9
5796.0,9
5797.0,9
5802.0,9
5805.0,9
5806.0,9
5808.0,9
5809.0,9
5809.0,9
5810.0,9
5812.0,9
5812.0,9
5816.0,9
5816.0,9
5817.0,9
5819.0,9
5821.0,9
5821.0,9
5822.0,9
5823.0,9
5826.0,9
5827.0,9
5827.0,9
5828.0,9
5828.0,9
5829.0,9
5829.0,9
5830.0,9
5831.0,9
5832.0,9
5832.0,9
5834.0,9
5834.0,9
5838.0,9
5839.0,9
5843.0,9
5844.0,9
5844.0,9
5845.0,9
5846.0,9
5846.0,9
5848.0,9
5848.0,9
5850.0,9
5850.0,9
5852.0,9
5855.0,9
5856.0,9
5860.0,9
5861.0,9
5862.0,9
5865.0,9
5866.0,9
5869.0,9
5869.0,9
5870.0,9
5872.0,9
5874.0,9
5879.0,9
5880.0,9
5880.0,9
5881.0,9
5882.0,9
5882.0,9
5883.0,9
5885.0,9
5886.0,9
5887.0,9
5888.0,9
5891.0,9
5894.0,9
5896.0,9
5897.0,9
5900.0,9
5901.0,9
5904.0,9
5904.0,9
5905.0,9
5907.0,9
5910.0,9
5911.0,9
5913.0,9
5914.0,9
5914.0,9
5915.0,9
5917.0,9
5919.0,9
5920.0,9
5920.0,9
5920.0,9
5922.0,9
5922.0,9
5923.0,9
5924.0,9
5927.0,9
5929.0,9
5931.0,9
5932.0,9
5933.0,9
5933.0,9
5934.0,9
5935.0,9
5935.0,9
5936.0,9
5937.0,9
5938.0,9
5939.0,9
5939.0,9
5940.0,9
5942.0,9
5944.0,9
5945.0,9
5947.0,9
5950.0,9
5951.0,9
5954.0,9
5955.0,9
5956.0,9
5956.0,9
5957.0,9
5958.0,9
5960.0,9
5961.0,9
5962.0,9
5963.0,9
5963.0,9
5965.0,9
5970.0,9
5970.0,9
5971.0,9
5972.0,9
5974.0,9
5977.0,9
5978.0,9
5979.0,9
5980.0,9
5980.0,9
5980.0,9
5981.0,9
5981.0,9
5982.0,9
5985.0,9
5993.0,9
5993.0,9
5994.0,9
5998.0,9
5999.0,9
6001.0,9
6001.0,9
6003.0,9
6003.0,9
6004.0,9
6005.0,9
6006.0,9
6012.0,9
6013.0,9
6016.0,9
6016.0,9
6017.0,9
6017.0,9
6018.0,9
6018.0,9
6019.0,9
6021.0,9
6022.0,9
6023.0,9
6026.0,9
6030.0,9
6032.0,9
6035.0,9
6036.0,9
6038.0,9
6039.0,9
6040.0,9
6042.0,9
6044.0,9
6045.0,9
6045.0,9
6047.0,9
6049.0,9
6051.0,9
6051.0,9
6053.0,9
6054.0,9
6056.0,9
6057.0,9
6059.0,9
6061.0,9
6062.0,9
6063.0,9
6063.0,9
6065.0,9
6067.0,9
6067.0,9
6072.0,9
6072.0,9
6073.0,9
6073.0,9
6074.0,9
6074.0,9
6075.0,9
6075.0,9
6076.0,9
6079.0,9
6080.0,9
6080.0,9
6081.0,9
6081.0,9
6082.0,9
6084.0,9
6085.0,9
6085.0,9
6085.0,9
6086.0,9
6087.0,9
6088.0,9
6089.0,9
6090.0,9
6092.0,9
6092.0,9
6093.0,9
6095.0,9
6096.0,9
6097.0,9
6098.0,9
6099.0,9
6100.0,9
6102.0,9
6103.0,9
6103.0,9
6103.0,9
6103.0,9
6103.0,9
6104.0,9
6105.0,9
6106.0,9
6107.0,9
6107.0,9
6108.0,9
6114.0,9
6119.0,9
6119.0,9
6120.0,9
6122.0,9
6123.0,9
6124.0,9
6125.0,9
6127.0,9
6130.0,9
6131.0,9
6131.0,9
6132.0,9
6132.0,9
6133.0,9
6136.0,9
6136.0,9
6139.0,9
6141.0,9
6142.0,9
6144.0,9
6145.0,9
6146.0,9
6148.0,9
6151.0,9
6152.0,9
6153.0,9
6154.0,9
6154.0,9
6155.0,9
6156.0,9
6158.0,9
6159.0,9
6162.0,9
6163.0,9
6163.0,9
6164.0,9
6166.0,9
6168.0,9
6169.0,9
6171.0,9
6172.0,9
6172.0,9
6173.0,9
6173.0,9
6175.0,9
6175.0,9
6176.0,9
6176.0,9
6179.0,9
6180.0,9
6181.0,9
6182.0,9
6183.0,9
6185.0,9
6187.0,9
6188.0,9
6188.0,9
6189.0,9
6189.0,9
6189.0,9
6190.0,9
6190.0,9
6191.0,9
6198.0,9
6198.0,9
6199.0,9
6200.0,9
6201.0,9
6201.0,9
6202.0,9
6203.0,9
6204.0,9
6205.0,9
6206.0,9
6207.0,9
6209.0,9
6210.0,9
6214.0,9
6215.0,9
6216.0,9
6217.0,9
6218.0,9
6219.0,9
6220.0,9
6220.0,9
6221.0,9
6221.0,9
6223.0,9
6223.0,9
6224.0,9
6225.0,9
6226.0,9
6227.0,9
6230.0,9
6231.0,9
6232.0,9
6233.0,9
6234.0,9
6235.0,9
6235.0,9
6236.0,9
6236.0,9
6237.0,9
6237.0,9
6239.0,9
6240.0,9
6241.0,9
6244.0,9
6245.0,9
6245.0,9
6246.0,9
6248.0,9
6250.0,9
6250.0,9
6251.0,9
6254.0,9
6258.0,9
6261.0,9
6263.0,9
6263.0,9
6264.0,9
6265.0,9
6265.0,9
6266.0,9
6269.0,9
6270.0,9
6270.0,9
6272.0,9
6277.0,9
6279.0,9
6279.0,9
6280.0,9
6281.0,9
6282.0,9
6282.0,9
6283.0,9
6284.0,9
6286.0,9
6287.0,9
6288.0,9
6289.0,9
6290.0,9
6291.0,9
6291.0,9
6291.0,9
6291.0,9
6292.0,9
6295.0,9
6296.0,9
6296.0,9
6298.0,9
6298.0,9
6299.0,9
6300.0,9
6302.0,9
6302.0,9
6303.0,9
6304.0,9
6305.0,9
6308.0,9
6311.0,9
6314.0,9
6315.0,9
6315.0,9
6315.0,9
6316.0,9
6317.0,9
6322.0,9
6323.0,9
6324.0,9
6326.0,9
6326.0,9
6326.0,9
6326.0,9
6328.0,9
6329.0,9
6331.0,9
6331.0,9
6332.0,9
6333.0,9
6335.0,9
6337.0,9
6337.0,9
6338.0,9
6342.0,9
6344.0,9
6345.0,9
6345.0,9
6345.0,9
6346.0,9
6346.0,9
6346.0,9
6347.0,9
6348.0,9
6350.0,9
6350.0,9
6353.0,9
6355.0,9
6356.0,9
6358.0,9
6359.0,9
6362.0,9
6362.0,9
6366.0,9
6367.0,9
6367.0,9
6368.0,9
6369.0,9
6371.0,9
6373.0,9
6373.0,9
6374.0,9
6375.0,9
6377.0,9
6377.0,9
6378.0,9
6379.0,9
6381.0,9
6383.0,9
6383.0,9
6383.0,9
6385.0,9
6389.0,9
6389.0,9
6391.0,9
6392.0,9
6394.0,9
6395.0,9
6396.0,9
6398.0,9
6399.0,9
6399.0,9
6402.0,9
6404.0,9
6405.0,9
6405.0,9
6405.0,9
6407.0,9
6407.0,9
6408.0,9
6409.0,9
6409.0,9
6411.0,9
6415.0,9
6416.0,9
6417.0,9
6422.0,9
6423.0,9
6424.0,9
6424.0,9
6426.0,9
6426.0,9
6427.0,9
6427.0,9
6427.0,9
6428.0,9
6429.0,9
6430.0,9
6430.0,9
6433.0,9
6434.0,9
6434.0,9
6435.0,9
6437.0,9
6439.0,9
6441.0,9
6443.0,9
6444.0,9
6448.0,9
6449.0,9
6449.0,9
6451.0,9
6452.0,9
6453.0,9
6453.0,9
6453.0,9
6454.0,9
6454.0,9
6455.0,9
6456.0,9
6457.0,9
6460.0,9
6461.0,9
6461.0,9
6464.0,9
6465.0,9
6465.0,9
6466.0,9
6468.0,9
6468.0,9
6470.0,9
6470.0,9
6471.0,9
6471.0,9
6472.0,9
6472.0,9
6474.0,9
6474.0,9
6477.0,9
6478.0,9
6480.0,9
6481.0,9
6482.0,9
6482.0,9
6483.0,9
6484.0,9
6484.0,9
6485.0,9
6487.0,9
6488.0,9
6490.0,9
6493.0,9
6494.0,9
6494.0,9
6496.0,9
6497.0,9
6499.0,9
6500.0,9
6502.0,9
6502.0,9
6503.0,9
6504.0,9
6504.0,9
6505.0,9
6507.0,9
6508.0,9
6509.0,9
6511.0,9
6512.0,9
6515.0,9
6518.0,9
6519.0,9
6519.0,9
6520.0,9
6526.0,9
6526.0,9
6526.0,9
6531.0,9
6532.0,9
6533.0,9
6535.0,9
6535.0,9
6535.0,9
6536.0,9
6537.0,9
6537.0,9
6540.0,9
6540.0,9
6544.0,9
6547.0,9
6549.0,9
6552.0,9
6554.0,9
6555.0,9
6555.0,9
6559.0,9
6560.0,9
6561.0,9
6561.0,9
6563.0,9
6563.0,9
6565.0,9
6570.0,9
6571.0,9
6576.0,9
6576.0,9
6577.0,9
6578.0,9
6579.0,9
6579.0,9
6582.0,9
6582.0,9
6583.0,9
6584.0,9
6586.0,9
6588.0,9
6589.0,9
6590.0,9
6591.0,9
6591.0,9
6592.0,9
6595.0,9
6596.0,9
6597.0,9
6598.0,9
6598.0,9
6599.0,9
6601.0,9
6601.0,9
6607.0,9
6609.0,9
6611.0,9
6613.0,9
6615.0,9
6615.0,9
6617.0,9
6619.0,9
6621.0,9
6623.0,9
6625.0,9
6625.0,9
6628.0,9
6632.0,9
6634.0,9
6635.0,9
6642.0,9
6643.0,9
6647.0,9
6648.0,9
6655.0,9
6655.0,9
6656.0,9
6657.0,9
6658.0,9
6658.0,9
6658.0,9
6660.0,9
6661.0,9
6662.0,9
6663.0,9
6665.0,9
6666.0,9
6667.0,9
6671.0,9
6671.0,9
6671.0,9
6673.0,9
6674.0,9
6676.0,9
6676.0,9
6677.0,9
6677.0,9
6679.0,9
6679.0,9
6680.0,9
6683.0,9
6686.0,9
6686.0,9
6687.0,9
6688.0,9
6689.0,9
6692.0,9
6693.0,9
6694.0,9
6695.0,9
6698.0,9
6700.0,9
6701.0,9
6702.0,9
6706.0,9
6706.0,9
6709.0,9
6710.0,9
6711.0,9
6714.0,9
6715.0,9
6717.0,9
6718.0,9
6718.0,9
6718.0,9
6719.0,9
6723.0,9
6723.0,9
6725.0,9
6726.0,9
6727.0,9
6728.0,9
6728.0,9
6731.0,9
6735.0,9
6736.0,9
6739.0,9
6740.0,9
6742.0,9
6742.0,9
6742.0,9
6744.0,9
6745.0,9
6747.0,9
6748.0,9
6749.0,9
6752.0,9
6752.0,9
6752.0,9
6753.0,9
6754.0,9
6754.0,9
6757.0,9
6758.0,9
6758.0,9
6758.0,9
6759.0,9
6761.0,9
6761.0,9
6762.0,9
6769.0,9
6770.0,9
6772.0,9
6773.0,9
6773.0,9
6774.0,9
6774.0,9
6774.0,9
6775.0,9
6776.0,9
6776.0,9
6776.0,9
6777.0,9
6777.0,9
6778.0,9
6778.0,9
6778.0,9
6779.0,9
6779.0,9
6782.0,9
6784.0,9
6785.0,9
6785.0,9
6786.0,9
6787.0,9
6787.0,9
6790.0,9
6791.0,9
6792.0,9
6792.0,9
6792.0,9
6793.0,9
6794.0,9
6798.0,9
6799.0,9
6800.0,9
6802.0,9
6803.0,9
6803.0,9
6805.0,9
6806.0,9
6807.0,9
6809.0,9
6810.0,9
6810.0,9
6814.0,9
6817.0,9
6818.0,9
6820.0,9
6823.0,9
6823.0,9
6823.0,9
6825.0,9
6826.0,9
6827.0,9
6828.0,9
6828.0,9
6829.0,9
6832.0,9
6832.0,9
6833.0,9
6833.0,9
6834.0,9
6835.0,9
6836.0,9
6838.0,9
6842.0,9
6842.0,9
6843.0,9
6843.0,9
6844.0,9
6844.0,9
6845.0,9
6845.0,9
6848.0,9
6848.0,9
6849.0,9
6850.0,9
6852.0,9
6853.0,9
6856.0,9
6859.0,9
6859.0,9
6860.0,9
6861.0,9
6862.0,9
6863.0,9
6863.0,9
6865.0,9
6867.0,9
6868.0,9
6869.0,9
6870.0,9
6871.0,9
6872.0,9
6873.0,9
6873.0,9
6875.0,9
6877.0,9
6881.0,9
6883.0,9
6883.0,9
6883.0,9
6884.0,9
6885.0,9
6885.0,9
6887.0,9
6888.0,9
6889.0,9
6891.0,9
6891.0,9
6892.0,9
6894.0,9
6895.0,9
6896.0,9
6897.0,9
6899.0,9
6900.0,9
6901.0,9
6904.0,9
6908.0,9
6910.0,9
6910.0,9
6911.0,9
6911.0,9
6912.0,9
6912.0,9
6914.0,9
6914.0,9
6915.0,9
6917.0,9
6917.0,9
6918.0,9
6919.0,9
6922.0,9
6923.0,9
6924.0,9
6924.0,9
6924.0,9
6925.0,9
6926.0,9
6926.0,9
6927.0,9
6927.0,9
6929.0,9
6930.0,9
6936.0,9
6936.0,9
6938.0,9
6939.0,9
6939.0,9
6939.0,9
6939.0,9
6940.0,9
6942.0,9
6945.0,9
6948.0,9
6949.0,9
6950.0,9
6952.0,9
6952.0,9
6952.0,9
6954.0,9
6956.0,9
6956.0,9
6957.0,9
6958.0,9
6959.0,9
6961.0,9
6963.0,9
6964.0,9
6964.0,9
6965.0,9
6966.0,9
6967.0,9
6968.0,9
6969.0,9
6971.0,9
6974.0,9
6975.0,9
6977.0,9
6980.0,9
6983.0,9
6984.0,9
6986.0,9
6988.0,9
6990.0,9
6992.0,9
6995.0,9
6996.0,9
6997.0,9
6998.0,9
6999.0,9
7001.0,9
7001.0,9
7002.0,9
7002.0,9
7005.0,9
7005.0,9
7008.0,9
7009.0,9
7009.0,9
7010.0,9
7012.0,9
7014.0,9
7014.0,9
7014.0,9
7015.0,9
7015.0,9
7019.0,9
7019.0,9
7020.0,9
7021.0,9
7021.0,9
7024.0,9
7025.0,9
7027.0,9
7028.0,9
7029.0,9
7031.0,9
7031.0,9
7032.0,9
7032.0,9
7032.0,9
7035.0,9
7035.0,9
7037.0,9
7037.0,9
7038.0,9
7040.0,9
7041.0,9
7043.0,9
7043.0,9
7044.0,9
7044.0,9
7045.0,9
7045.0,9
7046.0,9
7048.0,9
7049.0,9
7050.0,9
7051.0,9
7052.0,9
7053.0,9
7053.0,9
7054.0,9
7058.0,9
7058.0,9
7060.0,9
7060.0,9
7066.0,9
7068.0,9
7068.0,9
7070.0,9
7071.0,9
7072.0,9
7073.0,9
7074.0,9
7077.0,9
7078.0,9
7079.0,9
7080.0,9
7082.0,9
7083.0,9
7086.0,9
7087.0,9
7087.0,9
7087.0,9
7088.0,9
7089.0,9
7089.0,9
7090.0,9
7091.0,9
7093.0,9
7098.0,9
7099.0,9
7100.0,9
7101.0,9
7102.0,9
7102.0,9
7103.0,9
7105.0,9
7111.0,9
7113.0,9
7114.0,9
7114.0,9
7114.0,9
7116.0,9
7117.0,9
7118.0,9
7120.0,9
7121.0,9
7121.0,9
7122.0,9
7123.0,9
7124.0,9
7125.0,9
7126.0,9
7126.0,9
7126.0,9
7127.0,9
7127.0,9
7128.0,9
7129.0,9
7129.0,9
7130.0,9
7131.0,9
7133.0,9
7134.0,9
7136.0,9
7138.0,9
7140.0,9
7140.0,9
7141.0,9
7142.0,9
7142.0,9
7144.0,9
7145.0,9
7146.0,9
7146.0,9
7146.0,9
7147.0,9
7147.0,9
7148.0,9
7148.0,9
7149.0,9
7149.0,9
7150.0,9
7151.0,9
7151.0,9
7152.0,9
7153.0,9
7153.0,9
7155.0,9
7157.0,9
7158.0,9
7159.0,9
7161.0,9
7168.0,9
7170.0,9
7171.0,9
7171.0,9
7171.0,9
7173.0,9
7174.0,9
7174.0,9
7179.0,9
7180.0,9
7180.0,9
7183.0,9
7184.0,9
7187.0,9
7190.0,9
7192.0,9
7195.0,9
7197.0,9
7197.0,9
7197.0,9
7198.0,9
7200.0,9
7200.0,9
7201.0,9
7202.0,9
7203.0,9
7204.0,9
7205.0,9
7205.0,9
7206.0,9
7206.0,9
7207.0,9
7208.0,9
7210.0,9
7210.0,9
7211.0,9
7212.0,9
7216.0,9
7218.0,9
7218.0,9
7219.0,9
7220.0,9
7221.0,9
7223.0,9
7224.0,9
7225.0,9
7230.0,9
7230.0,9
7230.0,9
7233.0,9
7237.0,9
7237.0,9
7239.0,9
7243.0,9
7244.0,9
7245.0,9
7246.0,9
7250.0,9
7252.0,9
7252.0,9
7253.0,9
7254.0,9
7255.0,9
7257.0,9
7257.0,9
7258.0,9
7259.0,9
7262.0,9
7262.0,9
7262.0,9
7263.0,9
7265.0,9
7265.0,9
7266.0,9
7268.0,9
7270.0,9
7271.0,9
7271.0,9
7273.0,9
7274.0,9
7276.0,9
7277.0,9
7278.0,9
7279.0,9
7281.0,9
7281.0,9
7284.0,9
7285.0,9
7286.0,9
7290.0,9
7292.0,9
7293.0,9
7294.0,9
7294.0,9
7296.0,9
7299.0,9
7300.0,9
7301.0,9
7302.0,9
7303.0,9
7305.0,9
7305.0,9
7306.0,9
7307.0,9
7308.0,9
7309.0,9
7311.0,9
7312.0,9
7313.0,9
7315.0,9
7316.0,9
7316.0,9
7319.0,9
7322.0,9
7322.0,9
7322.0,9
7322.0,9
7325.0,9
7325.0,9
7327.0,9
7329.0,9
7333.0,9
7334.0,9
7336.0,9
7336.0,9
7339.0,9
7339.0,9
7342.0,9
7343.0,9
7343.0,9
7344.0,9
7345.0,9
7346.0,9
7348.0,9
7348.0,9
7350.0,9
7351.0,9
7353.0,9
7354.0,9
7354.0,9
7355.0,9
7356.0,9
7362.0,9
7362.0,9
7363.0,9
7364.0,9
7364.0,9
7365.0,9
7366.0,9
7367.0,9
7369.0,9
7370.0,9
7372.0,9
7375.0,9
7376.0,9
7377.0,9
7377.0,9
7378.0,9
7379.0,9
7379.0,9
7380.0,9
7381.0,9
7381.0,9
7384.0,9
7385.0,9
7386.0,9
7387.0,9
7388.0,9
7389.0,9
7392.0,9
7392.0,9
7393.0,9
7393.0,9
7394.0,9
7394.0,9
7395.0,9
7397.0,9
7398.0,9
7400.0,9
7401.0,9
7403.0,9
7403.0,9
7404.0,9
7404.0,9
7406.0,9
7408.0,9
7409.0,9
7409.0,9
7411.0,9
7413.0,9
7413.0,9
7414.0,9
7414.0,9
7415.0,9
7416.0,9
7418.0,9
7419.0,9
7420.0,9
7421.0,9
7421.0,9
7422.0,9
7423.0,9
7423.0,9
7424.0,9
7425.0,9
7426.0,9
7427.0,9
7428.0,9
7430.0,9
7431.0,9
7431.0,9
7432.0,9
7432.0,9
7433.0,9
7433.0,9
7433.0,9
7433.0,9
7433.0,9
7435.0,9
7435.0,9
7436.0,9
7436.0,9
7440.0,9
7441.0,9
7442.0,9
7442.0,9
7442.0,9
7443.0,9
7444.0,9
7445.0,9
7447.0,9
7450.0,9
7451.0,9
7452.0,9
7453.0,9
7454.0,9
7457.0,9
7457.0,9
7459.0,9
7459.0,9
7461.0,9
7463.0,9
7463.0,9
7464.0,9
7464.0,9
7465.0,9
7466.0,9
7466.0,9
7469.0,9
7470.0,10
7471.0,10
7471.0,10
7471.0,10
7472.0,10
7473.0,10
7473.0,10
7474.0,10
7474.0,10
7475.0,10
7480.0,10
7484.0,10
7486.0,10
7487.0,10
7487.0,10
7488.0,10
7489.0,10
7490.0,10
7492.0,10
7493.0,10
7494.0,10
7494.0,10
7496.0,10
7496.0,10
7496.0,10
7498.0,10
7500.0,10
7501.0,10
7501.0,10
7502.0,10
7502.0,10
7504.0,10
7504.0,10
7505.0,10
7505.0,10
7506.0,10
7508.0,10
7510.0,10
7510.0,10
7512.0,10
7512.0,10
7513.0,10
7516.0,10
7516.0,10
7517.0,10
7517.0,10
7519.0,10
7521.0,10
7522.0,10
7523.0,10
7524.0,10
7524.0,10
7525.0,10
7527.0,10
7532.0,10
7534.0,10
7534.0,10
7535.0,10
7536.0,10
7537.0,10
7538.0,10
7538.0,10
7540.0,10
7540.0,10
7542.0,10
7544.0,10
7545.0,10
7545.0,10
7545.0,10
7546.0,10
7546.0,10
7547.0,10
7552.0,10
7553.0,10
7554.0,10
7555.0,10
7555.0,10
7556.0,10
7558.0,10
7559.0,10
7561.0,10
7561.0,10
7562.0,10
7563.0,10
7563.0,10
7563.0,10
7563.0,10
7563.0,10
7564.0,10
7566.0,10
7567.0,10
7568.0,10
7570.0,10
7571.0,10
7572.0,10
7577.0,10
7580.0,10
7580.0,10
7582.0,10
7582.0,10
7584.0,10
7585.0,10
7585.0,10
7587.0,10
7593.0,10
7594.0,10
7598.0,10
7598.0,10
7599.0,10
7600.0,10
7601.0,10
7601.0,10
7602.0,10
7607.0,10
7609.0,10
7609.0,10
7610.0,10
7610.0,10
7611.0,10
7612.0,10
7613.0,10
7615.0,10
7615.0,10
7615.0,10
7616.0,10
7616.0,10
7617.0,10
7618.0,10
7620.0,10
7622.0,10
7623.0,10
7623.0,10
7627.0,10
7628.0,10
7628.0,10
7628.0,10
7630.0,10
7631.0,10
7632.0,10
7635.0,10
7636.0,10
7637.0,10
7638.0,10
7639.0,10
7640.0,10
7641.0,10
7643.0,10
7643.0,10
7647.0,10
7648.0,10
7649.0,10
7649.0,10
7649.0,10
7650.0,10
7651.0,10
7651.0,10
7652.0,10
7652.0,10
7653.0,10
7656.0,10
7657.0,10
7658.0,10
7660.0,10
7661.0,10
7662.0,10
7665.0,10
7666.0,10
7668.0,10
7669.0,10
7669.0,10
7670.0,10
7672.0,10
7672.0,10
7673.0,10
7674.0,10
7675.0,10
7675.0,10
7678.0,10
7679.0,10
7680.0,10
7680.0,10
7681.0,10
7681.0,10
7682.0,10
7684.0,10
7686.0,10
7689.0,10
7689.0,10
7689.0,10
7689.0,10
7692.0,10
7692.0,10
7693.0,10
7696.0,10
7697.0,10
7698.0,10
7701.0,10
7704.0,10
7704.0,10
7705.0,10
7706.0,10
7707.0,10
7708.0,10
7708.0,10
7709.0,10
7709.0,10
7711.0,10
7711.0,10
7711.0,10
7712.0,10
7713.0,10
7716.0,10
7717.0,10
7717.0,10
7717.0,10
7720.0,10
7721.0,10
7721.0,10
7724.0,10
7729.0,10
7730.0,10
7732.0,10
7733.0,10
7733.0,10
7734.0,10
7734.0,10
7734.0,10
7737.0,10
7738.0,10
7741.0,10
7742.0,10
7745.0,10
7746.0,10
7747.0,10
7749.0,10
7752.0,10
7754.0,10
7755.0,10
7755.0,10
7757.0,10
7757.0,10
7759.0,10
7764.0,10
7764.0,10
7766.0,10
7767.0,10
7767.0,10
7769.0,10
7769.0,10
7771.0,10
7772.0,10
7773.0,10
7774.0,10
7775.0,10
7776.0,10
7776.0,10
7778.0,10
7779.0,10
7779.0,10
7780.0,10
7780.0,10
7781.0,10
7784.0,10
7785.0,10
7786.0,10
7788.0,10
7793.0,10
7793.0,10
7794.0,10
7797.0,10
7798.0,10
7800.0,10
7801.0,10
7802.0,10
7803.0,10
7803.0,10
7808.0,10
7809.0,10
7812.0,10
7813.0,10
7814.0,10
7814.0,10
7816.0,10
7818.0,10
7818.0,10
7820.0,10
7822.0,10
7822.0,10
7822.0,10
7823.0,10
7823.0,10
7823.0,10
7826.0,10
7827.0,10
7829.0,10
7829.0,10
7830.0,10
7831.0,10
7832.0,10
7835.0,10
7835.0,10
7836.0,10
7838.0,10
7838.0,10
7838.0,10
7839.0,10
7840.0,10
7840.0,10
7841.0,10
7842.0,10
7842.0,10
7842.0,10
7844.0,10
7845.0,10
7845.0,10
7845.0,10
7846.0,10
7847.0,10
7849.0,10
7849.0,10
7850.0,10
7851.0,10
7853.0,10
7855.0,10
7857.0,10
7858.0,10
7859.0,10
7860.0,10
7860.0,10
7862.0,10
7862.0,10
7863.0,10
7863.0,10
7865.0,10
7865.0,10
7868.0,10
7870.0,10
7870.0,10
7872.0,10
7874.0,10
7875.0,10
7876.0,10
7877.0,10
7877.0,10
7878.0,10
7878.0,10
7881.0,10
7883.0,10
7885.0,10
7886.0,10
7888.0,10
7889.0,10
7890.0,10
7891.0,10
7891.0,10
7892.0,10
7892.0,10
7892.0,10
7893.0,10
7893.0,10
7896.0,10
7897.0,10
7901.0,10
7901.0,10
7902.0,10
7905.0,10
7906.0,10
7907.0,10
7907.0,10
7910.0,10
7910.0,10
7911.0,10
7913.0,10
7914.0,10
7916.0,10
7916.0,10
7917.0,10
7917.0,10
7917.0,10
7922.0,10
7924.0,10
7925.0,10
7925.0,10
7926.0,10
7928.0,10
7929.0,10
7930.0,10
7933.0,10
7934.0,10
7935.0,10
7936.0,10
7938.0,10
7938.0,10
7939.0,10
7939.0,10
7940.0,10
7940.0,10
7940.0,10
7941.0,10
7941.0,10
7942.0,10
7943.0,10
7945.0,10
7947.0,10
7948.0,10
7948.0,10
7948.0,10
7950.0,10
7950.0,10
7951.0,10
7952.0,10
7953.0,10
7958.0,10
7959.0,10
7960.0,10
7961.0,10
7962.0,10
7963.0,10
7965.0,10
7965.0,10
7969.0,10
7970.0,10
7973.0,10
7974.0,10
7974.0,10
7974.0,10
7974.0,10
7974.0,10
7976.0,10
7977.0,10
7978.0,10
7978.0,10
7978.0,10
7978.0,10
7979.0,10
7981.0,10
7982.0,10
7984.0,10
7985.0,10
7986.0,10
7987.0,10
7988.0,10
7989.0,10
7990.0,10
7992.0,10
7993.0,10
7994.0,10
7994.0,10
7996.0,10
7997.0,10
7998.0,10
7999.0,10
7999.0,10
8001.0,10
8001.0,10
8001.0,10
8002.0,10
8002.0,10
8003.0,10
8004.0,10
8006.0,10
8010.0,10
8011.0,10
8012.0,10
8013.0,10
8014.0,10
8015.0,10
8016.0,10
8017.0,10
8018.0,10
8020.0,10
8021.0,10
8022.0,10
8024.0,10
8029.0,10
8029.0,10
8030.0,10
8032.0,10
8034.0,10
8035.0,10
8037.0,10
8037.0,10
8039.0,10
8041.0,10
8042.0,10
8044.0,10
8046.0,10
8052.0,10
8053.0,10
8054.0,10
8054.0,10
8055.0,10
8056.0,10
8059.0,10
8060.0,10
8060.0,10
8062.0,10
8065.0,10
8066.0,10
8068.0,10
8068.0,10
8070.0,10
8071.0,10
8073.0,10
8074.0,10
8076.0,10
8076.0,10
8076.0,10
8078.0,10
8078.0,10
8079.0,10
8080.0,10
8084.0,10
8085.0,10
8086.0,10
8088.0,10
8090.0,10
8092.0,10
8092.0,10
8093.0,10
8095.0,10
8097.0,10
8097.0,10
8099.0,10
8099.0,10
8102.0,10
8103.0,10
8104.0,10
8106.0,10
8107.0,10
8107.0,10
8110.0,10
8112.0,10
8115.0,10
8117.0,10
8120.0,10
8124.0,10
8125.0,10
8125.0,10
8126.0,10
8127.0,10
8128.0,10
8129.0,10
8135.0,10
8137.0,10
8137.0,10
8138.0,10
8138.0,10
8139.0,10
8139.0,10
8140.0,10
8145.0,10
8146.0,10
8150.0,10
8151.0,10
8153.0,10
8153.0,10
8154.0,10
8156.0,10
8158.0,10
8159.0,10
8161.0,10
8162.0,10
8164.0,10
8165.0,10
8168.0,10
8169.0,10
8170.0,10
8172.0,10
8173.0,10
8175.0,10
8177.0,10
8179.0,10
8179.0,10
8180.0,10
8182.0,10
8184.0,10
8185.0,10
8186.0,10
8187.0,10
8188.0,10
8190.0,10
8191.0,10
8192.0,10
8195.0,10
8198.0,10
8199.0,10
8200.0,10
8201.0,10
8204.0,10
8205.0,10
8206.0,10
8206.0,10
8207.0,10
8208.0,10
8209.0,10
8210.0,10
8212.0,10
8213.0,10
8214.0,10
8215.0,10
8217.0,10
8219.0,10
8219.0,10
8220.0,10
8223.0,10
8224.0,10
8225.0,10
8227.0,10
8228.0,10
8231.0,10
8232.0,10
8232.0,10
8234.0,10
8234.0,10
8234.0,10
8235.0,10
8240.0,10
8241.0,10
8242.0,10
8242.0,10
8245.0,10
8247.0,10
8251.0,10
8256.0,10
8258.0,10
8259.0,10
8261.0,10
8261.0,10
8262.0,10
8265.0,10
8268.0,10
8269.0,10
8270.0,10
8270.0,10
8271.0,10
8271.0,10
8272.0,10
8275.0,10
8278.0,10
8279.0,10
8280.0,10
8280.0,10
8282.0,10
8283.0,10
8283.0,10
8283.0,10
8286.0,10
8289.0,10
8291.0,10
8294.0,10
8297.0,10
8297.0,10
8298.0,10
8300.0,10
8304.0,10
8305.0,10
8306.0,10
8308.0,10
8309.0,10
8310.0,10
8311.0,10
8312.0,10
8312.0,10
8320.0,10
8322.0,10
8325.0,10
8325.0,10
8327.0,10
8327.0,10
8328.0,10
8328.0,10
8330.0,10
8332.0,10
8333.0,10
8334.0,10
8335.0,10
8335.0,10
8336.0,10
8338.0,10
8339.0,10
8342.0,10
8345.0,10
8347.0,10
8349.0,10
8350.0,10
8353.0,10
8354.0,10
8354.0,10
8358.0,10
8359.0,10
8359.0,10
8363.0,10
8365.0,10
8365.0,10
8367.0,10
8368.0,10
8369.0,10
8375.0,10
8375.0,10
8376.0,10
8377.0,10
8384.0,10
8384.0,10
8385.0,10
8388.0,10
8389.0,10
8389.0,10
8390.0,10
8390.0,10
8391.0,10
8393.0,10
8394.0,10
8394.0,10
8396.0,10
8396.0,10
8397.0,10
8398.0,10
8399.0,10
8400.0,10
8401.0,10
8402.0,10
8403.0,10
8403.0,10
8405.0,10
8406.0,10
8410.0,10
8412.0,10
8412.0,10
8413.0,10
8414.0,10
8414.0,10
8416.0,10
8417.0,10
8417.0,10
8418.0,10
8418.0,10
8420.0,10
8420.0,10
8421.0,10
8421.0,10
8422.0,10
8422.0,10
8426.0,10
8427.0,10
8428.0,10
8431.0,10
8433.0,10
8433.0,10
8434.0,10
8434.0,10
8436.0,10
8437.0,10
8438.0,10
8439.0,10
8440.0,10
8441.0,10
8442.0,10
8443.0,10
8443.0,10
8445.0,10
8445.0,10
8447.0,10
8448.0,10
8449.0,10
8450.0,10
8450.0,10
8451.0,10
8453.0,10
8456.0,10
8457.0,10
8458.0,10
8462.0,10
8462.0,10
8464.0,10
8464.0,10
8465.0,10
8467.0,10
8470.0,10
8471.0,10
8472.0,10
8473.0,10
8474.0,10
8475.0,10
8476.0,10
8476.0,10
8476.0,10
8478.0,10
8479.0,10
8481.0,10
8481.0,10
8482.0,10
8483.0,10
8485.0,10
8486.0,10
8487.0,10
8490.0,10
8491.0,10
8493.0,10
8493.0,10
8494.0,10
8496.0,10
8498.0,10
8505.0,10
8506.0,10
8507.0,10
8510.0,10
8512.0,10
8513.0,10
8514.0,10
8514.0,10
8514.0,10
8514.0,10
8515.0,10
8516.0,10
8519.0,10
8523.0,10
8526.0,10
8527.0,10
8529.0,10
8531.0,10
8532.0,10
8533.0,10
8534.0,10
8535.0,10
8536.0,10
8537.0,10
8538.0,10
8539.0,10
8542.0,10
8543.0,10
8545.0,10
8545.0,10
8547.0,10
8547.0,10
8548.0,10
8549.0,10
8549.0,10
8550.0,10
8558.0,10
8561.0,10
8562.0,10
8563.0,10
8563.0,10
8563.0,10
8565.0,10
8565.0,10
8565.0,10
8566.0,10
8570.0,10
8574.0,10
8576.0,10
8577.0,10
8577.0,10
8578.0,10
8581.0,10
8584.0,10
8585.0,10
8587.0,10
8588.0,10
8588.0,10
8590.0,10
8594.0,10
8594.0,10
8596.0,10
8597.0,10
8597.0,10
8600.0,10
8602.0,10
8605.0,10
8605.0,10
8606.0,10
8608.0,10
8610.0,10
8612.0,10
8613.0,10
8614.0,10
8615.0,10
8618.0,10
8618.0,10
8619.0,10
8620.0,10
8622.0,10
8629.0,10
8629.0,10
8629.0,10
8630.0,10
8631.0,10
8632.0,10
8633.0,10
8633.0,10
8634.0,10
8636.0,10
8637.0,10
8639.0,10
8639.0,10
8639.0,10
8640.0,10
8641.0,10
8642.0,10
8642.0,10
8644.0,10
8646.0,10
8646.0,10
8647.0,10
8649.0,10
8649.0,10
8649.0,10
8650.0,10
8650.0,10
8651.0,10
8652.0,10
8653.0,10
8657.0,10
8658.0,10
8659.0,10
8660.0,10
8661.0,10
8661.0,10
8664.0,10
8664.0,10
8664.0,10
8665.0,10
8666.0,10
8666.0,10
8667.0,10
8669.0,10
8669.0,10
8670.0,10
8671.0,10
8671.0,10
8671.0,10
8672.0,10
8673.0,10
8675.0,10
8675.0,10
8677.0,10
8678.0,10
8680.0,10
8681.0,10
8682.0,10
8684.0,10
8684.0,10
8686.0,10
8692.0,10
8693.0,10
8697.0,10
8698.0,10
8698.0,10
8698.0,10
8700.0,10
8701.0,10
8704.0,10
8704.0,10
8706.0,10
8708.0,10
8711.0,10
8711.0,10
8712.0,10
8712.0,10
8713.0,10
8714.0,10
8715.0,10
8715.0,10
8716.0,10
8716.0,10
8716.0,10
8717.0,10
8718.0,10
8719.0,10
8720.0,10
8721.0,10
8721.0,10
8722.0,10
8724.0,10
8725.0,10
8727.0,10
8727.0,10
8727.0,10
8728.0,10
8729.0,10
8730.0,10
8731.0,10
8732.0,10
8734.0,10
8735.0,10
8738.0,10
8739.0,10
8740.0,10
8741.0,10
8742.0,10
8743.0,10
8743.0,10
8744.0,10
8745.0,10
8746.0,10
8746.0,10
8747.0,10
8748.0,10
8749.0,10
8750.0,10
8750.0,10
8751.0,10
8753.0,10
8754.0,10
8755.0,10
8755.0,10
8756.0,10
8757.0,10
8757.0,10
8757.0,10
8758.0,10
8759.0,10
8760.0,10
8760.0,10
8760.0,10
8761.0,10
8762.0,10
8762.0,10
8762.0,10
8763.0,10
8765.0,10
8766.0,10
8769.0,10
8770.0,10
8771.0,10
8772.0,10
8776.0,10
8781.0,10
8782.0,10
8786.0,10
8789.0,10
8790.0,10
8793.0,10
8795.0,10
8798.0,10
8798.0,10
8800.0,10
8802.0,10
8803.0,10
8804.0,10
8805.0,10
8806.0,10
8810.0,10
8812.0,10
8813.0,10
8815.0,10
8816.0,10
8817.0,10
8818.0,10
8819.0,10
8819.0,10
8822.0,10
8828.0,10
8829.0,10
8832.0,10
8834.0,10
8834.0,10
8834.0,10
8834.0,10
8836.0,10
8837.0,10
8838.0,10
8839.0,10
8840.0,10
8841.0,10
8843.0,10
8848.0,10
8848.0,10
8850.0,10
8850.0,10
8850.0,10
8852.0,10
8852.0,10
8853.0,10
8854.0,10
8855.0,10
8855.0,10
8856.0,10
8857.0,10
8858.0,10
8860.0,10
8862.0,10
8863.0,10
8863.0,10
8863.0,10
8863.0,10
8865.0,10
8866.0,10
8867.0,10
8867.0,10
8872.0,10
8873.0,10
8875.0,10
8875.0,10
8877.0,10
8877.0,10
8878.0,10
8879.0,10
8880.0,10
8881.0,10
8882.0,10
8883.0,10
8885.0,10
8888.0,10
8888.0,10
8890.0,10
8892.0,10
8892.0,10
8896.0,10
8898.0,10
8899.0,10
8899.0,10
8900.0,10
8901.0,10
8901.0,10
8901.0,10
8903.0,10
8903.0,10
8906.0,10
8906.0,10
8909.0,10
8910.0,10
8911.0,10
8912.0,10
8913.0,10
8914.0,10
8915.0,10
8918.0,10
8918.0,10
8919.0,10
8920.0,10
8920.0,10
8921.0,10
8922.0,10
8922.0,10
8923.0,10
8923.0,10
8924.0,10
8924.0,10
8925.0,10
8926.0,10
8927.0,10
8928.0,10
8929.0,10
8929.0,10
8930.0,10
8935.0,10
8936.0,10
8936.0,10
8937.0,10
8939.0,10
8941.0,10
8941.0,10
8942.0,10
8945.0,10
8945.0,10
8946.0,10
8947.0,10
8947.0,10
8948.0,10
8949.0,10
8950.0,10
8953.0,10
8953.0,10
8954.0,10
8955.0,10
8958.0,10
8958.0,10
8959.0,10
8960.0,10
8960.0,10
8961.0,10
8963.0,10
8964.0,10
8964.0,10
8965.0,10
8966.0,10
8967.0,10
8969.0,10
8970.0,10
8972.0,10
8973.0,10
8974.0,10
8975.0,10
8975.0,10
8978.0,10
8982.0,10
8991.0,10
8991.0,10
8992.0,10
8994.0,10
8994.0,10
8996.0,10
8997.0,10
8998.0,10
8999.0,10
9000.0,10
9001.0,10
9005.0,10
9006.0,10
9006.0,10
9007.0,10
9008.0,10
9009.0,10
9012.0,10
9013.0,10
9014.0,10
9016.0,10
9018.0,10
9019.0,10
9021.0,10
9022.0,10
9023.0,10
9023.0,10
9023.0,10
9024.0,10
9027.0,10
9028.0,10
9034.0,10
9038.0,10
9040.0,10
9041.0,10
9044.0,10
9044.0,10
9045.0,10
9046.0,10
9048.0,10
9049.0,10
9050.0,10
9057.0,10
9059.0,10
9059.0,10
9059.0,10
9060.0,10
9061.0,10
9062.0,10
9064.0,10
9065.0,10
9068.0,10
9070.0,10
9071.0,10
9072.0,10
9073.0,10
9075.0,10
9075.0,10
9076.0,10
9077.0,10
9078.0,10
9079.0,10
9081.0,10
9082.0,10
9083.0,10
9084.0,10
9085.0,10
9087.0,10
9087.0,10
9088.0,10
9091.0,10
9093.0,10
9095.0,10
9095.0,10
9096.0,10
9106.0,10
9107.0,10
9109.0,10
9109.0,10
9109.0,10
9110.0,10
9110.0,10
9111.0,10
9112.0,10
9112.0,10
9112.0,10
9113.0,10
9113.0,10
9113.0,10
9115.0,10
9116.0,10
9118.0,10
9120.0,10
9120.0,10
9121.0,10
9127.0,10
9128.0,10
9131.0,10
9133.0,10
9135.0,10
9135.0,10
9135.0,10
9136.0,10
9137.0,10
9140.0,10
9141.0,10
9142.0,10
9142.0,10
9144.0,10
9144.0,10
9145.0,10
9145.0,10
9148.0,10
9149.0,10
9150.0,10
9151.0,10
9152.0,10
9152.0,10
9153.0,10
9155.0,10
9156.0,10
9156.0,10
9160.0,10
9161.0,10
9162.0,10
9162.0,10
9167.0,10
9167.0,10
9168.0,10
9170.0,10
9172.0,10
9172.0,10
9172.0,10
9174.0,10
9178.0,10
9179.0,10
9180.0,10
9181.0,10
9182.0,10
9183.0,10
9185.0,10
9186.0,10
9189.0,10
9191.0,10
9192.0,10
9192.0,10
9192.0,10
9194.0,10
9194.0,10
9195.0,10
9195.0,10
9196.0,10
9198.0,10
9199.0,10
9200.0,10
9202.0,10
9203.0,10
9207.0,10
9208.0,10
9210.0,10
9211.0,10
9211.0,10
9212.0,10
9213.0,10
9218.0,10
9219.0,10
9219.0,10
9220.0,10
9221.0,10
9222.0,10
9223.0,10
9224.0,10
9224.0,10
9225.0,10
9226.0,10
9228.0,10
9229.0,10
9229.0,10
9230.0,10
9230.0,10
9230.0,10
9232.0,10
9233.0,10
9235.0,10
9235.0,10
9236.0,10
9237.0,10
9237.0,10
9239.0,10
9240.0,10
9241.0,10
9246.0,10
9246.0,10
9247.0,10
9248.0,10
9248.0,10
9249.0,10
9249.0,10
9251.0,10
9252.0,10
9253.0,10
9253.0,10
9254.0,10
9257.0,10
9261.0,10
9262.0,10
9262.0,10
9263.0,10
9264.0,10
9266.0,10
9268.0,10
9270.0,10
9270.0,10
9271.0,10
9273.0,10
9273.0,10
9275.0,10
9276.0,10
9277.0,10
9281.0,10
9282.0,10
9282.0,10
9288.0,10
9289.0,10
9293.0,10
9293.0,10
9294.0,10
9296.0,10
9297.0,10
9297.0,10
9298.0,10
9300.0,10
9301.0,10
9301.0,10
9302.0,10
9304.0,10
9304.0,10
9305.0,10
9305.0,10
9306.0,10
9307.0,10
9307.0,10
9308.0,10
9308.0,10
9312.0,10
9313.0,10
9316.0,10
9318.0,10
9319.0,10
9319.0,10
9320.0,10
9322.0,10
9324.0,10
9327.0,10
9328.0,10
9328.0,10
9329.0,10
9329.0,10
9331.0,10
9332.0,10
9333.0,10
9334.0,10
9335.0,10
9335.0,10
9338.0,10
9340.0,10
9343.0,10
9344.0,10
9344.0,10
9345.0,10
9347.0,10
9348.0,10
9348.0,10
9348.0,10
9349.0,10
9349.0,10
9352.0,10
9353.0,10
9353.0,10
9355.0,10
9357.0,10
9358.0,10
9358.0,10
9359.0,10
9360.0,10
9362.0,10
9362.0,10
9362.0,10
9363.0,10
9364.0,10
9364.0,10
9365.0,10
9366.0,10
9367.0,10
9368.0,10
9368.0,10
9368.0,10
9369.0,10
9370.0,10
9370.0,10
9372.0,10
9372.0,10
9374.0,10
9377.0,10
9378.0,10
9378.0,10
9379.0,10
9380.0,10
9381.0,10
9382.0,10
9383.0,10
9383.0,10
9385.0,10
9387.0,10
9388.0,10
9389.0,10
9389.0,10
9390.0,10
9391.0,10
9394.0,10
9394.0,10
9394.0,10
9395.0,10
9398.0,10
9400.0,10
9400.0,10
9400.0,10
9401.0,10
9402.0,10
9403.0,10
9404.0,10
9404.0,10
9407.0,10
9409.0,10
9411.0,10
9413.0,10
9417.0,10
9418.0,10
9419.0,10
9421.0,10
9422.0,10
9424.0,10
9424.0,10
9426.0,10
9426.0,10
9430.0,10
9433.0,10
9434.0,10
9438.0,10
9439.0,10
9439.0,10
9440.0,10
9442.0,10
9442.0,10
9443.0,10
9443.0,10
9444.0,10
9446.0,10
9447.0,10
9447.0,10
9449.0,10
9451.0,10
9451.0,10
9453.0,10
9453.0,10
9453.0,10
9454.0,10
9454.0,10
9455.0,10
9457.0,10
9457.0,10
9458.0,10
9460.0,10
9461.0,10
9461.0,10
9463.0,10
9465.0,10
9466.0,10
9467.0,10
9468.0,10
9469.0,10
9469.0,10
9470.0,10
9471.0,10
9472.0,10
9474.0,10
9474.0,10
9477.0,10
9479.0,10
9480.0,10
9483.0,10
9483.0,10
9484.0,10
9484.0,10
9486.0,10
9486.0,10
9487.0,10
9488.0,10
9489.0,10
9489.0,10
9490.0,10
9491.0,10
9491.0,10
9492.0,10
9493.0,10
9496.0,10
9497.0,10
9500.0,10
9501.0,10
9502.0,10
9504.0,10
9507.0,10
9507.0,10
9507.0,10
9508.0,10
9509.0,10
9510.0,10
9510.0,10
9511.0,10
9512.0,10
9512.0,10
9512.0,10
9512.0,10
9513.0,10
9515.0,10
9515.0,10
9516.0,10
9517.0,10
9518.0,10
9519.0,10
9519.0,10
9520.0,10
9520.0,10
9521.0,10
9521.0,10
9521.0,10
9522.0,10
9522.0,10
9523.0,10
9529.0,10
9530.0,10
9530.0,10
9530.0,10
9532.0,10
9535.0,10
9535.0,10
9536.0,10
9536.0,10
9536.0,10
9536.0,10
9538.0,10
9539.0,10
9541.0,10
9541.0,10
9542.0,10
9542.0,10
9543.0,10
9543.0,10
9544.0,10
9550.0,10
9551.0,10
9551.0,10
9551.0,10
9552.0,10
9553.0,10
9554.0,10
9556.0,10
9558.0,10
9558.0,10
9564.0,10
9567.0,10
9570.0,10
9571.0,10
9573.0,10
9574.0,10
9577.0,10
9578.0,10
9579.0,10
9580.0,10
9581.0,10
9581.0,10
9582.0,10
9582.0,10
9584.0,10
9587.0,10
9587.0,10
9588.0,10
9589.0,10
9589.0,10
9589.0,10
9591.0,10
9591.0,10
9592.0,10
9595.0,10
9595.0,10
9595.0,10
9595.0,10
9597.0,10
9597.0,10
9597.0,10
9598.0,10
9599.0,10
9599.0,10
9600.0,10
9602.0,10
9602.0,10
9603.0,10
9605.0,10
9609.0,10
9611.0,10
9612.0,10
9613.0,10
9614.0,10
9614.0,10
9615.0,10
9616.0,10
9616.0,10
9616.0,10
9621.0,10
9622.0,10
9623.0,10
9623.0,10
9625.0,10
9626.0,10
9627.0,10
9629.0,10
9630.0,10
9630.0,10
9631.0,10
9632.0,10
9632.0,10
9632.0,10
9633.0,10
9637.0,10
9637.0,10
9638.0,10
9639.0,10
9643.0,10
9644.0,10
9646.0,10
9646.0,10
9649.0,10
9650.0,10
9652.0,10
9652.0,10
9654.0,10
9655.0,10
9657.0,10
9657.0,10
9659.0,10
9660.0,10
9662.0,10
9662.0,10
9662.0,10
9663.0,10
9663.0,10
9665.0,10
9666.0,10
9667.0,10
9670.0,10
9672.0,10
9672.0,10
9676.0,10
9676.0,10
9678.0,10
9679.0,10
9680.0,10
9682.0,10
9682.0,10
9684.0,10
9686.0,10
9687.0,10
9688.0,10
9691.0,10
9696.0,10
9698.0,10
9699.0,10
9702.0,10
9703.0,10
9703.0,10
9705.0,10
9706.0,10
9707.0,10
9709.0,10
9711.0,10
9713.0,10
9713.0,10
9714.0,10
9716.0,10
9717.0,10
9719.0,10
9723.0,10
9724.0,10
9725.0,10
9726.0,10
9733.0,10
9734.0,10
9735.0,10
9735.0,10
9741.0,10
9741.0,10
9742.0,10
9744.0,10
9749.0,10
9750.0,10
9751.0,10
9753.0,10
9754.0,10
9755.0,10
9756.0,10
9756.0,10
9757.0,10
9757.0,10
9757.0,10
9758.0,10
9759.0,10
9764.0,10
9765.0,10
9766.0,10
9767.0,10
9770.0,10
9771.0,10
9772.0,10
9772.0,10
9773.0,10
9774.0,10
9775.0,10
9775.0,10
9775.0,10
9777.0,10
9777.0,10
9780.0,10
9781.0,10
9784.0,10
9785.0,10
9785.0,10
9787.0,10
9787.0,10
9788.0,10
9788.0,10
9789.0,10
9791.0,10
9792.0,10
9793.0,10
9794.0,10
9795.0,10
9799.0,10
9800.0,10
9800.0,10
9802.0,10
9804.0,10
9808.0,10
9809.0,10
9812.0,10
9814.0,10
9818.0,10
9821.0,10
9822.0,10
9822.0,10
9822.0,10
9824.0,10
9826.0,10
9829.0,10
9829.0,10
9831.0,10
9832.0,10
9834.0,10
9835.0,10
9835.0,10
9837.0,10
9838.0,10
9841.0,10
9842.0,10
9843.0,10
9843.0,10
9844.0,10
9846.0,10
9847.0,10
9848.0,10
9851.0,10
9854.0,10
9854.0,10
9856.0,10
9857.0,10
9861.0,10
9862.0,10
9864.0,10
9864.0,10
9864.0,10
9867.0,10
9867.0,10
9868.0,10
9868.0,10
9872.0,10
9872.0,10
9874.0,10
9874.0,10
9874.0,10
9874.0,10
9880.0,10
9880.0,10
9884.0,10
9886.0,10
9890.0,10
9893.0,10
9894.0,10
9895.0,10
9900.0,10
9902.0,10
9904.0,10
9909.0,10
9910.0,10
9912.0,10
9912.0,10
9915.0,10
9919.0,10
9919.0,10
9922.0,10
9923.0,10
9923.0,10
9928.0,10
9929.0,10
9932.0,10
9937.0,10
9940.0,10
9940.0,10
9941.0,10
9945.0,10
9946.0,10
9947.0,10
9952.0,10
9953.0,10
9954.0,10
9954.0,10
9957.0,10
9961.0,10
9963.0,10
9964.0,10
9965.0,10
9966.0,10
9967.0,10
9967.0,10
9973.0,10
9976.0,10
9981.0,10
9982.0,10
9983.0,10
9984.0,10
9984.0,10
9984.0,10
9985.0,10
9986.0,10
9987.0,10
9990.0,10
9993.0,10
9994.0,10
9995.0,10
9996.0,10
9997.0,10
9999.0,10
10001.0,10
10004.0,10
10007.0,10
10011.0,10
10017.0,10
10018.0,10
10020.0,10
10023.0,10
10024.0,10
10028.0,10
10035.0,10
10037.0,10
10038.0,10
10045.0,10
10072.0,10
10079.0,10
10084.0,10
10096.0,10
10104.0,10
10106.0,10
10128.0,10
10157.0,10
10169.0,10
10174.0,10
10186.0,10
10222.0,10
10231.0,10
10289.0,10
10353.0,10
