Time,PDUs
0.0,0
3.0,1
5.0,2
6.0,3
13.0,4
14.0,5
17.0,6
17.0,6
20.0,7
21.0,8
25.0,9
26.0,10
27.0,11
29.0,12
33.0,13
34.0,14
34.0,14
37.0,14
38.0,15
40.0,16
42.0,16
45.0,17
46.0,17
49.0,18
50.0,19
52.0,20
52.0,20
53.0,21
58.0,21
59.0,22
60.0,22
60.0,22
62.0,23
66.0,24
68.0,24
69.0,25
69.0,25
70.0,26
71.0,27
74.0,28
77.0,29
78.0,29
81.0,30
83.0,30
84.0,31
87.0,32
88.0,33
91.0,34
92.0,35
92.0,35
94.0,36
95.0,37
95.0,37
98.0,38
99.0,39
100.0,40
101.0,41
102.0,41
104.0,41
104.0,41
106.0,42
109.0,43
111.0,44
112.0,44
113.0,44
116.0,45
118.0,45
119.0,46
120.0,47
121.0,48
121.0,48
121.0,48
122.0,49
123.0,50
127.0,51
128.0,52
129.0,53
130.0,54
131.0,55
134.0,56
134.0,56
135.0,57
136.0,58
138.0,59
139.0,60
140.0,60
144.0,61
148.0,62
148.0,62
150.0,63
150.0,63
151.0,63
152.0,64
152.0,64
153.0,64
154.0,65
155.0,66
156.0,67
156.0,67
159.0,68
160.0,69
161.0,70
161.0,70
163.0,71
166.0,71
167.0,71
170.0,72
173.0,72
175.0,73
175.0,73
175.0,73
181.0,74
183.0,74
185.0,75
186.0,75
188.0,76
190.0,77
191.0,78
192.0,78
193.0,78
193.0,78
195.0,78
195.0,78
196.0,78
196.0,78
198.0,79
200.0,80
201.0,81
201.0,81
203.0,82
204.0,83
205.0,84
206.0,85
206.0,85
207.0,86
207.0,86
208.0,87
208.0,87
208.0,87
209.0,88
212.0,88
214.0,88
215.0,89
215.0,89
215.0,89
216.0,90
218.0,90
220.0,91
221.0,92
224.0,92
224.0,92
226.0,92
229.0,93
230.0,94
231.0,95
232.0,96
232.0,96
235.0,96
235.0,96
235.0,96
235.0,96
237.0,97
238.0,98
239.0,99
241.0,100
241.0,100
242.0,101
242.0,101
243.0,102
246.0,102
249.0,103
250.0,103
253.0,103
255.0,104
255.0,104
257.0,105
263.0,106
264.0,106
264.0,106
270.0,107
271.0,107
271.0,107
273.0,108
274.0,108
275.0,109
275.0,109
276.0,110
276.0,110
277.0,111
278.0,112
278.0,112
279.0,113
279.0,113
280.0,114
281.0,115
282.0,115
283.0,116
288.0,116
290.0,117
291.0,117
293.0,117
294.0,118
295.0,119
296.0,120
298.0,121
299.0,121
300.0,122
300.0,122
300.0,122
301.0,123
304.0,124
305.0,124
306.0,125
306.0,125
306.0,125
307.0,126
307.0,126
309.0,127
311.0,127
312.0,127
312.0,127
314.0,127
314.0,127
316.0,128
317.0,129
318.0,129
319.0,130
323.0,130
325.0,131
325.0,131
326.0,132
327.0,132
328.0,132
328.0,132
328.0,132
330.0,133
331.0,134
339.0,135
341.0,136
343.0,137
346.0,137
350.0,138
353.0,139
355.0,140
358.0,141
359.0,141
359.0,141
360.0,142
361.0,143
363.0,143
364.0,143
365.0,143
366.0,144
367.0,145
369.0,146
370.0,147
370.0,147
371.0,147
372.0,147
373.0,148
376.0,148
379.0,149
379.0,149
380.0,150
380.0,150
383.0,151
385.0,152
387.0,152
388.0,153
388.0,153
389.0,154
390.0,155
391.0,156
392.0,157
393.0,158
394.0,159
395.0,160
397.0,161
397.0,161
399.0,161
399.0,161
400.0,161
401.0,162
403.0,163
404.0,163
406.0,164
406.0,164
409.0,164
411.0,165
412.0,166
414.0,167
415.0,168
420.0,168
420.0,168
421.0,169
422.0,169
425.0,170
429.0,170
431.0,171
434.0,171
436.0,172
437.0,173
437.0,173
438.0,173
438.0,173
440.0,173
440.0,173
441.0,174
442.0,174
442.0,174
445.0,175
445.0,175
446.0,175
447.0,175
448.0,176
450.0,177
452.0,177
454.0,177
455.0,178
458.0,178
458.0,178
458.0,178
459.0,179
461.0,179
462.0,179
462.0,179
464.0,180
466.0,180
468.0,180
470.0,180
471.0,181
475.0,182
475.0,182
476.0,183
477.0,183
478.0,184
479.0,185
480.0,186
481.0,187
481.0,187
484.0,188
485.0,189
485.0,189
486.0,190
487.0,191
487.0,191
489.0,192
490.0,193
490.0,193
492.0,194
493.0,195
493.0,195
495.0,196
496.0,197
498.0,197
502.0,197
504.0,198
504.0,198
506.0,199
509.0,199
512.0,200
513.0,200
513.0,200
514.0,201
514.0,201
516.0,202
517.0,202
518.0,203
518.0,203
522.0,203
523.0,204
526.0,205
527.0,205
528.0,206
528.0,206
530.0,206
530.0,206
534.0,207
534.0,207
535.0,207
537.0,207
538.0,208
538.0,208
540.0,209
541.0,209
541.0,209
541.0,209
542.0,210
544.0,211
545.0,212
545.0,212
545.0,212
546.0,213
546.0,213
548.0,214
549.0,215
549.0,215
549.0,215
549.0,215
550.0,216
550.0,216
551.0,217
551.0,217
552.0,218
552.0,218
553.0,219
553.0,219
554.0,220
555.0,220
557.0,220
558.0,221
561.0,221
563.0,222
565.0,223
566.0,224
567.0,225
569.0,225
571.0,226
572.0,227
573.0,228
574.0,229
576.0,229
577.0,229
579.0,229
580.0,229
583.0,230
584.0,230
585.0,231
585.0,231
587.0,232
588.0,233
593.0,234
594.0,234
595.0,234
596.0,235
597.0,236
598.0,237
598.0,237
599.0,238
599.0,238
602.0,239
603.0,239
603.0,239
605.0,240
605.0,240
605.0,240
606.0,241
606.0,241
607.0,242
608.0,242
609.0,242
609.0,242
612.0,243
613.0,243
614.0,243
617.0,243
621.0,244
621.0,244
625.0,245
627.0,245
629.0,246
629.0,246
631.0,247
632.0,247
632.0,247
633.0,248
633.0,248
635.0,249
638.0,249
638.0,249
639.0,249
640.0,250
644.0,250
644.0,250
647.0,251
648.0,252
650.0,253
650.0,253
651.0,254
653.0,255
653.0,255
657.0,256
659.0,256
660.0,257
661.0,258
663.0,259
663.0,259
664.0,259
665.0,260
666.0,261
667.0,262
667.0,262
669.0,263
671.0,263
674.0,264
676.0,265
676.0,265
677.0,266
678.0,267
678.0,267
680.0,267
681.0,268
688.0,268
690.0,268
690.0,268
690.0,268
694.0,269
695.0,270
696.0,271
697.0,272
698.0,272
699.0,272
701.0,273
703.0,273
704.0,274
710.0,275
710.0,275
712.0,276
713.0,277
717.0,278
718.0,279
719.0,280
719.0,280
721.0,281
721.0,281
722.0,281
722.0,281
724.0,281
726.0,282
727.0,283
729.0,284
730.0,284
731.0,285
731.0,285
731.0,285
732.0,286
732.0,286
733.0,287
733.0,287
734.0,288
737.0,288
739.0,288
739.0,288
740.0,289
741.0,290
742.0,290
743.0,291
744.0,291
745.0,291
746.0,291
747.0,292
748.0,293
748.0,293
749.0,294
750.0,295
750.0,295
751.0,296
755.0,297
756.0,298
757.0,299
761.0,300
762.0,301
763.0,301
765.0,302
766.0,302
767.0,303
769.0,304
769.0,304
770.0,305
772.0,306
773.0,307
773.0,307
774.0,307
776.0,308
777.0,308
779.0,308
779.0,308
780.0,309
781.0,310
781.0,310
784.0,310
784.0,310
785.0,311
786.0,312
787.0,313
788.0,314
789.0,314
791.0,315
792.0,315
793.0,316
794.0,317
796.0,317
797.0,317
804.0,317
804.0,317
807.0,318
807.0,318
807.0,318
810.0,319
811.0,320
812.0,321
813.0,321
814.0,321
814.0,321
815.0,322
817.0,323
817.0,323
818.0,324
820.0,325
825.0,325
826.0,325
826.0,325
827.0,326
827.0,326
829.0,326
829.0,326
830.0,327
832.0,327
834.0,327
837.0,328
839.0,328
842.0,329
842.0,329
844.0,329
845.0,330
846.0,331
848.0,332
850.0,333
855.0,333
856.0,333
859.0,334
859.0,334
861.0,335
862.0,335
863.0,335
864.0,336
866.0,337
867.0,338
867.0,338
868.0,339
869.0,340
870.0,341
872.0,342
872.0,342
873.0,343
874.0,343
875.0,344
875.0,344
876.0,344
876.0,344
878.0,345
879.0,345
880.0,345
883.0,346
885.0,347
885.0,347
886.0,348
888.0,348
889.0,348
890.0,348
891.0,348
893.0,348
893.0,348
894.0,349
899.0,349
901.0,350
901.0,350
904.0,351
905.0,352
905.0,352
907.0,353
909.0,353
910.0,354
911.0,354
913.0,355
914.0,356
914.0,356
915.0,357
917.0,357
917.0,357
919.0,358
920.0,359
920.0,359
921.0,360
922.0,361
922.0,361
923.0,362
925.0,363
925.0,363
928.0,364
930.0,364
933.0,365
939.0,365
940.0,365
941.0,366
942.0,367
942.0,367
943.0,368
944.0,369
946.0,369
947.0,370
948.0,371
949.0,372
951.0,373
952.0,374
953.0,375
954.0,375
958.0,376
959.0,377
959.0,377
959.0,377
960.0,378
960.0,378
960.0,378
960.0,378
962.0,379
962.0,379
963.0,379
963.0,379
963.0,379
964.0,380
967.0,381
968.0,382
969.0,382
969.0,382
970.0,382
970.0,382
971.0,383
974.0,384
977.0,384
978.0,385
980.0,386
980.0,386
981.0,386
981.0,386
985.0,386
985.0,386
986.0,387
988.0,387
990.0,387
990.0,387
992.0,388
993.0,388
993.0,388
996.0,389
998.0,390
1000.0,391
1002.0,392
1002.0,392
1005.0,393
1006.0,393
1006.0,393
1008.0,394
1009.0,395
1009.0,395
1010.0,396
1010.0,396
1010.0,396
1012.0,397
1013.0,398
1014.0,399
1014.0,399
1017.0,400
1018.0,401
1019.0,401
1019.0,401
1019.0,401
1021.0,402
1023.0,402
1024.0,403
1024.0,403
1027.0,404
1029.0,405
1029.0,405
1030.0,406
1032.0,407
1033.0,407
1035.0,408
1036.0,409
1037.0,409
1038.0,409
1039.0,409
1042.0,409
1044.0,410
1047.0,411
1049.0,412
1049.0,412
1049.0,412
1049.0,412
1050.0,413
1050.0,413
1051.0,414
1052.0,414
1053.0,415
1053.0,415
1054.0,416
1055.0,417
1055.0,417
1056.0,418
1056.0,418
1056.0,418
1058.0,419
1060.0,420
1061.0,420
1062.0,420
1066.0,420
1066.0,420
1068.0,421
1068.0,421
1071.0,422
1075.0,423
1078.0,423
1080.0,424
1080.0,424
1081.0,424
1082.0,424
1083.0,425
1085.0,425
1086.0,425
1087.0,425
1087.0,425
1089.0,426
1092.0,427
1092.0,427
1094.0,428
1094.0,428
1098.0,429
1099.0,430
1100.0,430
1103.0,430
1104.0,431
1105.0,432
1105.0,432
1106.0,433
1106.0,433
1108.0,434
1110.0,435
1113.0,436
1114.0,437
1117.0,437
1119.0,438
1120.0,439
1120.0,439
1120.0,439
1121.0,440
1121.0,440
1122.0,441
1123.0,442
1124.0,443
1125.0,444
1125.0,444
1125.0,444
1129.0,445
1131.0,446
1134.0,447
1134.0,447
1137.0,448
1138.0,449
1140.0,449
1144.0,449
1144.0,449
1145.0,450
1147.0,450
1148.0,451
1151.0,452
1152.0,453
1152.0,453
1152.0,453
1153.0,454
1153.0,454
1153.0,454
1157.0,454
1158.0,455
1165.0,456
1168.0,457
1170.0,458
1171.0,459
1172.0,459
1172.0,459
1173.0,460
1174.0,461
1176.0,462
1177.0,463
1177.0,463
1178.0,464
1180.0,465
1183.0,466
1184.0,466
1185.0,467
1187.0,467
1189.0,468
1189.0,468
1190.0,469
1191.0,469
1193.0,470
1194.0,470
1195.0,471
1195.0,471
1196.0,471
1197.0,471
1197.0,471
1197.0,471
1199.0,471
1199.0,471
1200.0,472
1202.0,472
1203.0,473
1208.0,473
1208.0,473
1213.0,473
1214.0,474
1215.0,474
1215.0,474
1217.0,475
1218.0,475
1219.0,476
1219.0,476
1220.0,477
1221.0,478
1224.0,478
1225.0,479
1227.0,480
1227.0,480
1232.0,481
1235.0,482
1237.0,482
1238.0,483
1241.0,484
1242.0,485
1242.0,485
1247.0,485
1248.0,486
1249.0,487
1249.0,487
1252.0,488
1253.0,488
1254.0,489
1255.0,489
1255.0,489
1259.0,490
1263.0,491
1265.0,492
1268.0,492
1268.0,492
1269.0,493
1270.0,494
1271.0,495
1271.0,495
1272.0,495
1274.0,495
1275.0,496
1276.0,496
1279.0,497
1280.0,498
1281.0,499
1282.0,500
1282.0,500
1282.0,500
1287.0,501
1288.0,501
1289.0,502
1291.0,503
1291.0,503
1291.0,503
1298.0,504
1299.0,504
1299.0,504
1299.0,504
1301.0,505
1301.0,505
1301.0,505
1301.0,505
1301.0,505
1303.0,506
1304.0,506
1304.0,506
1307.0,507
1308.0,507
1308.0,507
1308.0,507
1310.0,507
1312.0,508
1314.0,508
1315.0,509
1316.0,510
1317.0,510
1320.0,511
1321.0,512
1322.0,513
1322.0,513
1324.0,513
1324.0,513
1325.0,514
1326.0,515
1327.0,515
1328.0,516
1328.0,516
1331.0,517
1332.0,518
1334.0,518
1336.0,518
1337.0,518
1338.0,518
1342.0,519
1344.0,520
1345.0,520
1345.0,520
1347.0,520
1349.0,521
1349.0,521
1355.0,521
1356.0,521
1357.0,521
1358.0,522
1359.0,523
1361.0,523
1365.0,523
1368.0,524
1369.0,524
1370.0,524
1371.0,525
1373.0,525
1374.0,526
1375.0,527
1375.0,527
1377.0,527
1380.0,527
1382.0,527
1383.0,528
1384.0,529
1389.0,529
1391.0,529
1391.0,529
1395.0,530
1396.0,531
1396.0,531
1405.0,532
1407.0,533
1407.0,533
1408.0,534
1410.0,535
1414.0,536
1416.0,536
1419.0,537
1420.0,537
1423.0,537
1424.0,538
1425.0,539
1426.0,539
1427.0,539
1428.0,539
1430.0,539
1432.0,539
1432.0,539
1437.0,540
1438.0,541
1439.0,541
1439.0,541
1441.0,542
1442.0,543
1445.0,543
1446.0,543
1446.0,543
1447.0,544
1453.0,544
1455.0,545
1457.0,546
1463.0,547
1463.0,547
1464.0,548
1465.0,549
1467.0,550
1471.0,551
1471.0,551
1473.0,552
1473.0,552
1474.0,552
1480.0,553
1484.0,553
1484.0,553
1485.0,554
1486.0,554
1487.0,554
1488.0,555
1489.0,556
1491.0,556
1495.0,556
1501.0,557
1501.0,557
1504.0,558
1506.0,558
1507.0,558
1508.0,559
1509.0,560
1509.0,560
1509.0,560
1510.0,561
1511.0,562
1512.0,562
1512.0,562
1513.0,562
1514.0,563
1514.0,563
1515.0,564
1516.0,564
1518.0,564
1519.0,565
1520.0,565
1525.0,566
1526.0,566
1528.0,566
1530.0,566
1535.0,567
1536.0,568
1536.0,568
1536.0,568
1540.0,569
1543.0,569
1544.0,570
1544.0,570
1545.0,571
1547.0,571
1549.0,572
1550.0,572
1555.0,572
1560.0,572
1560.0,572
1560.0,572
1561.0,572
1561.0,572
1563.0,572
1564.0,573
1566.0,573
1568.0,574
1569.0,575
1570.0,576
1571.0,577
1572.0,578
1573.0,579
1574.0,580
1576.0,580
1578.0,581
1580.0,582
1581.0,583
1582.0,584
1583.0,585
1583.0,585
1588.0,586
1589.0,587
1589.0,587
1590.0,588
1591.0,589
1597.0,590
1598.0,591
1599.0,592
1600.0,592
1602.0,593
1603.0,593
1603.0,593
1605.0,594
1606.0,595
1607.0,596
1607.0,596
1608.0,597
1610.0,598
1616.0,599
1617.0,600
1617.0,600
1618.0,601
1620.0,601
1623.0,601
1624.0,601
1625.0,601
1628.0,602
1628.0,602
1629.0,603
1633.0,604
1636.0,604
1638.0,605
1638.0,605
1639.0,606
1639.0,606
1639.0,606
1640.0,607
1642.0,607
1643.0,608
1644.0,609
1646.0,610
1647.0,611
1648.0,612
1649.0,612
1650.0,613
1651.0,614
1652.0,615
1652.0,615
1654.0,615
1656.0,616
1656.0,616
1657.0,617
1659.0,618
1661.0,619
1661.0,619
1661.0,619
1663.0,620
1664.0,621
1665.0,621
1666.0,622
1669.0,622
1670.0,623
1671.0,624
1672.0,625
1672.0,625
1673.0,625
1673.0,625
1673.0,625
1675.0,626
1676.0,626
1677.0,627
1678.0,628
1680.0,629
1680.0,629
1684.0,630
1684.0,630
1685.0,631
1687.0,632
1688.0,632
1691.0,632
1693.0,632
1693.0,632
1696.0,632
1696.0,632
1697.0,633
1698.0,634
1698.0,634
1701.0,635
1701.0,635
1703.0,636
1706.0,637
1707.0,638
1708.0,639
1713.0,640
1714.0,640
1716.0,640
1718.0,641
1720.0,642
1720.0,642
1720.0,642
1721.0,642
1725.0,643
1726.0,643
1728.0,644
1729.0,644
1730.0,644
1730.0,644
1731.0,645
1732.0,646
1732.0,646
1734.0,647
1735.0,648
1735.0,648
1736.0,649
1737.0,649
1740.0,649
1740.0,649
1747.0,649
1747.0,649
1749.0,649
1749.0,649
1750.0,650
1750.0,650
1750.0,650
1751.0,651
1752.0,652
1753.0,652
1753.0,652
1755.0,653
1755.0,653
1756.0,653
1757.0,654
1757.0,654
1758.0,654
1758.0,654
1759.0,655
1764.0,656
1766.0,657
1768.0,657
1768.0,657
1768.0,657
1769.0,658
1770.0,658
1770.0,658
1770.0,658
1772.0,659
1776.0,660
1776.0,660
1778.0,661
1779.0,662
1781.0,662
1783.0,663
1786.0,664
1786.0,664
1788.0,665
1788.0,665
1795.0,666
1797.0,667
1798.0,667
1798.0,667
1799.0,668
1804.0,668
1805.0,669
1809.0,670
1812.0,671
1812.0,671
1812.0,671
1813.0,672
1817.0,672
1819.0,673
1821.0,674
1824.0,675
1825.0,676
1831.0,676
1831.0,676
1833.0,676
1834.0,677
1835.0,678
1842.0,679
1843.0,680
1843.0,680
1843.0,680
1847.0,681
1848.0,682
1848.0,682
1849.0,683
1850.0,683
1850.0,683
1850.0,683
1850.0,683
1853.0,684
1855.0,685
1857.0,685
1859.0,685
1859.0,685
1862.0,686
1862.0,686
1863.0,687
1865.0,688
1866.0,688
1868.0,689
1869.0,690
1873.0,691
1873.0,691
1873.0,691
1875.0,692
1876.0,692
1881.0,692
1881.0,692
1882.0,693
1891.0,693
1892.0,693
1892.0,693
1894.0,694
1900.0,694
1902.0,695
1903.0,696
1908.0,696
1908.0,696
1911.0,697
1911.0,697
1913.0,698
1913.0,698
1915.0,699
1916.0,700
1918.0,701
1919.0,702
1920.0,703
1920.0,703
1920.0,703
1921.0,704
1923.0,705
1924.0,706
1924.0,706
1926.0,707
1927.0,707
1927.0,707
1929.0,708
1930.0,709
1932.0,710
1933.0,710
1937.0,711
1939.0,712
1940.0,712
1940.0,712
1941.0,713
1942.0,714
1942.0,714
1943.0,715
1944.0,715
1947.0,716
1949.0,717
1951.0,718
1951.0,718
1952.0,719
1952.0,719
1954.0,719
1955.0,719
1955.0,719
1957.0,720
1958.0,720
1961.0,720
1962.0,720
1964.0,721
1965.0,722
1965.0,722
1965.0,722
1966.0,723
1967.0,724
1968.0,725
1969.0,725
1971.0,725
1972.0,726
1972.0,726
1973.0,727
1974.0,728
1975.0,729
1979.0,730
1980.0,731
1982.0,732
1983.0,733
1986.0,734
1987.0,735
1988.0,736
1990.0,736
1991.0,737
1992.0,737
1993.0,738
1994.0,739
1995.0,740
1995.0,740
1997.0,741
1998.0,741
2000.0,741
2001.0,742
2001.0,742
2003.0,743
2004.0,744
2005.0,745
2008.0,745
2009.0,746
2010.0,747
2013.0,747
2015.0,748
2016.0,749
2017.0,749
2017.0,749
2018.0,750
2019.0,750
2021.0,751
2022.0,751
2023.0,751
2024.0,752
2026.0,752
2027.0,752
2027.0,752
2030.0,753
2031.0,754
2031.0,754
2032.0,754
2033.0,754
2035.0,755
2035.0,755
2037.0,756
2038.0,756
2038.0,756
2041.0,756
2041.0,756
2042.0,757
2042.0,757
2046.0,758
2047.0,759
2050.0,759
2051.0,760
2052.0,761
2055.0,762
2056.0,763
2056.0,763
2056.0,763
2058.0,764
2058.0,764
2060.0,765
2062.0,766
2063.0,767
2064.0,768
2068.0,768
2069.0,769
2070.0,770
2070.0,770
2071.0,771
2073.0,772
2074.0,772
2075.0,772
2075.0,772
2077.0,773
2078.0,774
2080.0,774
2080.0,774
2080.0,774
2081.0,775
2081.0,775
2083.0,775
2083.0,775
2085.0,776
2086.0,777
2088.0,777
2089.0,777
2094.0,777
2095.0,778
2096.0,779
2096.0,779
2099.0,780
2099.0,780
2099.0,780
2103.0,781
2105.0,781
2108.0,781
2110.0,782
2111.0,783
2113.0,784
2113.0,784
2116.0,784
2117.0,784
2118.0,785
2118.0,785
2118.0,785
2121.0,786
2122.0,786
2122.0,786
2123.0,787
2124.0,788
2124.0,788
2127.0,789
2127.0,789
2128.0,790
2130.0,791
2131.0,792
2133.0,792
2133.0,792
2134.0,793
2134.0,793
2137.0,794
2139.0,795
2140.0,795
2142.0,796
2143.0,796
2144.0,797
2145.0,797
2148.0,798
2149.0,799
2149.0,799
2151.0,800
2152.0,800
2153.0,800
2155.0,801
2156.0,801
2156.0,801
2159.0,802
2160.0,803
2162.0,804
2163.0,804
2163.0,804
2164.0,805
2166.0,806
2166.0,806
2169.0,807
2170.0,808
2172.0,808
2173.0,809
2175.0,810
2176.0,811
2178.0,812
2179.0,812
2181.0,812
2182.0,813
2183.0,814
2184.0,815
2185.0,816
2185.0,816
2186.0,816
2187.0,817
2189.0,817
2190.0,817
2191.0,818
2194.0,818
2196.0,818
2196.0,818
2197.0,819
2198.0,819
2198.0,819
2200.0,820
2201.0,820
2202.0,821
2203.0,822
2204.0,823
2205.0,824
2207.0,824
2207.0,824
2208.0,824
2208.0,824
2212.0,824
2213.0,825
2214.0,825
2215.0,826
2216.0,826
2218.0,826
2218.0,826
2219.0,827
2225.0,828
2226.0,828
2227.0,828
2228.0,828
2229.0,828
2233.0,828
2235.0,829
2237.0,830
2238.0,831
2239.0,831
2241.0,831
2242.0,831
2242.0,831
2243.0,832
2245.0,832
2246.0,833
2247.0,834
2249.0,835
2250.0,836
2251.0,836
2254.0,837
2255.0,837
2255.0,837
2256.0,838
2258.0,839
2262.0,840
2265.0,840
2265.0,840
2266.0,841
2268.0,842
2269.0,843
2270.0,844
2271.0,844
2271.0,844
2272.0,845
2272.0,845
2275.0,845
2278.0,845
2280.0,846
2281.0,846
2282.0,847
2285.0,848
2286.0,848
2287.0,849
2288.0,849
2289.0,849
2290.0,849
2291.0,850
2293.0,851
2296.0,851
2298.0,851
2299.0,851
2302.0,852
2302.0,852
2303.0,853
2303.0,853
2305.0,854
2306.0,855
2307.0,855
2307.0,855
2308.0,856
2310.0,856
2311.0,857
2312.0,858
2313.0,859
2314.0,859
2314.0,859
2316.0,860
2317.0,861
2319.0,862
2320.0,863
2321.0,864
2323.0,865
2323.0,865
2324.0,866
2325.0,867
2326.0,868
2327.0,868
2328.0,868
2330.0,869
2330.0,869
2331.0,869
2333.0,870
2334.0,871
2335.0,872
2337.0,873
2337.0,873
2340.0,873
2340.0,873
2341.0,874
2343.0,875
2344.0,876
2345.0,876
2346.0,877
2346.0,877
2347.0,877
2351.0,878
2352.0,879
2354.0,879
2356.0,879
2356.0,879
2359.0,879
2359.0,879
2360.0,880
2360.0,880
2360.0,880
2361.0,881
2361.0,881
2362.0,882
2363.0,883
2364.0,883
2365.0,883
2366.0,884
2366.0,884
2367.0,885
2367.0,885
2369.0,885
2370.0,886
2371.0,886
2371.0,886
2374.0,887
2374.0,887
2376.0,888
2377.0,889
2379.0,890
2382.0,890
2383.0,891
2385.0,892
2385.0,892
2386.0,893
2387.0,893
2389.0,894
2389.0,894
2390.0,895
2392.0,896
2393.0,896
2393.0,896
2393.0,896
2397.0,896
2398.0,897
2399.0,898
2399.0,898
2399.0,898
2400.0,899
2400.0,899
2401.0,899
2403.0,899
2404.0,900
2405.0,901
2408.0,902
2409.0,903
2409.0,903
2410.0,904
2411.0,905
2412.0,906
2413.0,907
2414.0,908
2416.0,908
2416.0,908
2417.0,908
2418.0,908
2418.0,908
2421.0,908
2422.0,909
2423.0,909
2424.0,909
2424.0,909
2425.0,910
2425.0,910
2427.0,911
2427.0,911
2430.0,912
2433.0,912
2434.0,913
2439.0,914
2442.0,914
2442.0,914
2448.0,915
2450.0,915
2451.0,916
2452.0,916
2452.0,916
2453.0,917
2454.0,917
2454.0,917
2455.0,918
2455.0,918
2457.0,919
2458.0,920
2461.0,921
2462.0,922
2463.0,922
2463.0,922
2470.0,923
2471.0,924
2472.0,925
2473.0,926
2474.0,927
2474.0,927
2475.0,928
2476.0,929
2480.0,930
2481.0,931
2483.0,931
2485.0,931
2485.0,931
2486.0,932
2488.0,933
2488.0,933
2491.0,933
2492.0,933
2492.0,933
2493.0,933
2494.0,933
2496.0,934
2498.0,935
2499.0,936
2501.0,936
2502.0,937
2502.0,937
2504.0,937
2505.0,938
2506.0,939
2508.0,940
2509.0,941
2509.0,941
2511.0,942
2511.0,942
2511.0,942
2512.0,943
2512.0,943
2516.0,943
2518.0,944
2519.0,944
2520.0,945
2521.0,946
2522.0,947
2523.0,948
2525.0,949
2526.0,950
2526.0,950
2527.0,950
2528.0,951
2528.0,951
2529.0,951
2530.0,952
2533.0,952
2534.0,953
2539.0,954
2541.0,954
2543.0,955
2544.0,956
2545.0,956
2546.0,956
2547.0,956
2548.0,956
2549.0,957
2550.0,957
2551.0,957
2551.0,957
2553.0,957
2554.0,958
2555.0,959
2555.0,959
2556.0,960
2556.0,960
2557.0,961
2558.0,962
2558.0,962
2560.0,963
2560.0,963
2561.0,964
2565.0,964
2567.0,965
2567.0,965
2569.0,966
2571.0,967
2572.0,968
2575.0,968
2576.0,969
2577.0,970
2578.0,971
2579.0,971
2579.0,971
2580.0,971
2581.0,972
2584.0,973
2585.0,973
2586.0,973
2589.0,974
2589.0,974
2590.0,975
2591.0,976
2593.0,976
2596.0,977
2597.0,978
2598.0,978
2600.0,979
2603.0,979
2604.0,979
2604.0,979
2607.0,979
2609.0,980
2609.0,980
2609.0,980
2611.0,981
2612.0,982
2613.0,982
2613.0,982
2614.0,982
2617.0,982
2618.0,983
2619.0,984
2619.0,984
2620.0,985
2622.0,985
2622.0,985
2623.0,986
2624.0,987
2625.0,988
2625.0,988
2626.0,988
2628.0,989
2630.0,990
2630.0,990
2633.0,991
2634.0,992
2635.0,992
2636.0,992
2637.0,993
2639.0,994
2641.0,994
2641.0,994
2641.0,994
2643.0,994
2643.0,994
2644.0,995
2644.0,995
2645.0,995
2646.0,995
2652.0,996
2653.0,996
2653.0,996
2655.0,997
2655.0,997
2659.0,998
2660.0,998
2662.0,999
2663.0,1000
2663.0,1000
2663.0,1000
2665.0,1001
2665.0,1001
2665.0,1001
2668.0,1002
2669.0,1002
2669.0,1002
2670.0,1003
2671.0,1004
2672.0,1005
2673.0,1006
2673.0,1006
2674.0,1007
2678.0,1008
2679.0,1009
2681.0,1010
2681.0,1010
2682.0,1011
2684.0,1012
2684.0,1012
2687.0,1013
2690.0,1014
2692.0,1015
2699.0,1016
2699.0,1016
2702.0,1017
2706.0,1018
2708.0,1018
2713.0,1018
2714.0,1018
2716.0,1019
2716.0,1019
2717.0,1019
2717.0,1019
2718.0,1020
2720.0,1020
2723.0,1020
2724.0,1021
2725.0,1021
2725.0,1021
2725.0,1021
2727.0,1022
2730.0,1022
2731.0,1023
2732.0,1024
2735.0,1025
2737.0,1025
2738.0,1026
2741.0,1027
2742.0,1028
2751.0,1029
2751.0,1029
2756.0,1030
2756.0,1030
2757.0,1031
2759.0,1031
2760.0,1032
2764.0,1033
2764.0,1033
2765.0,1034
2767.0,1034
2768.0,1035
2768.0,1035
2769.0,1035
2769.0,1035
2770.0,1036
2770.0,1036
2771.0,1037
2772.0,1038
2772.0,1038
2772.0,1038
2773.0,1039
2774.0,1040
2775.0,1041
2776.0,1042
2776.0,1042
2777.0,1043
2778.0,1044
2779.0,1045
2780.0,1046
2781.0,1046
2782.0,1046
2785.0,1047
2787.0,1047
2788.0,1048
2790.0,1049
2790.0,1049
2791.0,1050
2792.0,1051
2792.0,1051
2793.0,1052
2793.0,1052
2794.0,1052
2794.0,1052
2795.0,1053
2796.0,1053
2797.0,1053
2798.0,1053
2799.0,1054
2800.0,1055
2800.0,1055
2800.0,1055
2802.0,1056
2802.0,1056
2804.0,1057
2805.0,1058
2806.0,1058
2806.0,1058
2807.0,1059
2808.0,1060
2812.0,1060
2812.0,1060
2814.0,1061
2819.0,1061
2820.0,1061
2820.0,1061
2820.0,1061
2822.0,1062
2824.0,1062
2826.0,1063
2828.0,1064
2830.0,1064
2833.0,1065
2834.0,1066
2834.0,1066
2835.0,1067
2836.0,1068
2837.0,1068
2838.0,1068
2839.0,1068
2840.0,1069
2840.0,1069
2841.0,1070
2842.0,1071
2843.0,1071
2843.0,1071
2844.0,1071
2845.0,1072
2846.0,1072
2848.0,1072
2850.0,1072
2852.0,1072
2854.0,1072
2856.0,1072
2857.0,1073
2860.0,1074
2861.0,1075
2862.0,1076
2862.0,1076
2862.0,1076
2863.0,1077
2865.0,1078
2867.0,1079
2868.0,1079
2869.0,1079
2870.0,1080
2870.0,1080
2871.0,1081
2871.0,1081
2875.0,1082
2876.0,1083
2878.0,1083
2879.0,1084
2881.0,1084
2882.0,1085
2882.0,1085
2883.0,1086
2883.0,1086
2884.0,1087
2885.0,1088
2887.0,1088
2889.0,1089
2891.0,1089
2893.0,1090
2894.0,1090
2895.0,1090
2896.0,1091
2898.0,1091
2899.0,1092
2899.0,1092
2902.0,1093
2903.0,1094
2906.0,1095
2908.0,1095
2909.0,1096
2910.0,1096
2912.0,1096
2913.0,1097
2914.0,1097
2915.0,1098
2915.0,1098
2916.0,1099
2916.0,1099
2917.0,1099
2919.0,1100
2920.0,1100
2925.0,1100
2928.0,1101
2930.0,1101
2931.0,1102
2932.0,1102
2932.0,1102
2934.0,1103
2935.0,1103
2935.0,1103
2937.0,1104
2938.0,1105
2939.0,1106
2939.0,1106
2939.0,1106
2940.0,1106
2941.0,1107
2942.0,1108
2943.0,1108
2945.0,1109
2946.0,1110
2947.0,1111
2947.0,1111
2949.0,1112
2950.0,1112
2951.0,1113
2951.0,1113
2952.0,1114
2953.0,1114
2953.0,1114
2954.0,1115
2954.0,1115
2955.0,1115
2956.0,1116
2957.0,1116
2961.0,1117
2961.0,1117
2962.0,1118
2964.0,1119
2964.0,1119
2966.0,1120
2967.0,1120
2968.0,1121
2969.0,1122
2971.0,1123
2972.0,1123
2972.0,1123
2975.0,1124
2976.0,1125
2977.0,1125
2977.0,1125
2978.0,1125
2980.0,1125
2981.0,1126
2981.0,1126
2982.0,1127
2986.0,1127
2986.0,1127
2989.0,1128
2990.0,1129
2990.0,1129
2993.0,1130
2997.0,1131
2997.0,1131
2997.0,1131
2998.0,1131
3002.0,1132
3002.0,1132
3003.0,1133
3004.0,1134
3010.0,1135
3013.0,1135
3014.0,1136
3015.0,1137
3015.0,1137
3017.0,1138
3018.0,1138
3018.0,1138
3018.0,1138
3019.0,1139
3022.0,1140
3023.0,1141
3023.0,1141
3024.0,1142
3024.0,1142
3025.0,1142
3025.0,1142
3026.0,1142
3027.0,1142
3027.0,1142
3028.0,1143
3030.0,1143
3030.0,1143
3031.0,1144
3033.0,1144
3039.0,1144
3039.0,1144
3041.0,1145
3042.0,1146
3042.0,1146
3046.0,1147
3048.0,1148
3049.0,1149
3051.0,1149
3051.0,1149
3053.0,1150
3054.0,1151
3055.0,1152
3055.0,1152
3055.0,1152
3055.0,1152
3056.0,1153
3057.0,1154
3060.0,1154
3060.0,1154
3060.0,1154
3061.0,1155
3062.0,1156
3063.0,1156
3063.0,1156
3064.0,1157
3065.0,1157
3066.0,1157
3067.0,1158
3071.0,1158
3072.0,1158
3073.0,1159
3074.0,1160
3074.0,1160
3075.0,1160
3076.0,1161
3076.0,1161
3077.0,1162
3077.0,1162
3078.0,1163
3080.0,1164
3081.0,1164
3083.0,1165
3083.0,1165
3083.0,1165
3084.0,1166
3086.0,1167
3086.0,1167
3087.0,1168
3087.0,1168
3088.0,1169
3091.0,1170
3093.0,1170
3093.0,1170
3094.0,1171
3095.0,1171
3096.0,1172
3098.0,1173
3099.0,1173
3100.0,1173
3101.0,1173
3102.0,1173
3104.0,1174
3105.0,1174
3109.0,1174
3111.0,1175
3112.0,1176
3114.0,1177
3115.0,1177
3117.0,1178
3118.0,1179
3119.0,1180
3119.0,1180
3123.0,1181
3123.0,1181
3126.0,1182
3127.0,1183
3129.0,1184
3130.0,1184
3131.0,1185
3133.0,1186
3140.0,1187
3141.0,1187
3144.0,1187
3144.0,1187
3144.0,1187
3146.0,1188
3146.0,1188
3147.0,1189
3148.0,1190
3149.0,1191
3150.0,1192
3151.0,1193
3152.0,1193
3157.0,1194
3160.0,1194
3161.0,1195
3161.0,1195
3162.0,1196
3163.0,1197
3165.0,1198
3167.0,1199
3168.0,1200
3169.0,1201
3170.0,1201
3171.0,1202
3171.0,1202
3172.0,1202
3173.0,1202
3174.0,1203
3175.0,1204
3175.0,1204
3177.0,1204
3177.0,1204
3181.0,1205
3182.0,1206
3184.0,1207
3184.0,1207
3185.0,1207
3186.0,1208
3187.0,1209
3189.0,1209
3189.0,1209
3189.0,1209
3189.0,1209
3192.0,1210
3194.0,1211
3195.0,1211
3195.0,1211
3199.0,1212
3201.0,1213
3202.0,1213
3202.0,1213
3204.0,1213
3205.0,1214
3207.0,1215
3207.0,1215
3208.0,1215
3209.0,1215
3210.0,1216
3211.0,1216
3212.0,1217
3213.0,1217
3214.0,1218
3216.0,1219
3217.0,1219
3218.0,1220
3221.0,1221
3222.0,1222
3224.0,1223
3227.0,1224
3228.0,1225
3228.0,1225
3229.0,1226
3236.0,1226
3237.0,1226
3238.0,1227
3238.0,1227
3239.0,1228
3241.0,1228
3244.0,1229
3245.0,1230
3245.0,1230
3246.0,1231
3246.0,1231
3249.0,1231
3250.0,1231
3252.0,1231
3254.0,1232
3255.0,1232
3257.0,1232
3257.0,1232
3257.0,1232
3259.0,1233
3259.0,1233
3261.0,1234
3263.0,1234
3264.0,1234
3265.0,1235
3265.0,1235
3266.0,1236
3266.0,1236
3267.0,1237
3268.0,1238
3269.0,1239
3269.0,1239
3272.0,1240
3273.0,1241
3274.0,1242
3276.0,1243
3276.0,1243
3276.0,1243
3277.0,1244
3279.0,1245
3279.0,1245
3280.0,1245
3281.0,1245
3281.0,1245
3282.0,1246
3283.0,1247
3283.0,1247
3284.0,1248
3286.0,1249
3287.0,1249
3290.0,1250
3291.0,1250
3293.0,1251
3295.0,1252
3297.0,1253
3298.0,1254
3299.0,1254
3300.0,1255
3303.0,1256
3304.0,1256
3304.0,1256
3305.0,1257
3307.0,1258
3309.0,1259
3309.0,1259
3310.0,1260
3311.0,1260
3311.0,1260
3312.0,1261
3314.0,1261
3315.0,1261
3315.0,1261
3315.0,1261
3316.0,1262
3317.0,1262
3318.0,1263
3319.0,1264
3319.0,1264
3321.0,1265
3321.0,1265
3324.0,1266
3324.0,1266
3327.0,1267
3331.0,1268
3331.0,1268
3332.0,1268
3334.0,1268
3334.0,1268
3334.0,1268
3335.0,1269
3338.0,1270
3341.0,1271
3341.0,1271
3342.0,1272
3343.0,1272
3346.0,1273
3349.0,1273
3349.0,1273
3350.0,1274
3351.0,1274
3352.0,1274
3353.0,1274
3355.0,1275
3357.0,1276
3360.0,1277
3361.0,1277
3363.0,1278
3363.0,1278
3364.0,1279
3365.0,1280
3368.0,1280
3370.0,1281
3372.0,1281
3372.0,1281
3373.0,1282
3375.0,1283
3376.0,1284
3377.0,1284
3378.0,1285
3378.0,1285
3379.0,1286
3379.0,1286
3380.0,1287
3381.0,1288
3381.0,1288
3382.0,1289
3382.0,1289
3383.0,1290
3383.0,1290
3384.0,1291
3386.0,1291
3387.0,1292
3387.0,1292
3390.0,1293
3390.0,1293
3392.0,1294
3394.0,1294
3396.0,1295
3397.0,1295
3397.0,1295
3399.0,1296
3400.0,1297
3401.0,1298
3402.0,1298
3403.0,1298
3403.0,1298
3403.0,1298
3404.0,1299
3404.0,1299
3405.0,1299
3410.0,1299
3413.0,1299
3414.0,1300
3415.0,1301
3416.0,1301
3418.0,1301
3419.0,1302
3420.0,1303
3421.0,1304
3421.0,1304
3423.0,1305
3424.0,1306
3424.0,1306
3424.0,1306
3425.0,1307
3426.0,1308
3429.0,1309
3432.0,1309
3435.0,1310
3436.0,1311
3436.0,1311
3439.0,1311
3441.0,1311
3445.0,1311
3448.0,1312
3450.0,1312
3450.0,1312
3458.0,1313
3460.0,1314
3460.0,1314
3461.0,1315
3462.0,1315
3463.0,1315
3464.0,1316
3465.0,1317
3465.0,1317
3466.0,1317
3467.0,1318
3467.0,1318
3469.0,1319
3472.0,1320
3472.0,1320
3476.0,1321
3477.0,1322
3478.0,1322
3481.0,1322
3482.0,1322
3482.0,1322
3484.0,1323
3485.0,1323
3486.0,1323
3486.0,1323
3487.0,1324
3487.0,1324
3488.0,1325
3489.0,1326
3490.0,1327
3493.0,1328
3495.0,1328
3497.0,1329
3498.0,1330
3498.0,1330
3499.0,1331
3501.0,1331
3502.0,1332
3502.0,1332
3502.0,1332
3504.0,1333
3505.0,1333
3505.0,1333
3508.0,1334
3509.0,1335
3510.0,1336
3512.0,1336
3513.0,1337
3513.0,1337
3514.0,1338
3514.0,1338
3514.0,1338
3517.0,1339
3518.0,1339
3522.0,1339
3523.0,1340
3524.0,1340
3524.0,1340
3526.0,1340
3526.0,1340
3527.0,1340
3528.0,1341
3528.0,1341
3529.0,1342
3532.0,1343
3533.0,1343
3533.0,1343
3535.0,1344
3536.0,1344
3537.0,1344
3538.0,1345
3539.0,1345
3546.0,1345
3546.0,1345
3550.0,1346
3551.0,1347
3552.0,1348
3555.0,1348
3555.0,1348
3555.0,1348
3556.0,1349
3559.0,1350
3559.0,1350
3560.0,1351
3562.0,1352
3564.0,1353
3566.0,1354
3566.0,1354
3568.0,1355
3568.0,1355
3572.0,1356
3572.0,1356
3573.0,1356
3575.0,1356
3577.0,1357
3579.0,1358
3582.0,1358
3583.0,1359
3585.0,1360
3586.0,1360
3587.0,1361
3589.0,1362
3594.0,1362
3595.0,1363
3596.0,1363
3596.0,1363
3596.0,1363
3598.0,1364
3598.0,1364
3600.0,1364
3602.0,1364
3602.0,1364
3605.0,1364
3605.0,1364
3606.0,1365
3606.0,1365
3608.0,1366
3609.0,1366
3610.0,1367
3613.0,1368
3614.0,1369
3615.0,1369
3616.0,1369
3617.0,1370
3619.0,1370
3620.0,1371
3621.0,1372
3622.0,1372
3623.0,1373
3625.0,1374
3627.0,1375
3628.0,1375
3629.0,1376
3632.0,1377
3634.0,1378
3635.0,1379
3637.0,1380
3644.0,1381
3645.0,1381
3649.0,1382
3649.0,1382
3651.0,1383
3651.0,1383
3651.0,1383
3651.0,1383
3654.0,1384
3654.0,1384
3655.0,1385
3655.0,1385
3659.0,1386
3660.0,1387
3661.0,1387
3661.0,1387
3661.0,1387
3665.0,1388
3666.0,1389
3667.0,1389
3667.0,1389
3668.0,1390
3668.0,1390
3668.0,1390
3670.0,1391
3670.0,1391
3671.0,1392
3671.0,1392
3672.0,1393
3674.0,1394
3675.0,1395
3676.0,1395
3678.0,1396
3681.0,1396
3683.0,1396
3684.0,1397
3684.0,1397
3685.0,1398
3687.0,1399
3687.0,1399
3688.0,1400
3689.0,1400
3690.0,1400
3691.0,1400
3693.0,1401
3696.0,1402
3698.0,1403
3699.0,1404
3701.0,1404
3702.0,1405
3706.0,1406
3708.0,1406
3709.0,1407
3710.0,1408
3717.0,1408
3719.0,1408
3724.0,1409
3725.0,1410
3727.0,1411
3727.0,1411
3727.0,1411
3728.0,1412
3728.0,1412
3729.0,1413
3730.0,1414
3730.0,1414
3731.0,1415
3733.0,1416
3734.0,1417
3736.0,1418
3736.0,1418
3739.0,1419
3739.0,1419
3740.0,1420
3741.0,1420
3741.0,1420
3741.0,1420
3743.0,1421
3746.0,1421
3746.0,1421
3747.0,1422
3748.0,1423
3749.0,1423
3750.0,1424
3750.0,1424
3750.0,1424
3752.0,1425
3753.0,1426
3754.0,1427
3755.0,1427
3758.0,1428
3758.0,1428
3763.0,1429
3764.0,1430
3765.0,1430
3765.0,1430
3765.0,1430
3768.0,1431
3770.0,1431
3776.0,1432
3777.0,1433
3777.0,1433
3778.0,1433
3781.0,1434
3782.0,1434
3783.0,1435
3783.0,1435
3783.0,1435
3785.0,1436
3787.0,1437
3788.0,1438
3789.0,1439
3790.0,1439
3791.0,1439
3792.0,1440
3793.0,1441
3794.0,1441
3794.0,1441
3795.0,1442
3796.0,1442
3797.0,1442
3798.0,1443
3799.0,1444
3800.0,1445
3802.0,1446
3802.0,1446
3803.0,1446
3805.0,1446
3808.0,1446
3809.0,1447
3809.0,1447
3811.0,1448
3811.0,1448
3811.0,1448
3812.0,1449
3814.0,1449
3815.0,1450
3818.0,1451
3819.0,1452
3820.0,1452
3823.0,1453
3823.0,1453
3824.0,1454
3826.0,1455
3826.0,1455
3828.0,1455
3830.0,1456
3831.0,1457
3832.0,1457
3832.0,1457
3834.0,1458
3836.0,1459
3836.0,1459
3837.0,1459
3839.0,1460
3842.0,1461
3843.0,1461
3843.0,1461
3844.0,1462
3844.0,1462
3845.0,1463
3845.0,1463
3846.0,1464
3846.0,1464
3847.0,1464
3848.0,1465
3849.0,1466
3851.0,1466
3853.0,1467
3856.0,1468
3857.0,1468
3858.0,1469
3859.0,1470
3861.0,1470
3862.0,1471
3863.0,1472
3865.0,1472
3866.0,1473
3866.0,1473
3867.0,1474
3869.0,1474
3869.0,1474
3870.0,1475
3872.0,1476
3873.0,1477
3874.0,1478
3874.0,1478
3876.0,1479
3877.0,1479
3879.0,1480
3879.0,1480
3880.0,1481
3881.0,1481
3881.0,1481
3881.0,1481
3882.0,1482
3882.0,1482
3884.0,1483
3885.0,1483
3885.0,1483
3886.0,1483
3887.0,1484
3887.0,1484
3888.0,1485
3889.0,1485
3892.0,1486
3895.0,1487
3895.0,1487
3896.0,1487
3898.0,1487
3898.0,1487
3898.0,1487
3899.0,1488
3903.0,1489
3903.0,1489
3904.0,1490
3905.0,1491
3909.0,1492
3910.0,1493
3912.0,1493
3912.0,1493
3918.0,1493
3918.0,1493
3920.0,1494
3921.0,1495
3922.0,1496
3923.0,1496
3924.0,1497
3926.0,1498
3928.0,1498
3928.0,1498
3929.0,1499
3934.0,1499
3935.0,1500
3937.0,1501
3942.0,1502
3942.0,1502
3943.0,1503
3943.0,1503
3946.0,1503
3947.0,1504
3947.0,1504
3947.0,1504
3948.0,1504
3948.0,1504
3950.0,1505
3951.0,1506
3954.0,1507
3954.0,1507
3955.0,1508
3956.0,1509
3958.0,1509
3959.0,1509
3960.0,1510
3963.0,1511
3964.0,1511
3964.0,1511
3966.0,1512
3966.0,1512
3966.0,1512
3967.0,1513
3968.0,1514
3969.0,1515
3971.0,1515
3974.0,1516
3977.0,1516
3978.0,1516
3980.0,1517
3981.0,1518
3982.0,1519
3984.0,1520
3987.0,1521
3987.0,1521
3987.0,1521
3990.0,1522
3993.0,1523
3993.0,1523
3993.0,1523
3994.0,1524
3995.0,1525
3996.0,1525
3996.0,1525
3998.0,1526
3999.0,1527
4000.0,1528
4001.0,1528
4001.0,1528
4003.0,1529
4005.0,1530
4006.0,1531
4008.0,1531
4010.0,1531
4011.0,1532
4012.0,1533
4013.0,1534
4014.0,1535
4017.0,1536
4017.0,1536
4018.0,1536
4019.0,1536
4020.0,1536
4023.0,1536
4024.0,1536
4027.0,1537
4030.0,1538
4031.0,1539
4031.0,1539
4034.0,1539
4037.0,1540
4038.0,1541
4038.0,1541
4038.0,1541
4040.0,1542
4041.0,1542
4043.0,1542
4044.0,1542
4044.0,1542
4046.0,1543
4047.0,1544
4048.0,1544
4049.0,1544
4049.0,1544
4050.0,1545
4050.0,1545
4051.0,1546
4051.0,1546
4057.0,1546
4058.0,1546
4059.0,1547
4059.0,1547
4062.0,1548
4062.0,1548
4063.0,1549
4064.0,1550
4066.0,1550
4066.0,1550
4067.0,1551
4068.0,1551
4070.0,1551
4077.0,1551
4079.0,1551
4080.0,1551
4080.0,1551
4081.0,1552
4083.0,1553
4083.0,1553
4083.0,1553
4084.0,1553
4086.0,1554
4087.0,1554
4087.0,1554
4088.0,1555
4089.0,1555
4090.0,1555
4094.0,1556
4095.0,1556
4098.0,1557
4104.0,1558
4108.0,1558
4112.0,1559
4112.0,1559
4115.0,1560
4116.0,1561
4117.0,1561
4117.0,1561
4118.0,1562
4122.0,1563
4124.0,1563
4125.0,1564
4127.0,1565
4131.0,1566
4132.0,1567
4134.0,1567
4134.0,1567
4135.0,1568
4136.0,1568
4136.0,1568
4137.0,1568
4137.0,1568
4139.0,1569
4140.0,1569
4143.0,1570
4143.0,1570
4144.0,1571
4144.0,1571
4145.0,1572
4146.0,1573
4147.0,1574
4150.0,1574
4152.0,1575
4153.0,1576
4155.0,1577
4155.0,1577
4157.0,1578
4157.0,1578
4158.0,1578
4158.0,1578
4159.0,1579
4159.0,1579
4160.0,1579
4160.0,1579
4160.0,1579
4162.0,1580
4166.0,1580
4166.0,1580
4169.0,1581
4169.0,1581
4173.0,1581
4174.0,1581
4175.0,1582
4177.0,1582
4178.0,1583
4183.0,1584
4183.0,1584
4184.0,1585
4184.0,1585
4185.0,1586
4186.0,1587
4187.0,1588
4188.0,1589
4188.0,1589
4188.0,1589
4190.0,1590
4192.0,1590
4192.0,1590
4194.0,1591
4197.0,1592
4197.0,1592
4198.0,1593
4199.0,1594
4200.0,1594
4200.0,1594
4201.0,1594
4201.0,1594
4203.0,1595
4206.0,1595
4207.0,1595
4212.0,1595
4212.0,1595
4212.0,1595
4213.0,1596
4214.0,1597
4215.0,1597
4215.0,1597
4215.0,1597
4216.0,1598
4216.0,1598
4217.0,1598
4218.0,1599
4219.0,1600
4220.0,1601
4222.0,1601
4223.0,1602
4224.0,1603
4225.0,1603
4226.0,1604
4227.0,1605
4234.0,1606
4236.0,1607
4237.0,1607
4238.0,1607
4239.0,1608
4240.0,1609
4241.0,1609
4242.0,1609
4243.0,1610
4247.0,1611
4253.0,1612
4257.0,1612
4258.0,1613
4259.0,1614
4260.0,1614
4262.0,1615
4264.0,1616
4265.0,1617
4269.0,1618
4270.0,1619
4271.0,1620
4272.0,1621
4273.0,1621
4280.0,1622
4280.0,1622
4283.0,1622
4285.0,1623
4287.0,1624
4288.0,1625
4290.0,1626
4291.0,1626
4292.0,1627
4293.0,1628
4297.0,1628
4299.0,1629
4303.0,1630
4304.0,1630
4305.0,1631
4306.0,1632
4308.0,1632
4310.0,1633
4314.0,1633
4315.0,1634
4317.0,1635
4318.0,1636
4319.0,1637
4319.0,1637
4320.0,1638
4323.0,1639
4324.0,1639
4325.0,1639
4326.0,1639
4326.0,1639
4333.0,1640
4338.0,1641
4339.0,1642
4341.0,1643
4343.0,1643
4344.0,1643
4348.0,1644
4348.0,1644
4351.0,1645
4352.0,1645
4352.0,1645
4353.0,1646
4353.0,1646
4356.0,1646
4360.0,1647
4360.0,1647
4360.0,1647
4360.0,1647
4361.0,1648
4362.0,1648
4364.0,1648
4365.0,1648
4366.0,1648
4367.0,1648
4368.0,1648
4369.0,1649
4370.0,1650
4373.0,1650
4374.0,1651
4374.0,1651
4377.0,1651
4378.0,1652
4378.0,1652
4382.0,1653
4383.0,1653
4384.0,1653
4384.0,1653
4385.0,1654
4387.0,1654
4388.0,1655
4389.0,1656
4390.0,1656
4391.0,1656
4391.0,1656
4392.0,1657
4392.0,1657
4392.0,1657
4393.0,1658
4394.0,1658
4395.0,1658
4395.0,1658
4396.0,1659
4398.0,1660
4402.0,1660
4402.0,1660
4403.0,1661
4404.0,1662
4405.0,1662
4406.0,1663
4407.0,1663
4408.0,1664
4410.0,1664
4410.0,1664
4410.0,1664
4411.0,1665
4415.0,1665
4417.0,1666
4417.0,1666
4418.0,1666
4420.0,1667
4422.0,1668
4422.0,1668
4423.0,1669
4424.0,1670
4424.0,1670
4426.0,1670
4430.0,1671
4431.0,1672
4432.0,1673
4435.0,1674
4437.0,1675
4438.0,1676
4440.0,1676
4440.0,1676
4442.0,1676
4444.0,1677
4445.0,1677
4446.0,1678
4449.0,1679
4452.0,1680
4453.0,1681
4454.0,1681
4455.0,1682
4456.0,1683
4456.0,1683
4457.0,1683
4458.0,1684
4461.0,1684
4461.0,1684
4462.0,1685
4463.0,1685
4465.0,1686
4466.0,1686
4467.0,1687
4468.0,1688
4469.0,1689
4471.0,1689
4472.0,1690
4472.0,1690
4472.0,1690
4474.0,1691
4480.0,1692
4481.0,1692
4481.0,1692
4482.0,1693
4483.0,1693
4484.0,1693
4484.0,1693
4486.0,1694
4487.0,1694
4487.0,1694
4488.0,1695
4490.0,1696
4491.0,1697
4497.0,1697
4498.0,1697
4500.0,1697
4501.0,1698
4502.0,1698
4504.0,1698
4505.0,1699
4506.0,1699
4508.0,1700
4509.0,1700
4515.0,1701
4516.0,1701
4517.0,1702
4518.0,1703
4519.0,1704
4519.0,1704
4521.0,1704
4523.0,1705
4523.0,1705
4524.0,1706
4524.0,1706
4528.0,1707
4529.0,1708
4530.0,1708
4531.0,1709
4532.0,1710
4533.0,1710
4534.0,1711
4535.0,1712
4536.0,1713
4537.0,1714
4538.0,1715
4539.0,1715
4540.0,1716
4542.0,1717
4542.0,1717
4545.0,1718
4546.0,1719
4546.0,1719
4546.0,1719
4547.0,1720
4549.0,1720
4550.0,1721
4552.0,1722
4553.0,1723
4553.0,1723
4555.0,1724
4555.0,1724
4555.0,1724
4556.0,1725
4557.0,1725
4557.0,1725
4557.0,1725
4558.0,1726
4558.0,1726
4560.0,1727
4562.0,1728
4565.0,1728
4566.0,1729
4566.0,1729
4567.0,1729
4568.0,1729
4570.0,1729
4571.0,1730
4572.0,1730
4572.0,1730
4574.0,1730
4574.0,1730
4575.0,1731
4578.0,1731
4579.0,1732
4582.0,1733
4585.0,1733
4586.0,1734
4588.0,1734
4589.0,1734
4592.0,1734
4593.0,1735
4593.0,1735
4593.0,1735
4594.0,1736
4595.0,1736
4596.0,1737
4597.0,1738
4598.0,1739
4599.0,1740
4599.0,1740
4604.0,1741
4606.0,1742
4607.0,1742
4610.0,1743
4611.0,1744
4612.0,1745
4612.0,1745
4612.0,1745
4613.0,1745
4613.0,1745
4614.0,1746
4616.0,1747
4617.0,1748
4619.0,1749
4619.0,1749
4620.0,1750
4620.0,1750
4622.0,1751
4625.0,1751
4626.0,1752
4628.0,1753
4628.0,1753
4628.0,1753
4631.0,1754
4633.0,1754
4635.0,1754
4636.0,1755
4636.0,1755
4636.0,1755
4637.0,1756
4638.0,1756
4638.0,1756
4639.0,1757
4641.0,1758
4641.0,1758
4642.0,1759
4644.0,1759
4644.0,1759
4645.0,1760
4647.0,1760
4648.0,1761
4649.0,1762
4650.0,1763
4651.0,1764
4652.0,1764
4656.0,1765
4658.0,1766
4659.0,1767
4660.0,1768
4662.0,1768
4663.0,1769
4664.0,1769
4665.0,1770
4665.0,1770
4666.0,1771
4666.0,1771
4667.0,1771
4668.0,1771
4668.0,1771
4669.0,1772
4669.0,1772
4669.0,1772
4670.0,1773
4671.0,1773
4672.0,1774
4674.0,1775
4676.0,1776
4676.0,1776
4676.0,1776
4677.0,1777
4679.0,1778
4679.0,1778
4682.0,1779
4682.0,1779
4683.0,1780
4684.0,1781
4685.0,1782
4685.0,1782
4688.0,1783
4689.0,1783
4689.0,1783
4690.0,1784
4690.0,1784
4691.0,1784
4694.0,1785
4695.0,1786
4697.0,1786
4697.0,1786
4698.0,1787
4698.0,1787
4699.0,1788
4701.0,1788
4701.0,1788
4702.0,1789
4703.0,1790
4705.0,1790
4705.0,1790
4706.0,1791
4707.0,1792
4707.0,1792
4708.0,1792
4708.0,1792
4709.0,1793
4709.0,1793
4710.0,1794
4710.0,1794
4711.0,1794
4712.0,1795
4712.0,1795
4714.0,1796
4715.0,1796
4716.0,1797
4717.0,1797
4719.0,1798
4719.0,1798
4720.0,1798
4720.0,1798
4720.0,1798
4722.0,1799
4723.0,1800
4723.0,1800
4724.0,1801
4726.0,1801
4727.0,1802
4729.0,1803
4730.0,1803
4730.0,1803
4732.0,1804
4732.0,1804
4733.0,1805
4734.0,1805
4736.0,1805
4738.0,1806
4741.0,1807
4743.0,1808
4744.0,1809
4747.0,1810
4748.0,1810
4748.0,1810
4749.0,1811
4749.0,1811
4750.0,1811
4751.0,1812
4751.0,1812
4755.0,1813
4755.0,1813
4755.0,1813
4760.0,1814
4762.0,1815
4763.0,1816
4764.0,1816
4765.0,1816
4765.0,1816
4765.0,1816
4766.0,1817
4769.0,1818
4769.0,1818
4770.0,1819
4771.0,1820
4774.0,1820
4775.0,1820
4778.0,1820
4781.0,1821
4782.0,1822
4783.0,1823
4784.0,1824
4785.0,1824
4787.0,1825
4790.0,1826
4792.0,1827
4792.0,1827
4793.0,1828
4794.0,1829
4796.0,1829
4797.0,1829
4802.0,1829
4803.0,1830
4807.0,1831
4813.0,1832
4814.0,1832
4814.0,1832
4815.0,1833
4815.0,1833
4816.0,1834
4816.0,1834
4819.0,1835
4819.0,1835
4822.0,1836
4826.0,1836
4827.0,1836
4827.0,1836
4828.0,1837
4829.0,1837
4830.0,1838
4830.0,1838
4831.0,1839
4833.0,1840
4833.0,1840
4835.0,1841
4840.0,1842
4840.0,1842
4840.0,1842
4841.0,1843
4842.0,1844
4844.0,1845
4844.0,1845
4845.0,1846
4849.0,1847
4850.0,1847
4852.0,1848
4853.0,1849
4855.0,1850
4857.0,1851
4859.0,1851
4862.0,1851
4862.0,1851
4863.0,1852
4864.0,1852
4866.0,1853
4867.0,1854
4868.0,1854
4868.0,1854
4871.0,1855
4872.0,1856
4872.0,1856
4873.0,1856
4874.0,1857
4875.0,1857
4875.0,1857
4878.0,1858
4880.0,1859
4881.0,1859
4882.0,1860
4884.0,1861
4885.0,1861
4887.0,1862
4887.0,1862
4888.0,1863
4889.0,1863
4893.0,1863
4896.0,1863
4896.0,1863
4896.0,1863
4898.0,1864
4899.0,1864
4900.0,1865
4901.0,1866
4901.0,1866
4901.0,1866
4905.0,1867
4906.0,1868
4907.0,1868
4908.0,1868
4909.0,1869
4910.0,1869
4910.0,1869
4911.0,1870
4912.0,1870
4912.0,1870
4913.0,1871
4914.0,1871
4914.0,1871
4915.0,1871
4917.0,1872
4919.0,1872
4920.0,1872
4922.0,1873
4923.0,1873
4924.0,1874
4924.0,1874
4929.0,1875
4930.0,1876
4931.0,1877
4931.0,1877
4933.0,1877
4936.0,1878
4936.0,1878
4937.0,1879
4938.0,1880
4939.0,1880
4940.0,1881
4943.0,1881
4944.0,1881
4945.0,1881
4947.0,1882
4948.0,1882
4948.0,1882
4950.0,1882
4951.0,1883
4953.0,1883
4953.0,1883
4957.0,1884
4957.0,1884
4960.0,1885
4960.0,1885
4961.0,1885
4961.0,1885
4961.0,1885
4962.0,1886
4963.0,1887
4965.0,1887
4965.0,1887
4966.0,1887
4968.0,1888
4969.0,1889
4970.0,1890
4971.0,1891
4971.0,1891
4971.0,1891
4972.0,1892
4974.0,1893
4975.0,1894
4978.0,1895
4980.0,1895
4981.0,1895
4981.0,1895
4982.0,1895
4983.0,1896
4984.0,1897
4986.0,1898
4987.0,1898
4990.0,1899
4991.0,1900
4992.0,1900
4992.0,1900
4992.0,1900
4994.0,1901
4996.0,1902
4998.0,1902
4999.0,1903
4999.0,1903
5002.0,1904
5004.0,1905
5005.0,1905
5008.0,1905
5008.0,1905
5009.0,1906
5012.0,1906
5012.0,1906
5013.0,1906
5014.0,1907
5015.0,1908
5017.0,1909
5018.0,1910
5019.0,1910
5019.0,1910
5019.0,1910
5020.0,1910
5021.0,1910
5022.0,1911
5023.0,1912
5025.0,1912
5028.0,1913
5030.0,1914
5030.0,1914
5031.0,1915
5032.0,1916
5034.0,1916
5037.0,1916
5040.0,1916
5041.0,1917
5042.0,1918
5043.0,1919
5044.0,1920
5046.0,1921
5048.0,1921
5049.0,1922
5051.0,1922
5054.0,1923
5054.0,1923
5054.0,1923
5055.0,1923
5057.0,1924
5058.0,1925
5059.0,1925
5060.0,1926
5063.0,1927
5066.0,1928
5067.0,1928
5068.0,1929
5068.0,1929
5069.0,1930
5072.0,1930
5073.0,1930
5073.0,1930
5074.0,1930
5076.0,1931
5080.0,1931
5082.0,1932
5082.0,1932
5085.0,1932
5086.0,1933
5086.0,1933
5087.0,1934
5087.0,1934
5089.0,1934
5090.0,1935
5091.0,1936
5092.0,1937
5093.0,1937
5093.0,1937
5094.0,1938
5095.0,1939
5095.0,1939
5096.0,1939
5097.0,1940
5098.0,1941
5101.0,1942
5101.0,1942
5102.0,1942
5103.0,1943
5104.0,1943
5105.0,1944
5105.0,1944
5107.0,1945
5107.0,1945
5109.0,1946
5112.0,1947
5115.0,1947
5117.0,1948
5118.0,1949
5119.0,1950
5120.0,1951
5121.0,1952
5122.0,1953
5122.0,1953
5122.0,1953
5123.0,1953
5126.0,1953
5126.0,1953
5126.0,1953
5130.0,1954
5131.0,1955
5132.0,1956
5133.0,1956
5134.0,1957
5135.0,1958
5135.0,1958
5136.0,1958
5136.0,1958
5138.0,1958
5141.0,1959
5146.0,1959
5147.0,1960
5148.0,1960
5149.0,1961
5150.0,1962
5152.0,1963
5153.0,1963
5153.0,1963
5154.0,1964
5160.0,1965
5162.0,1966
5162.0,1966
5163.0,1967
5163.0,1967
5164.0,1968
5165.0,1969
5166.0,1969
5166.0,1969
5168.0,1970
5170.0,1971
5170.0,1971
5173.0,1972
5173.0,1972
5174.0,1973
5174.0,1973
5175.0,1974
5177.0,1974
5178.0,1974
5179.0,1974
5180.0,1975
5183.0,1976
5186.0,1977
5187.0,1977
5187.0,1977
5187.0,1977
5189.0,1977
5190.0,1978
5192.0,1979
5196.0,1979
5197.0,1980
5197.0,1980
5197.0,1980
5198.0,1980
5199.0,1981
5200.0,1982
5200.0,1982
5202.0,1983
5204.0,1984
5205.0,1984
5205.0,1984
5208.0,1985
5209.0,1986
5211.0,1986
5212.0,1986
5213.0,1986
5213.0,1986
5214.0,1987
5215.0,1987
5216.0,1988
5221.0,1989
5224.0,1989
5224.0,1989
5225.0,1990
5227.0,1991
5230.0,1992
5232.0,1993
5233.0,1994
5235.0,1995
5236.0,1996
5237.0,1997
5237.0,1997
5237.0,1997
5238.0,1998
5240.0,1999
5241.0,1999
5243.0,2000
5244.0,2001
5245.0,2002
5246.0,2003
5248.0,2003
5248.0,2003
5250.0,2004
5250.0,2004
5254.0,2005
5254.0,2005
5255.0,2006
5258.0,2006
5260.0,2006
5261.0,2007
5262.0,2008
5263.0,2008
5263.0,2008
5263.0,2008
5264.0,2008
5265.0,2009
5265.0,2009
5267.0,2010
5268.0,2010
5269.0,2011
5271.0,2011
5272.0,2012
5273.0,2013
5273.0,2013
5275.0,2014
5275.0,2014
5276.0,2015
5276.0,2015
5278.0,2016
5282.0,2016
5283.0,2017
5284.0,2018
5286.0,2019
5286.0,2019
5286.0,2019
5287.0,2020
5288.0,2020
5289.0,2020
5291.0,2021
5292.0,2021
5292.0,2021
5292.0,2021
5294.0,2022
5295.0,2023
5297.0,2024
5297.0,2024
5298.0,2025
5298.0,2025
5302.0,2025
5303.0,2026
5304.0,2027
5304.0,2027
5305.0,2028
5307.0,2029
5307.0,2029
5310.0,2030
5311.0,2030
5313.0,2031
5313.0,2031
5314.0,2032
5314.0,2032
5315.0,2033
5316.0,2034
5317.0,2035
5317.0,2035
5318.0,2036
5324.0,2037
5325.0,2038
5326.0,2039
5328.0,2040
5328.0,2040
5329.0,2040
5333.0,2040
5336.0,2041
5337.0,2041
5339.0,2041
5340.0,2041
5342.0,2042
5343.0,2042
5344.0,2043
5344.0,2043
5348.0,2044
5350.0,2044
5350.0,2044
5351.0,2045
5352.0,2046
5352.0,2046
5352.0,2046
5352.0,2046
5353.0,2047
5353.0,2047
5354.0,2048
5355.0,2049
5356.0,2050
5356.0,2050
5357.0,2050
5358.0,2051
5364.0,2052
5365.0,2053
5365.0,2053
5367.0,2054
5368.0,2054
5369.0,2054
5369.0,2054
5369.0,2054
5370.0,2055
5371.0,2056
5371.0,2056
5373.0,2057
5375.0,2058
5376.0,2059
5377.0,2060
5378.0,2061
5379.0,2062
5379.0,2062
5380.0,2063
5381.0,2063
5381.0,2063
5382.0,2064
5382.0,2064
5382.0,2064
5384.0,2065
5385.0,2065
5387.0,2066
5388.0,2066
5388.0,2066
5390.0,2066
5390.0,2066
5391.0,2067
5391.0,2067
5391.0,2067
5391.0,2067
5392.0,2068
5393.0,2068
5396.0,2069
5400.0,2070
5400.0,2070
5400.0,2070
5403.0,2071
5403.0,2071
5404.0,2071
5405.0,2072
5408.0,2072
5409.0,2073
5410.0,2074
5412.0,2075
5414.0,2075
5416.0,2075
5418.0,2075
5419.0,2075
5422.0,2076
5423.0,2077
5424.0,2078
5424.0,2078
5424.0,2078
5425.0,2079
5425.0,2079
5427.0,2080
5428.0,2081
5429.0,2082
5430.0,2082
5430.0,2082
5432.0,2083
5433.0,2084
5434.0,2084
5436.0,2085
5436.0,2085
5436.0,2085
5436.0,2085
5437.0,2085
5438.0,2086
5439.0,2086
5440.0,2087
5441.0,2087
5446.0,2088
5447.0,2089
5449.0,2090
5449.0,2090
5450.0,2090
5451.0,2090
5455.0,2090
5459.0,2091
5459.0,2091
5461.0,2092
5462.0,2093
5463.0,2093
5464.0,2093
5467.0,2094
5467.0,2094
5468.0,2095
5470.0,2095
5471.0,2096
5471.0,2096
5477.0,2097
5478.0,2098
5479.0,2099
5480.0,2100
5481.0,2100
5489.0,2100
5490.0,2101
5493.0,2102
5494.0,2102
5495.0,2102
5496.0,2103
5496.0,2103
5498.0,2104
5498.0,2104
5499.0,2105
5500.0,2106
5501.0,2107
5502.0,2108
5503.0,2108
5503.0,2108
5509.0,2109
5510.0,2110
5512.0,2111
5516.0,2112
5517.0,2113
5518.0,2114
5522.0,2114
5523.0,2115
5523.0,2115
5525.0,2115
5525.0,2115
5528.0,2116
5528.0,2116
5530.0,2117
5531.0,2117
5532.0,2118
5536.0,2118
5537.0,2119
5537.0,2119
5538.0,2120
5538.0,2120
5539.0,2121
5543.0,2121
5543.0,2121
5544.0,2121
5544.0,2121
5545.0,2121
5546.0,2122
5548.0,2122
5548.0,2122
5548.0,2122
5549.0,2122
5549.0,2122
5550.0,2123
5551.0,2123
5552.0,2124
5553.0,2125
5553.0,2125
5553.0,2125
5555.0,2126
5557.0,2127
5560.0,2128
5561.0,2129
5563.0,2130
5564.0,2131
5565.0,2132
5567.0,2133
5568.0,2133
5569.0,2133
5570.0,2133
5570.0,2133
5571.0,2134
5571.0,2134
5576.0,2135
5577.0,2136
5578.0,2137
5578.0,2137
5579.0,2137
5579.0,2137
5580.0,2137
5581.0,2137
5583.0,2137
5584.0,2138
5585.0,2139
5587.0,2139
5588.0,2140
5593.0,2141
5594.0,2142
5595.0,2143
5600.0,2144
5601.0,2144
5603.0,2144
5606.0,2144
5607.0,2144
5608.0,2144
5611.0,2144
5614.0,2145
5614.0,2145
5615.0,2146
5616.0,2146
5620.0,2146
5622.0,2146
5623.0,2147
5623.0,2147
5624.0,2148
5624.0,2148
5625.0,2149
5626.0,2150
5627.0,2150
5627.0,2150
5627.0,2150
5629.0,2151
5629.0,2151
5630.0,2151
5631.0,2152
5632.0,2152
5633.0,2153
5637.0,2153
5637.0,2153
5639.0,2153
5640.0,2154
5641.0,2154
5642.0,2155
5643.0,2155
5644.0,2156
5645.0,2157
5645.0,2157
5647.0,2158
5649.0,2158
5649.0,2158
5650.0,2159
5652.0,2159
5654.0,2160
5657.0,2161
5659.0,2162
5662.0,2163
5663.0,2164
5668.0,2165
5669.0,2165
5670.0,2165
5670.0,2165
5670.0,2165
5671.0,2165
5673.0,2166
5675.0,2166
5676.0,2167
5677.0,2168
5678.0,2169
5678.0,2169
5680.0,2170
5683.0,2171
5684.0,2171
5685.0,2171
5686.0,2171
5687.0,2172
5688.0,2173
5691.0,2174
5692.0,2175
5692.0,2175
5693.0,2176
5694.0,2177
5695.0,2177
5696.0,2178
5697.0,2179
5699.0,2180
5699.0,2180
5699.0,2180
5700.0,2181
5704.0,2182
5705.0,2183
5705.0,2183
5706.0,2184
5706.0,2184
5707.0,2185
5711.0,2186
5712.0,2187
5712.0,2187
5715.0,2188
5716.0,2189
5717.0,2189
5719.0,2190
5719.0,2190
5720.0,2190
5722.0,2191
5722.0,2191
5722.0,2191
5722.0,2191
5722.0,2191
5723.0,2192
5727.0,2193
5728.0,2193
5731.0,2194
5732.0,2194
5734.0,2195
5736.0,2196
5741.0,2196
5742.0,2197
5742.0,2197
5743.0,2198
5745.0,2198
5746.0,2199
5749.0,2199
5751.0,2200
5751.0,2200
5752.0,2201
5752.0,2201
5754.0,2202
5756.0,2203
5757.0,2203
5757.0,2203
5760.0,2204
5761.0,2204
5764.0,2205
5766.0,2206
5766.0,2206
5766.0,2206
5767.0,2207
5769.0,2208
5770.0,2209
5771.0,2209
5772.0,2209
5773.0,2209
5773.0,2209
5777.0,2209
5780.0,2210
5783.0,2211
5785.0,2212
5785.0,2212
5785.0,2212
5787.0,2213
5788.0,2214
5789.0,2214
5790.0,2215
5790.0,2215
5791.0,2216
5792.0,2216
5794.0,2216
5795.0,2216
5796.0,2217
5799.0,2218
5800.0,2218
5801.0,2218
5802.0,2219
5802.0,2219
5806.0,2220
5806.0,2220
5806.0,2220
5807.0,2220
5808.0,2221
5808.0,2221
5810.0,2222
5811.0,2223
5812.0,2224
5815.0,2224
5818.0,2224
5818.0,2224
5820.0,2224
5820.0,2224
5820.0,2224
5821.0,2225
5822.0,2226
5823.0,2227
5823.0,2227
5824.0,2227
5825.0,2228
5826.0,2228
5826.0,2228
5826.0,2228
5827.0,2229
5829.0,2230
5830.0,2231
5831.0,2232
5832.0,2232
5833.0,2233
5833.0,2233
5834.0,2234
5835.0,2235
5835.0,2235
5838.0,2236
5839.0,2237
5842.0,2238
5844.0,2238
5844.0,2238
5846.0,2239
5846.0,2239
5848.0,2240
5850.0,2241
5855.0,2241
5856.0,2242
5860.0,2243
5861.0,2244
5862.0,2245
5863.0,2246
5864.0,2246
5865.0,2247
5865.0,2247
5866.0,2248
5866.0,2248
5867.0,2249
5868.0,2249
5868.0,2249
5870.0,2250
5871.0,2251
5875.0,2251
5877.0,2252
5878.0,2253
5878.0,2253
5878.0,2253
5879.0,2253
5880.0,2253
5881.0,2254
5881.0,2254
5882.0,2255
5883.0,2256
5886.0,2257
5886.0,2257
5887.0,2257
5888.0,2257
5891.0,2258
5891.0,2258
5891.0,2258
5892.0,2259
5892.0,2259
5893.0,2260
5895.0,2260
5896.0,2261
5896.0,2261
5897.0,2262
5898.0,2262
5899.0,2263
5900.0,2264
5901.0,2264
5903.0,2265
5904.0,2265
5904.0,2265
5905.0,2266
5905.0,2266
5906.0,2267
5906.0,2267
5906.0,2267
5907.0,2268
5909.0,2268
5909.0,2268
5911.0,2269
5911.0,2269
5914.0,2270
5915.0,2271
5916.0,2271
5916.0,2271
5917.0,2272
5918.0,2272
5919.0,2272
5924.0,2272
5924.0,2272
5925.0,2273
5926.0,2274
5927.0,2275
5930.0,2276
5931.0,2277
5932.0,2278
5933.0,2279
5934.0,2279
5938.0,2280
5938.0,2280
5940.0,2280
5940.0,2280
5942.0,2281
5948.0,2281
5949.0,2282
5949.0,2282
5950.0,2283
5950.0,2283
5956.0,2284
5958.0,2285
5959.0,2286
5961.0,2287
5961.0,2287
5962.0,2288
5963.0,2288
5963.0,2288
5964.0,2289
5967.0,2289
5967.0,2289
5969.0,2290
5971.0,2291
5971.0,2291
5972.0,2292
5973.0,2293
5975.0,2294
5975.0,2294
5975.0,2294
5975.0,2294
5982.0,2295
5982.0,2295
5982.0,2295
5983.0,2296
5983.0,2296
5984.0,2297
5984.0,2297
5984.0,2297
5984.0,2297
5986.0,2298
5986.0,2298
5987.0,2299
5989.0,2300
5990.0,2300
5990.0,2300
5991.0,2301
5992.0,2301
5993.0,2302
5995.0,2302
5996.0,2303
5997.0,2304
5998.0,2304
6001.0,2305
6001.0,2305
6003.0,2306
6004.0,2307
6004.0,2307
6005.0,2308
6006.0,2308
6006.0,2308
6008.0,2309
6009.0,2309
6009.0,2309
6009.0,2309
6010.0,2310
6010.0,2310
6011.0,2311
6012.0,2312
6016.0,2313
6016.0,2313
6019.0,2314
6019.0,2314
6021.0,2315
6021.0,2315
6022.0,2315
6022.0,2315
6026.0,2316
6027.0,2317
6031.0,2318
6031.0,2318
6032.0,2319
6032.0,2319
6035.0,2320
6037.0,2321
6039.0,2321
6039.0,2321
6041.0,2322
6041.0,2322
6044.0,2323
6044.0,2323
6045.0,2323
6047.0,2324
6049.0,2325
6050.0,2326
6050.0,2326
6053.0,2327
6057.0,2327
6058.0,2328
6059.0,2328
6064.0,2328
6067.0,2329
6067.0,2329
6069.0,2329
6069.0,2329
6071.0,2330
6071.0,2330
6071.0,2330
6072.0,2331
6073.0,2332
6073.0,2332
6075.0,2333
6076.0,2334
6082.0,2335
6083.0,2335
6085.0,2336
6086.0,2336
6086.0,2336
6087.0,2336
6087.0,2336
6087.0,2336
6090.0,2336
6091.0,2337
6095.0,2338
6097.0,2339
6099.0,2340
6100.0,2341
6101.0,2342
6102.0,2343
6103.0,2344
6105.0,2345
6108.0,2345
6111.0,2346
6112.0,2347
6114.0,2348
6116.0,2348
6118.0,2349
6118.0,2349
6120.0,2350
6123.0,2350
6124.0,2350
6124.0,2350
6128.0,2351
6128.0,2351
6130.0,2352
6131.0,2353
6136.0,2354
6138.0,2355
6138.0,2355
6139.0,2355
6139.0,2355
6141.0,2355
6141.0,2355
6144.0,2356
6145.0,2357
6146.0,2358
6147.0,2359
6149.0,2360
6149.0,2360
6149.0,2360
6152.0,2361
6153.0,2362
6153.0,2362
6157.0,2362
6160.0,2362
6160.0,2362
6161.0,2363
6161.0,2363
6162.0,2364
6163.0,2364
6163.0,2364
6164.0,2365
6168.0,2366
6169.0,2367
6170.0,2368
6170.0,2368
6170.0,2368
6172.0,2368
6173.0,2368
6173.0,2368
6175.0,2369
6175.0,2369
6177.0,2370
6178.0,2370
6181.0,2371
6184.0,2372
6185.0,2373
6186.0,2373
6187.0,2374
6189.0,2374
6189.0,2374
6189.0,2374
6189.0,2374
6190.0,2374
6192.0,2375
6193.0,2376
6193.0,2376
6194.0,2377
6196.0,2378
6196.0,2378
6197.0,2379
6199.0,2380
6200.0,2381
6203.0,2382
6204.0,2382
6204.0,2382
6205.0,2383
6206.0,2384
6206.0,2384
6207.0,2385
6210.0,2385
6212.0,2386
6214.0,2386
6214.0,2386
6215.0,2387
6216.0,2388
6216.0,2388
6217.0,2388
6219.0,2389
6220.0,2390
6221.0,2391
6222.0,2391
6222.0,2391
6224.0,2392
6224.0,2392
6224.0,2392
6225.0,2393
6225.0,2393
6226.0,2394
6226.0,2394
6227.0,2394
6229.0,2395
6230.0,2395
6233.0,2396
6234.0,2397
6236.0,2398
6237.0,2398
6237.0,2398
6238.0,2399
6238.0,2399
6239.0,2400
6239.0,2400
6240.0,2401
6240.0,2401
6240.0,2401
6241.0,2402
6242.0,2402
6243.0,2402
6243.0,2402
6244.0,2403
6245.0,2404
6246.0,2404
6246.0,2404
6250.0,2405
6251.0,2406
6251.0,2406
6252.0,2407
6253.0,2407
6255.0,2408
6256.0,2409
6257.0,2410
6259.0,2410
6259.0,2410
6265.0,2410
6266.0,2411
6267.0,2411
6267.0,2411
6267.0,2411
6268.0,2412
6271.0,2412
6272.0,2413
6275.0,2414
6276.0,2414
6276.0,2414
6277.0,2415
6278.0,2416
6279.0,2417
6281.0,2417
6283.0,2418
6285.0,2418
6286.0,2418
6287.0,2419
6289.0,2419
6289.0,2419
6289.0,2419
6290.0,2419
6291.0,2420
6291.0,2420
6294.0,2421
6295.0,2421
6295.0,2421
6296.0,2421
6297.0,2422
6298.0,2422
6299.0,2423
6299.0,2423
6299.0,2423
6300.0,2424
6305.0,2424
6306.0,2425
6308.0,2426
6312.0,2427
6313.0,2428
6313.0,2428
6313.0,2428
6315.0,2429
6316.0,2430
6316.0,2430
6316.0,2430
6317.0,2431
6322.0,2432
6323.0,2433
6325.0,2433
6329.0,2434
6330.0,2434
6330.0,2434
6334.0,2435
6340.0,2435
6340.0,2435
6342.0,2436
6343.0,2437
6346.0,2438
6346.0,2438
6346.0,2438
6347.0,2438
6350.0,2439
6351.0,2440
6351.0,2440
6352.0,2440
6353.0,2441
6354.0,2442
6358.0,2443
6362.0,2444
6364.0,2445
6366.0,2445
6366.0,2445
6368.0,2445
6369.0,2446
6371.0,2446
6371.0,2446
6373.0,2446
6376.0,2447
6378.0,2447
6379.0,2448
6382.0,2449
6383.0,2449
6387.0,2449
6388.0,2450
6388.0,2450
6388.0,2450
6389.0,2451
6390.0,2452
6390.0,2452
6391.0,2453
6391.0,2453
6393.0,2453
6393.0,2453
6394.0,2454
6396.0,2455
6397.0,2456
6398.0,2456
6399.0,2457
6400.0,2458
6400.0,2458
6401.0,2459
6402.0,2460
6403.0,2460
6404.0,2461
6407.0,2462
6410.0,2462
6411.0,2462
6411.0,2462
6413.0,2463
6414.0,2464
6415.0,2464
6418.0,2465
6419.0,2466
6423.0,2466
6424.0,2467
6426.0,2468
6429.0,2469
6429.0,2469
6430.0,2470
6430.0,2470
6432.0,2470
6433.0,2470
6433.0,2470
6433.0,2470
6433.0,2470
6434.0,2471
6435.0,2471
6436.0,2471
6438.0,2472
6438.0,2472
6439.0,2473
6440.0,2474
6443.0,2475
6444.0,2476
6444.0,2476
6445.0,2477
6446.0,2478
6447.0,2479
6447.0,2479
6447.0,2479
6453.0,2480
6453.0,2480
6455.0,2481
6456.0,2482
6459.0,2482
6460.0,2483
6462.0,2483
6466.0,2484
6467.0,2485
6469.0,2486
6470.0,2487
6472.0,2488
6475.0,2488
6475.0,2488
6478.0,2489
6480.0,2489
6480.0,2489
6481.0,2490
6482.0,2490
6483.0,2491
6484.0,2491
6486.0,2492
6486.0,2492
6487.0,2493
6488.0,2494
6488.0,2494
6488.0,2494
6490.0,2495
6490.0,2495
6493.0,2496
6494.0,2497
6497.0,2498
6497.0,2498
6498.0,2498
6499.0,2499
6499.0,2499
6502.0,2500
6503.0,2500
6505.0,2501
6505.0,2501
6506.0,2502
6506.0,2502
6509.0,2503
6510.0,2503
6510.0,2503
6511.0,2504
6511.0,2504
6512.0,2504
6512.0,2504
6515.0,2505
6515.0,2505
6517.0,2506
6518.0,2506
6519.0,2506
6519.0,2506
6521.0,2507
6522.0,2508
6524.0,2509
6524.0,2509
6526.0,2510
6527.0,2510
6527.0,2510
6530.0,2510
6532.0,2511
6533.0,2512
6533.0,2512
6535.0,2513
6536.0,2514
6537.0,2515
6537.0,2515
6537.0,2515
6541.0,2516
6542.0,2516
6543.0,2517
6544.0,2518
6544.0,2518
6547.0,2519
6548.0,2519
6548.0,2519
6549.0,2519
6550.0,2519
6552.0,2519
6553.0,2519
6555.0,2520
6556.0,2520
6557.0,2521
6557.0,2521
6559.0,2522
6560.0,2522
6561.0,2523
6562.0,2523
6563.0,2524
6565.0,2524
6566.0,2524
6568.0,2524
6571.0,2524
6573.0,2525
6573.0,2525
6575.0,2526
6576.0,2527
6578.0,2527
6580.0,2527
6583.0,2528
6584.0,2529
6586.0,2530
6586.0,2530
6587.0,2531
6590.0,2532
6591.0,2533
6592.0,2533
6593.0,2534
6593.0,2534
6594.0,2535
6594.0,2535
6595.0,2535
6598.0,2536
6599.0,2536
6599.0,2536
6600.0,2536
6601.0,2537
6602.0,2537
6603.0,2538
6604.0,2539
6608.0,2540
6609.0,2540
6610.0,2541
6611.0,2542
6613.0,2542
6614.0,2543
6615.0,2544
6617.0,2545
6618.0,2546
6618.0,2546
6621.0,2547
6621.0,2547
6622.0,2548
6623.0,2548
6624.0,2548
6624.0,2548
6630.0,2549
6630.0,2549
6630.0,2549
6636.0,2550
6637.0,2551
6637.0,2551
6639.0,2551
6639.0,2551
6640.0,2552
6640.0,2552
6641.0,2553
6641.0,2553
6643.0,2554
6644.0,2555
6645.0,2556
6648.0,2557
6650.0,2557
6650.0,2557
6655.0,2558
6655.0,2558
6656.0,2559
6659.0,2560
6661.0,2560
6664.0,2561
6664.0,2561
6664.0,2561
6665.0,2562
6665.0,2562
6665.0,2562
6667.0,2563
6667.0,2563
6672.0,2563
6674.0,2564
6675.0,2564
6677.0,2565
6680.0,2566
6680.0,2566
6681.0,2566
6683.0,2566
6686.0,2567
6687.0,2568
6688.0,2569
6689.0,2570
6689.0,2570
6691.0,2571
6693.0,2572
6694.0,2573
6696.0,2574
6699.0,2574
6700.0,2574
6702.0,2574
6702.0,2574
6702.0,2574
6702.0,2574
6706.0,2575
6708.0,2576
6712.0,2576
6712.0,2576
6713.0,2577
6714.0,2578
6715.0,2578
6717.0,2579
6717.0,2579
6717.0,2579
6718.0,2580
6720.0,2581
6720.0,2581
6722.0,2582
6724.0,2583
6724.0,2583
6725.0,2583
6727.0,2583
6727.0,2583
6728.0,2584
6729.0,2585
6730.0,2586
6730.0,2586
6731.0,2587
6731.0,2587
6734.0,2587
6735.0,2588
6736.0,2589
6737.0,2589
6738.0,2590
6739.0,2591
6742.0,2591
6743.0,2591
6744.0,2591
6745.0,2591
6745.0,2591
6747.0,2591
6747.0,2591
6747.0,2591
6748.0,2592
6748.0,2592
6749.0,2592
6750.0,2593
6753.0,2594
6754.0,2594
6754.0,2594
6755.0,2595
6756.0,2596
6757.0,2596
6758.0,2596
6759.0,2596
6760.0,2597
6761.0,2597
6763.0,2598
6764.0,2599
6764.0,2599
6765.0,2600
6765.0,2600
6766.0,2601
6766.0,2601
6767.0,2602
6768.0,2603
6772.0,2604
6773.0,2605
6774.0,2605
6775.0,2605
6780.0,2606
6780.0,2606
6783.0,2607
6785.0,2607
6785.0,2607
6786.0,2607
6786.0,2607
6787.0,2608
6788.0,2609
6790.0,2609
6791.0,2610
6792.0,2611
6792.0,2611
6794.0,2612
6795.0,2612
6795.0,2612
6796.0,2613
6798.0,2614
6799.0,2615
6803.0,2616
6803.0,2616
6804.0,2616
6804.0,2616
6806.0,2617
6807.0,2617
6808.0,2618
6808.0,2618
6809.0,2619
6810.0,2620
6811.0,2620
6811.0,2620
6812.0,2621
6814.0,2622
6816.0,2622
6817.0,2623
6817.0,2623
6818.0,2624
6820.0,2625
6821.0,2626
6821.0,2626
6824.0,2627
6824.0,2627
6824.0,2627
6829.0,2628
6831.0,2628
6834.0,2629
6834.0,2629
6835.0,2630
6836.0,2630
6838.0,2631
6840.0,2632
6840.0,2632
6840.0,2632
6841.0,2633
6843.0,2634
6843.0,2634
6844.0,2635
6845.0,2635
6846.0,2636
6848.0,2637
6849.0,2638
6853.0,2638
6854.0,2639
6856.0,2640
6857.0,2640
6857.0,2640
6860.0,2641
6860.0,2641
6861.0,2642
6861.0,2642
6864.0,2643
6864.0,2643
6865.0,2644
6866.0,2645
6867.0,2646
6868.0,2647
6869.0,2648
6871.0,2649
6872.0,2650
6873.0,2650
6875.0,2650
6877.0,2651
6878.0,2651
6879.0,2652
6883.0,2653
6884.0,2653
6885.0,2653
6885.0,2653
6886.0,2654
6887.0,2655
6890.0,2656
6891.0,2657
6893.0,2657
6894.0,2658
6895.0,2659
6896.0,2660
6898.0,2661
6901.0,2662
6901.0,2662
6902.0,2663
6903.0,2663
6905.0,2663
6906.0,2664
6909.0,2664
6909.0,2664
6912.0,2665
6915.0,2665
6916.0,2665
6917.0,2666
6920.0,2667
6920.0,2667
6923.0,2667
6923.0,2667
6926.0,2668
6927.0,2669
6928.0,2669
6928.0,2669
6929.0,2670
6930.0,2671
6931.0,2672
6931.0,2672
6932.0,2673
6932.0,2673
6937.0,2674
6939.0,2674
6940.0,2675
6941.0,2675
6943.0,2675
6943.0,2675
6943.0,2675
6944.0,2676
6945.0,2676
6945.0,2676
6947.0,2677
6947.0,2677
6949.0,2677
6951.0,2678
6951.0,2678
6954.0,2678
6954.0,2678
6956.0,2678
6957.0,2678
6959.0,2678
6961.0,2679
6962.0,2680
6962.0,2680
6962.0,2680
6962.0,2680
6963.0,2681
6963.0,2681
6964.0,2682
6965.0,2682
6966.0,2683
6968.0,2684
6969.0,2685
6980.0,2685
6981.0,2686
6981.0,2686
6981.0,2686
6982.0,2687
6983.0,2687
6984.0,2688
6985.0,2688
6986.0,2689
6990.0,2690
6991.0,2691
6992.0,2692
6992.0,2692
6993.0,2693
6994.0,2693
6995.0,2694
6998.0,2695
6999.0,2696
6999.0,2696
7002.0,2697
7007.0,2697
7010.0,2697
7011.0,2697
7012.0,2697
7012.0,2697
7012.0,2697
7014.0,2698
7015.0,2699
7017.0,2700
7017.0,2700
7018.0,2701
7018.0,2701
7021.0,2702
7023.0,2703
7024.0,2704
7025.0,2705
7025.0,2705
7027.0,2706
7028.0,2707
7029.0,2708
7030.0,2709
7030.0,2709
7036.0,2710
7036.0,2710
7038.0,2711
7039.0,2711
7041.0,2712
7041.0,2712
7041.0,2712
7042.0,2713
7043.0,2713
7043.0,2713
7044.0,2714
7044.0,2714
7045.0,2715
7046.0,2716
7050.0,2716
7050.0,2716
7051.0,2717
7053.0,2717
7055.0,2717
7055.0,2717
7059.0,2718
7062.0,2718
7063.0,2718
7065.0,2719
7065.0,2719
7066.0,2720
7067.0,2721
7067.0,2721
7070.0,2721
7071.0,2722
7071.0,2722
7072.0,2722
7073.0,2723
7075.0,2724
7076.0,2725
7078.0,2725
7080.0,2725
7082.0,2725
7083.0,2726
7085.0,2727
7086.0,2728
7089.0,2729
7089.0,2729
7090.0,2729
7092.0,2730
7092.0,2730
7093.0,2731
7093.0,2731
7094.0,2732
7096.0,2733
7096.0,2733
7096.0,2733
7097.0,2734
7098.0,2735
7100.0,2736
7101.0,2736
7102.0,2736
7104.0,2737
7106.0,2737
7109.0,2737
7110.0,2738
7110.0,2738
7112.0,2739
7115.0,2739
7118.0,2740
7119.0,2741
7120.0,2742
7122.0,2743
7124.0,2744
7126.0,2744
7127.0,2745
7128.0,2746
7129.0,2747
7130.0,2747
7131.0,2748
7132.0,2749
7132.0,2749
7133.0,2750
7135.0,2751
7136.0,2751
7136.0,2751
7138.0,2752
7138.0,2752
7138.0,2752
7139.0,2752
7140.0,2753
7141.0,2753
7146.0,2754
7149.0,2755
7150.0,2756
7151.0,2757
7154.0,2758
7156.0,2758
7158.0,2759
7158.0,2759
7160.0,2760
7160.0,2760
7162.0,2761
7163.0,2761
7165.0,2761
7165.0,2761
7168.0,2762
7169.0,2763
7171.0,2763
7171.0,2763
7172.0,2764
7172.0,2764
7173.0,2765
7173.0,2765
7175.0,2766
7176.0,2766
7177.0,2767
7177.0,2767
7180.0,2768
7181.0,2768
7181.0,2768
7182.0,2769
7183.0,2769
7184.0,2769
7186.0,2770
7186.0,2770
7187.0,2770
7187.0,2770
7189.0,2771
7189.0,2771
7190.0,2772
7192.0,2772
7194.0,2773
7194.0,2773
7194.0,2773
7196.0,2774
7198.0,2775
7200.0,2775
7201.0,2775
7202.0,2776
7203.0,2776
7204.0,2776
7205.0,2776
7205.0,2776
7206.0,2776
7207.0,2776
7207.0,2776
7209.0,2777
7209.0,2777
7210.0,2778
7211.0,2778
7211.0,2778
7216.0,2779
7219.0,2779
7219.0,2779
7220.0,2780
7220.0,2780
7221.0,2781
7222.0,2782
7223.0,2783
7224.0,2783
7228.0,2784
7229.0,2784
7231.0,2784
7231.0,2784
7232.0,2785
7233.0,2786
7235.0,2787
7235.0,2787
7236.0,2788
7241.0,2789
7242.0,2790
7243.0,2791
7243.0,2791
7244.0,2791
7249.0,2792
7250.0,2792
7250.0,2792
7251.0,2793
7251.0,2793
7253.0,2793
7254.0,2794
7255.0,2795
7255.0,2795
7255.0,2795
7258.0,2796
7259.0,2797
7260.0,2797
7262.0,2798
7263.0,2798
7265.0,2799
7267.0,2799
7267.0,2799
7267.0,2799
7270.0,2800
7274.0,2801
7277.0,2802
7281.0,2802
7281.0,2802
7282.0,2803
7283.0,2804
7284.0,2805
7284.0,2805
7285.0,2806
7286.0,2807
7288.0,2808
7291.0,2808
7292.0,2808
7292.0,2808
7295.0,2809
7295.0,2809
7296.0,2810
7297.0,2811
7302.0,2811
7305.0,2812
7306.0,2812
7306.0,2812
7308.0,2812
7308.0,2812
7309.0,2813
7310.0,2813
7310.0,2813
7311.0,2814
7314.0,2815
7315.0,2815
7318.0,2815
7318.0,2815
7319.0,2816
7319.0,2816
7319.0,2816
7321.0,2817
7323.0,2818
7325.0,2819
7326.0,2820
7327.0,2820
7329.0,2821
7330.0,2821
7332.0,2822
7333.0,2823
7333.0,2823
7334.0,2823
7335.0,2824
7336.0,2825
7340.0,2825
7341.0,2826
7342.0,2827
7342.0,2827
7343.0,2828
7344.0,2828
7344.0,2828
7345.0,2829
7345.0,2829
7347.0,2830
7348.0,2831
7349.0,2832
7349.0,2832
7352.0,2833
7352.0,2833
7353.0,2834
7354.0,2835
7355.0,2836
7359.0,2837
7360.0,2838
7360.0,2838
7361.0,2839
7364.0,2840
7366.0,2841
7367.0,2841
7367.0,2841
7368.0,2841
7369.0,2842
7370.0,2842
7370.0,2842
7371.0,2843
7372.0,2843
7373.0,2843
7374.0,2844
7375.0,2845
7377.0,2845
7378.0,2846
7379.0,2846
7380.0,2847
7382.0,2847
7383.0,2848
7383.0,2848
7385.0,2849
7387.0,2850
7387.0,2850
7387.0,2850
7387.0,2850
7388.0,2851
7389.0,2852
7390.0,2853
7391.0,2854
7391.0,2854
7392.0,2855
7393.0,2856
7395.0,2857
7396.0,2858
7397.0,2859
7397.0,2859
7398.0,2859
7399.0,2860
7399.0,2860
7401.0,2861
7401.0,2861
7402.0,2862
7403.0,2863
7405.0,2864
7406.0,2864
7407.0,2865
7408.0,2865
7409.0,2866
7409.0,2866
7410.0,2866
7412.0,2866
7413.0,2867
7413.0,2867
7413.0,2867
7417.0,2867
7418.0,2867
7418.0,2867
7419.0,2868
7420.0,2869
7422.0,2870
7423.0,2870
7424.0,2870
7424.0,2870
7425.0,2871
7426.0,2872
7427.0,2873
7428.0,2873
7428.0,2873
7428.0,2873
7432.0,2874
7433.0,2875
7433.0,2875
7437.0,2875
7438.0,2876
7439.0,2876
7440.0,2877
7441.0,2878
7441.0,2878
7442.0,2879
7442.0,2879
7443.0,2880
7444.0,2880
7445.0,2880
7446.0,2881
7448.0,2882
7450.0,2882
7451.0,2883
7452.0,2884
7453.0,2885
7454.0,2885
7455.0,2885
7456.0,2886
7457.0,2886
7458.0,2886
7459.0,2887
7460.0,2888
7461.0,2888
7463.0,2889
7466.0,2889
7467.0,2890
7468.0,2891
7470.0,2892
7471.0,2892
7471.0,2892
7472.0,2893
7473.0,2894
7476.0,2895
7478.0,2896
7478.0,2896
7481.0,2897
7485.0,2897
7486.0,2898
7487.0,2899
7487.0,2899
7489.0,2900
7490.0,2901
7492.0,2902
7494.0,2902
7495.0,2903
7495.0,2903
7497.0,2904
7498.0,2905
7499.0,2906
7499.0,2906
7499.0,2906
7500.0,2907
7501.0,2907
7502.0,2908
7502.0,2908
7504.0,2909
7506.0,2909
7507.0,2910
7508.0,2911
7508.0,2911
7510.0,2911
7511.0,2912
7512.0,2913
7512.0,2913
7513.0,2914
7516.0,2914
7516.0,2914
7517.0,2914
7518.0,2914
7518.0,2914
7521.0,2914
7522.0,2914
7523.0,2914
7525.0,2914
7528.0,2915
7528.0,2915
7529.0,2916
7530.0,2917
7533.0,2918
7534.0,2919
7535.0,2919
7537.0,2919
7537.0,2919
7541.0,2919
7541.0,2919
7542.0,2920
7542.0,2920
7543.0,2921
7545.0,2922
7545.0,2922
7546.0,2923
7546.0,2923
7547.0,2924
7548.0,2925
7549.0,2926
7550.0,2927
7551.0,2928
7553.0,2928
7553.0,2928
7553.0,2928
7554.0,2929
7554.0,2929
7555.0,2930
7558.0,2931
7562.0,2932
7562.0,2932
7562.0,2932
7562.0,2932
7563.0,2933
7564.0,2933
7565.0,2934
7566.0,2934
7566.0,2934
7568.0,2935
7568.0,2935
7569.0,2936
7570.0,2936
7570.0,2936
7570.0,2936
7572.0,2937
7573.0,2937
7573.0,2937
7574.0,2938
7576.0,2939
7577.0,2939
7579.0,2940
7580.0,2940
7580.0,2940
7586.0,2941
7587.0,2941
7587.0,2941
7588.0,2942
7589.0,2943
7591.0,2943
7592.0,2943
7593.0,2943
7594.0,2944
7594.0,2944
7594.0,2944
7595.0,2945
7595.0,2945
7599.0,2945
7600.0,2946
7600.0,2946
7602.0,2947
7603.0,2948
7605.0,2948
7609.0,2948
7610.0,2949
7611.0,2949
7617.0,2949
7619.0,2950
7619.0,2950
7621.0,2951
7622.0,2952
7623.0,2952
7627.0,2953
7628.0,2954
7629.0,2955
7631.0,2956
7631.0,2956
7632.0,2956
7633.0,2957
7634.0,2957
7635.0,2957
7640.0,2958
7641.0,2958
7641.0,2958
7641.0,2958
7642.0,2959
7644.0,2960
7648.0,2961
7651.0,2961
7652.0,2962
7655.0,2962
7655.0,2962
7656.0,2963
7658.0,2964
7658.0,2964
7664.0,2965
7665.0,2966
7665.0,2966
7668.0,2967
7671.0,2968
7671.0,2968
7675.0,2969
7675.0,2969
7677.0,2969
7678.0,2970
7682.0,2971
7685.0,2972
7686.0,2973
7686.0,2973
7688.0,2973
7689.0,2974
7690.0,2975
7691.0,2975
7692.0,2976
7693.0,2976
7694.0,2977
7694.0,2977
7695.0,2978
7697.0,2979
7698.0,2979
7698.0,2979
7699.0,2980
7700.0,2981
7701.0,2981
7705.0,2982
7706.0,2982
7707.0,2983
7708.0,2983
7710.0,2984
7711.0,2985
7711.0,2985
7714.0,2986
7714.0,2986
7716.0,2987
7716.0,2987
7718.0,2988
7719.0,2988
7721.0,2988
7721.0,2988
7722.0,2989
7723.0,2990
7723.0,2990
7723.0,2990
7724.0,2991
7724.0,2991
7726.0,2992
7728.0,2993
7729.0,2994
7730.0,2994
7731.0,2994
7733.0,2995
7733.0,2995
7735.0,2996
7737.0,2997
7738.0,2998
7739.0,2999
7740.0,3000
7741.0,3001
7742.0,3001
7743.0,3002
7743.0,3002
7745.0,3003
7747.0,3003
7749.0,3004
7749.0,3004
7749.0,3004
7750.0,3004
7752.0,3004
7752.0,3004
7752.0,3004
7754.0,3004
7756.0,3005
7757.0,3006
7758.0,3006
7758.0,3006
7759.0,3007
7759.0,3007
7760.0,3008
7762.0,3009
7763.0,3010
7766.0,3011
7766.0,3011
7767.0,3012
7768.0,3013
7769.0,3013
7769.0,3013
7769.0,3013
7769.0,3013
7770.0,3013
7771.0,3013
7772.0,3013
7773.0,3014
7773.0,3014
7775.0,3015
7776.0,3016
7776.0,3016
7778.0,3017
7779.0,3018
7779.0,3018
7779.0,3018
7780.0,3019
7781.0,3019
7781.0,3019
7781.0,3019
7781.0,3019
7784.0,3020
7786.0,3021
7786.0,3021
7786.0,3021
7788.0,3022
7789.0,3022
7790.0,3023
7791.0,3024
7792.0,3025
7792.0,3025
7793.0,3026
7795.0,3027
7795.0,3027
7798.0,3027
7802.0,3028
7803.0,3029
7804.0,3029
7807.0,3030
7808.0,3030
7809.0,3031
7809.0,3031
7810.0,3032
7810.0,3032
7812.0,3032
7813.0,3032
7813.0,3032
7815.0,3033
7816.0,3033
7817.0,3034
7817.0,3034
7819.0,3035
7820.0,3036
7820.0,3036
7821.0,3037
7823.0,3037
7824.0,3037
7825.0,3037
7825.0,3037
7825.0,3037
7826.0,3037
7826.0,3037
7827.0,3038
7827.0,3038
7827.0,3038
7828.0,3039
7830.0,3039
7832.0,3040
7834.0,3040
7835.0,3040
7836.0,3041
7839.0,3042
7842.0,3043
7843.0,3043
7844.0,3044
7844.0,3044
7847.0,3045
7849.0,3046
7850.0,3047
7851.0,3047
7852.0,3048
7855.0,3049
7857.0,3049
7858.0,3049
7859.0,3050
7861.0,3051
7863.0,3052
7867.0,3052
7867.0,3052
7868.0,3053
7870.0,3054
7871.0,3054
7872.0,3055
7872.0,3055
7873.0,3056
7874.0,3057
7874.0,3057
7875.0,3057
7875.0,3057
7876.0,3058
7878.0,3059
7879.0,3060
7880.0,3060
7882.0,3061
7883.0,3061
7885.0,3061
7889.0,3061
7889.0,3061
7893.0,3062
7895.0,3063
7897.0,3064
7897.0,3064
7897.0,3064
7897.0,3064
7897.0,3064
7898.0,3065
7898.0,3065
7902.0,3066
7902.0,3066
7904.0,3067
7905.0,3067
7907.0,3068
7908.0,3068
7909.0,3068
7910.0,3069
7910.0,3069
7910.0,3069
7910.0,3069
7911.0,3070
7914.0,3070
7916.0,3070
7916.0,3070
7919.0,3071
7922.0,3072
7923.0,3073
7925.0,3074
7925.0,3074
7926.0,3075
7927.0,3076
7928.0,3077
7929.0,3078
7929.0,3078
7930.0,3079
7932.0,3080
7932.0,3080
7933.0,3080
7934.0,3080
7936.0,3081
7936.0,3081
7941.0,3082
7941.0,3082
7942.0,3082
7943.0,3082
7944.0,3082
7947.0,3082
7948.0,3083
7949.0,3083
7951.0,3084
7956.0,3084
7957.0,3085
7958.0,3086
7960.0,3087
7961.0,3088
7962.0,3088
7962.0,3088
7964.0,3088
7967.0,3088
7971.0,3089
7971.0,3089
7972.0,3090
7977.0,3091
7978.0,3092
7978.0,3092
7979.0,3093
7979.0,3093
7987.0,3094
7988.0,3094
7988.0,3094
7989.0,3094
7990.0,3095
7993.0,3096
7995.0,3097
7995.0,3097
7996.0,3098
7997.0,3099
7997.0,3099
7999.0,3100
8001.0,3101
8001.0,3101
8002.0,3102
8002.0,3102
8003.0,3103
8004.0,3104
8007.0,3105
8010.0,3105
8012.0,3105
8014.0,3106
8015.0,3107
8015.0,3107
8016.0,3107
8018.0,3108
8018.0,3108
8019.0,3109
8020.0,3110
8021.0,3110
8021.0,3110
8021.0,3110
8022.0,3111
8026.0,3112
8027.0,3113
8029.0,3114
8030.0,3114
8030.0,3114
8030.0,3114
8033.0,3115
8034.0,3115
8035.0,3115
8035.0,3115
8035.0,3115
8038.0,3116
8039.0,3117
8041.0,3117
8042.0,3118
8043.0,3119
8047.0,3120
8048.0,3121
8048.0,3121
8049.0,3122
8050.0,3123
8050.0,3123
8050.0,3123
8051.0,3124
8054.0,3125
8054.0,3125
8055.0,3126
8059.0,3127
8061.0,3128
8064.0,3129
8065.0,3130
8066.0,3130
8066.0,3130
8068.0,3130
8068.0,3130
8069.0,3131
8070.0,3132
8071.0,3133
8072.0,3134
8073.0,3135
8073.0,3135
8075.0,3136
8076.0,3137
8077.0,3137
8078.0,3137
8079.0,3137
8080.0,3138
8081.0,3139
8082.0,3140
8083.0,3140
8085.0,3141
8087.0,3142
8088.0,3142
8089.0,3142
8090.0,3143
8090.0,3143
8091.0,3143
8096.0,3143
8096.0,3143
8096.0,3143
8100.0,3144
8101.0,3144
8101.0,3144
8107.0,3144
8108.0,3145
8109.0,3146
8111.0,3147
8112.0,3147
8113.0,3148
8113.0,3148
8116.0,3149
8117.0,3149
8121.0,3150
8122.0,3151
8123.0,3152
8124.0,3152
8124.0,3152
8124.0,3152
8126.0,3153
8127.0,3154
8129.0,3155
8130.0,3155
8131.0,3156
8132.0,3157
8134.0,3157
8135.0,3157
8135.0,3157
8137.0,3158
8142.0,3158
8146.0,3158
8147.0,3158
8149.0,3159
8150.0,3160
8151.0,3161
8152.0,3162
8154.0,3162
8155.0,3163
8155.0,3163
8155.0,3163
8159.0,3164
8159.0,3164
8166.0,3165
8168.0,3166
8169.0,3167
8169.0,3167
8169.0,3167
8170.0,3168
8171.0,3168
8171.0,3168
8173.0,3169
8176.0,3170
8176.0,3170
8177.0,3171
8177.0,3171
8177.0,3171
8179.0,3172
8180.0,3172
8181.0,3173
8181.0,3173
8182.0,3174
8184.0,3175
8185.0,3175
8189.0,3176
8192.0,3177
8195.0,3177
8198.0,3178
8199.0,3179
8203.0,3179
8206.0,3180
8209.0,3181
8214.0,3181
8219.0,3181
8220.0,3182
8222.0,3183
8223.0,3183
8223.0,3183
8223.0,3183
8225.0,3184
8229.0,3185
8230.0,3185
8231.0,3185
8235.0,3186
8239.0,3186
8242.0,3187
8243.0,3188
8244.0,3188
8245.0,3189
8248.0,3189
8249.0,3189
8249.0,3189
8250.0,3190
8251.0,3191
8251.0,3191
8253.0,3191
8256.0,3192
8256.0,3192
8257.0,3192
8258.0,3193
8260.0,3193
8260.0,3193
8264.0,3193
8266.0,3194
8266.0,3194
8267.0,3195
8268.0,3195
8269.0,3196
8270.0,3196
8271.0,3196
8272.0,3196
8272.0,3196
8273.0,3197
8275.0,3197
8276.0,3198
8276.0,3198
8277.0,3198
8279.0,3198
8280.0,3198
8281.0,3199
8282.0,3200
8283.0,3201
8283.0,3201
8284.0,3202
8284.0,3202
8284.0,3202
8285.0,3203
8288.0,3204
8289.0,3204
8289.0,3204
8291.0,3205
8292.0,3205
8296.0,3205
8298.0,3206
8299.0,3207
8300.0,3208
8302.0,3208
8313.0,3209
8314.0,3209
8315.0,3210
8315.0,3210
8319.0,3211
8319.0,3211
8322.0,3212
8322.0,3212
8323.0,3213
8324.0,3214
8324.0,3214
8324.0,3214
8325.0,3215
8325.0,3215
8326.0,3216
8328.0,3216
8329.0,3217
8330.0,3217
8331.0,3218
8333.0,3218
8333.0,3218
8333.0,3218
8336.0,3219
8337.0,3219
8337.0,3219
8338.0,3220
8338.0,3220
8341.0,3220
8342.0,3221
8344.0,3222
8345.0,3223
8348.0,3223
8349.0,3224
8350.0,3224
8352.0,3225
8353.0,3226
8355.0,3227
8357.0,3228
8358.0,3228
8359.0,3229
8361.0,3230
8362.0,3231
8362.0,3231
8365.0,3231
8367.0,3232
8367.0,3232
8368.0,3233
8368.0,3233
8369.0,3234
8370.0,3234
8371.0,3235
8373.0,3235
8374.0,3236
8375.0,3237
8378.0,3237
8380.0,3238
8381.0,3239
8382.0,3240
8382.0,3240
8383.0,3241
8385.0,3242
8385.0,3242
8387.0,3243
8387.0,3243
8388.0,3244
8388.0,3244
8389.0,3244
8392.0,3244
8392.0,3244
8393.0,3245
8395.0,3246
8396.0,3247
8396.0,3247
8398.0,3248
8399.0,3248
8401.0,3249
8402.0,3249
8404.0,3250
8404.0,3250
8406.0,3251
8407.0,3252
8409.0,3252
8410.0,3253
8411.0,3254
8412.0,3255
8413.0,3256
8414.0,3256
8416.0,3256
8416.0,3256
8417.0,3257
8419.0,3257
8423.0,3257
8423.0,3257
8423.0,3257
8424.0,3258
8429.0,3258
8430.0,3259
8431.0,3260
8434.0,3261
8435.0,3262
8436.0,3263
8437.0,3263
8438.0,3263
8439.0,3263
8440.0,3263
8441.0,3263
8442.0,3263
8444.0,3263
8444.0,3263
8446.0,3263
8448.0,3264
8449.0,3265
8450.0,3266
8450.0,3266
8452.0,3267
8453.0,3268
8454.0,3269
8455.0,3270
8456.0,3271
8458.0,3271
8459.0,3272
8460.0,3273
8463.0,3274
8463.0,3274
8466.0,3274
8468.0,3275
8469.0,3275
8470.0,3276
8473.0,3277
8474.0,3278
8474.0,3278
8475.0,3279
8475.0,3279
8476.0,3279
8476.0,3279
8477.0,3280
8477.0,3280
8478.0,3281
8479.0,3282
8482.0,3283
8484.0,3284
8485.0,3284
8485.0,3284
8487.0,3284
8489.0,3285
8491.0,3285
8494.0,3286
8494.0,3286
8494.0,3286
8495.0,3287
8495.0,3287
8495.0,3287
8498.0,3288
8498.0,3288
8501.0,3289
8503.0,3289
8504.0,3289
8504.0,3289
8505.0,3290
8505.0,3290
8505.0,3290
8506.0,3291
8508.0,3292
8508.0,3292
8508.0,3292
8509.0,3293
8510.0,3294
8512.0,3295
8513.0,3295
8513.0,3295
8514.0,3296
8514.0,3296
8515.0,3296
8516.0,3297
8518.0,3298
8519.0,3298
8521.0,3299
8522.0,3300
8524.0,3300
8525.0,3300
8529.0,3300
8534.0,3301
8535.0,3301
8539.0,3302
8540.0,3302
8540.0,3302
8542.0,3303
8542.0,3303
8543.0,3304
8544.0,3304
8545.0,3304
8546.0,3305
8549.0,3306
8550.0,3307
8550.0,3307
8552.0,3308
8556.0,3309
8558.0,3309
8558.0,3309
8559.0,3310
8560.0,3310
8561.0,3310
8562.0,3311
8562.0,3311
8563.0,3312
8565.0,3313
8566.0,3314
8567.0,3315
8569.0,3315
8569.0,3315
8570.0,3315
8571.0,3315
8575.0,3315
8576.0,3315
8581.0,3316
8582.0,3317
8583.0,3317
8584.0,3317
8584.0,3317
8586.0,3318
8587.0,3319
8587.0,3319
8587.0,3319
8587.0,3319
8588.0,3320
8589.0,3321
8589.0,3321
8590.0,3322
8591.0,3323
8591.0,3323
8594.0,3324
8598.0,3325
8598.0,3325
8600.0,3325
8602.0,3326
8602.0,3326
8603.0,3327
8603.0,3327
8604.0,3328
8607.0,3328
8609.0,3329
8610.0,3330
8611.0,3331
8611.0,3331
8612.0,3332
8613.0,3333
8614.0,3333
8615.0,3334
8615.0,3334
8616.0,3335
8616.0,3335
8617.0,3336
8618.0,3336
8621.0,3337
8622.0,3338
8623.0,3339
8624.0,3340
8625.0,3340
8625.0,3340
8626.0,3341
8627.0,3342
8628.0,3343
8628.0,3343
8629.0,3344
8630.0,3345
8631.0,3345
8633.0,3346
8634.0,3347
8635.0,3347
8637.0,3347
8637.0,3347
8638.0,3348
8638.0,3348
8640.0,3349
8641.0,3349
8642.0,3350
8643.0,3351
8644.0,3352
8644.0,3352
8646.0,3353
8647.0,3354
8647.0,3354
8647.0,3354
8648.0,3354
8650.0,3355
8652.0,3355
8653.0,3356
8655.0,3356
8655.0,3356
8657.0,3357
8657.0,3357
8659.0,3358
8660.0,3359
8661.0,3359
8661.0,3359
8661.0,3359
8662.0,3359
8663.0,3359
8663.0,3359
8664.0,3360
8665.0,3360
8667.0,3360
8668.0,3360
8669.0,3361
8669.0,3361
8670.0,3362
8671.0,3363
8673.0,3363
8673.0,3363
8674.0,3364
8675.0,3364
8678.0,3365
8678.0,3365
8679.0,3366
8680.0,3367
8681.0,3368
8682.0,3368
8683.0,3368
8683.0,3368
8684.0,3369
8685.0,3369
8686.0,3370
8687.0,3370
8693.0,3371
8694.0,3371
8694.0,3371
8694.0,3371
8695.0,3372
8696.0,3373
8699.0,3374
8699.0,3374
8700.0,3375
8701.0,3376
8701.0,3376
8702.0,3376
8703.0,3377
8703.0,3377
8705.0,3378
8706.0,3379
8706.0,3379
8709.0,3380
8710.0,3380
8712.0,3381
8712.0,3381
8715.0,3382
8716.0,3382
8717.0,3383
8721.0,3383
8721.0,3383
8722.0,3384
8722.0,3384
8723.0,3385
8724.0,3386
8729.0,3387
8729.0,3387
8730.0,3388
8731.0,3389
8731.0,3389
8732.0,3389
8733.0,3390
8733.0,3390
8734.0,3391
8736.0,3391
8736.0,3391
8736.0,3391
8736.0,3391
8737.0,3392
8739.0,3393
8740.0,3394
8744.0,3394
8745.0,3394
8747.0,3395
8749.0,3395
8750.0,3396
8754.0,3396
8756.0,3396
8757.0,3397
8758.0,3398
8758.0,3398
8759.0,3399
8760.0,3400
8761.0,3401
8761.0,3401
8765.0,3401
8766.0,3402
8767.0,3403
8768.0,3403
8770.0,3404
8771.0,3405
8771.0,3405
8773.0,3406
8775.0,3407
8776.0,3408
8776.0,3408
8776.0,3408
8778.0,3409
8779.0,3410
8779.0,3410
8781.0,3410
8781.0,3410
8783.0,3411
8785.0,3412
8785.0,3412
8788.0,3413
8791.0,3413
8792.0,3414
8794.0,3415
8796.0,3416
8797.0,3416
8799.0,3417
8799.0,3417
8800.0,3417
8801.0,3418
8801.0,3418
8801.0,3418
8803.0,3419
8803.0,3419
8803.0,3419
8805.0,3420
8806.0,3421
8807.0,3422
8808.0,3423
8809.0,3424
8810.0,3425
8813.0,3425
8814.0,3425
8815.0,3426
8815.0,3426
8816.0,3427
8816.0,3427
8818.0,3428
8818.0,3428
8819.0,3429
8820.0,3430
8820.0,3430
8821.0,3431
8822.0,3432
8822.0,3432
8823.0,3432
8825.0,3432
8826.0,3433
8827.0,3434
8828.0,3434
8830.0,3435
8831.0,3435
8833.0,3436
8835.0,3436
8835.0,3436
8835.0,3436
8836.0,3436
8836.0,3436
8837.0,3437
8838.0,3437
8838.0,3437
8841.0,3438
8841.0,3438
8842.0,3439
8844.0,3440
8846.0,3441
8846.0,3441
8846.0,3441
8847.0,3441
8847.0,3441
8848.0,3442
8849.0,3443
8852.0,3443
8854.0,3443
8854.0,3443
8855.0,3444
8855.0,3444
8856.0,3445
8859.0,3446
8860.0,3447
8862.0,3447
8863.0,3448
8864.0,3449
8865.0,3450
8867.0,3451
8867.0,3451
8873.0,3452
8874.0,3452
8874.0,3452
8876.0,3453
8877.0,3453
8878.0,3453
8878.0,3453
8878.0,3453
8879.0,3454
8880.0,3455
8881.0,3455
8881.0,3455
8882.0,3456
8883.0,3457
8884.0,3458
8887.0,3459
8889.0,3460
8890.0,3460
8891.0,3461
8895.0,3461
8899.0,3462
8900.0,3463
8902.0,3463
8906.0,3464
8907.0,3465
8907.0,3465
8907.0,3465
8908.0,3466
8910.0,3467
8911.0,3467
8912.0,3468
8912.0,3468
8913.0,3469
8914.0,3469
8917.0,3470
8919.0,3471
8919.0,3471
8921.0,3472
8923.0,3473
8923.0,3473
8925.0,3474
8925.0,3474
8926.0,3475
8927.0,3475
8927.0,3475
8930.0,3476
8932.0,3477
8932.0,3477
8933.0,3478
8934.0,3478
8935.0,3479
8936.0,3480
8937.0,3481
8937.0,3481
8939.0,3482
8941.0,3483
8946.0,3484
8946.0,3484
8948.0,3484
8954.0,3484
8955.0,3484
8958.0,3484
8960.0,3484
8960.0,3484
8963.0,3485
8965.0,3486
8966.0,3486
8966.0,3486
8968.0,3486
8969.0,3486
8970.0,3486
8971.0,3486
8972.0,3487
8975.0,3488
8975.0,3488
8978.0,3488
8983.0,3489
8984.0,3490
8985.0,3491
8985.0,3491
8985.0,3491
8985.0,3491
8986.0,3492
8987.0,3492
8988.0,3492
8988.0,3492
8988.0,3492
8989.0,3493
8990.0,3494
8991.0,3494
8991.0,3494
8992.0,3495
8992.0,3495
8994.0,3496
8994.0,3496
8998.0,3497
8999.0,3498
9000.0,3499
9002.0,3500
9003.0,3501
9006.0,3501
9008.0,3502
9010.0,3503
9010.0,3503
9011.0,3503
9011.0,3503
9013.0,3504
9015.0,3504
9015.0,3504
9016.0,3504
9018.0,3505
9019.0,3506
9021.0,3507
9022.0,3507
9022.0,3507
9023.0,3507
9025.0,3508
9025.0,3508
9026.0,3509
9027.0,3510
9028.0,3510
9028.0,3510
9030.0,3511
9034.0,3511
9036.0,3512
9036.0,3512
9037.0,3513
9038.0,3513
9039.0,3514
9040.0,3515
9041.0,3515
9042.0,3516
9042.0,3516
9044.0,3517
9045.0,3518
9046.0,3519
9046.0,3519
9046.0,3519
9047.0,3520
9050.0,3520
9051.0,3521
9052.0,3521
9055.0,3522
9056.0,3523
9059.0,3524
9060.0,3525
9060.0,3525
9061.0,3525
9062.0,3526
9063.0,3527
9063.0,3527
9064.0,3528
9065.0,3529
9066.0,3530
9066.0,3530
9067.0,3530
9069.0,3531
9070.0,3531
9072.0,3531
9076.0,3531
9077.0,3532
9078.0,3532
9078.0,3532
9081.0,3533
9082.0,3533
9082.0,3533
9083.0,3534
9085.0,3535
9085.0,3535
9086.0,3536
9091.0,3537
9092.0,3538
9093.0,3539
9094.0,3539
9095.0,3540
9097.0,3540
9098.0,3541
9098.0,3541
9098.0,3541
9102.0,3542
9103.0,3543
9106.0,3543
9107.0,3543
9107.0,3543
9110.0,3544
9111.0,3544
9111.0,3544
9112.0,3544
9112.0,3544
9114.0,3545
9115.0,3545
9117.0,3546
9120.0,3546
9120.0,3546
9120.0,3546
9123.0,3547
9125.0,3547
9127.0,3547
9130.0,3548
9131.0,3549
9133.0,3550
9135.0,3551
9135.0,3551
9136.0,3552
9136.0,3552
9137.0,3553
9137.0,3553
9137.0,3553
9138.0,3554
9139.0,3555
9139.0,3555
9140.0,3556
9141.0,3556
9142.0,3556
9142.0,3556
9144.0,3556
9146.0,3557
9146.0,3557
9148.0,3557
9150.0,3557
9152.0,3558
9155.0,3558
9158.0,3559
9159.0,3560
9159.0,3560
9160.0,3561
9161.0,3561
9168.0,3562
9169.0,3563
9170.0,3564
9171.0,3565
9173.0,3565
9174.0,3566
9178.0,3566
9179.0,3567
9180.0,3567
9181.0,3567
9182.0,3568
9184.0,3569
9185.0,3570
9186.0,3571
9186.0,3571
9187.0,3572
9187.0,3572
9189.0,3573
9190.0,3573
9190.0,3573
9191.0,3574
9193.0,3575
9193.0,3575
9195.0,3576
9196.0,3577
9199.0,3578
9200.0,3578
9202.0,3579
9203.0,3580
9203.0,3580
9204.0,3581
9208.0,3582
9209.0,3583
9210.0,3584
9212.0,3584
9217.0,3585
9218.0,3585
9219.0,3585
9219.0,3585
9219.0,3585
9221.0,3586
9222.0,3586
9224.0,3586
9224.0,3586
9224.0,3586
9226.0,3586
9228.0,3586
9229.0,3587
9230.0,3588
9230.0,3588
9232.0,3589
9233.0,3590
9233.0,3590
9237.0,3591
9237.0,3591
9238.0,3592
9238.0,3592
9238.0,3592
9241.0,3593
9242.0,3593
9242.0,3593
9245.0,3594
9245.0,3594
9249.0,3595
9250.0,3596
9252.0,3597
9253.0,3598
9254.0,3598
9256.0,3598
9261.0,3599
9262.0,3599
9262.0,3599
9263.0,3600
9265.0,3600
9266.0,3600
9266.0,3600
9270.0,3601
9271.0,3602
9271.0,3602
9272.0,3603
9273.0,3603
9273.0,3603
9274.0,3604
9274.0,3604
9275.0,3605
9276.0,3605
9277.0,3606
9278.0,3606
9280.0,3607
9282.0,3608
9285.0,3608
9286.0,3608
9288.0,3608
9288.0,3608
9288.0,3608
9289.0,3608
9289.0,3608
9291.0,3609
9292.0,3610
9292.0,3610
9293.0,3611
9293.0,3611
9295.0,3612
9298.0,3613
9299.0,3614
9302.0,3615
9302.0,3615
9303.0,3616
9304.0,3617
9304.0,3617
9305.0,3618
9305.0,3618
9307.0,3619
9308.0,3619
9309.0,3619
9311.0,3619
9312.0,3619
9314.0,3619
9315.0,3620
9316.0,3620
9319.0,3621
9319.0,3621
9323.0,3622
9325.0,3622
9325.0,3622
9329.0,3622
9330.0,3622
9333.0,3623
9336.0,3623
9339.0,3623
9345.0,3623
9345.0,3623
9347.0,3624
9352.0,3625
9354.0,3626
9355.0,3627
9355.0,3627
9359.0,3628
9361.0,3628
9362.0,3629
9363.0,3630
9364.0,3631
9364.0,3631
9365.0,3632
9366.0,3633
9367.0,3634
9367.0,3634
9368.0,3635
9369.0,3636
9370.0,3637
9371.0,3638
9371.0,3638
9372.0,3639
9373.0,3640
9375.0,3641
9377.0,3642
9378.0,3643
9379.0,3643
9381.0,3644
9385.0,3644
9388.0,3645
9389.0,3646
9390.0,3646
9391.0,3646
9393.0,3646
9394.0,3646
9394.0,3646
9395.0,3647
9398.0,3647
9399.0,3648
9400.0,3648
9400.0,3648
9402.0,3649
9405.0,3650
9407.0,3651
9411.0,3651
9411.0,3651
9414.0,3651
9415.0,3652
9417.0,3652
9418.0,3653
9419.0,3653
9420.0,3653
9422.0,3654
9422.0,3654
9423.0,3655
9424.0,3656
9426.0,3657
9428.0,3657
9429.0,3658
9430.0,3659
9433.0,3659
9433.0,3659
9434.0,3660
9435.0,3661
9436.0,3661
9436.0,3661
9437.0,3662
9437.0,3662
9438.0,3663
9439.0,3664
9439.0,3664
9439.0,3664
9440.0,3664
9440.0,3664
9444.0,3665
9444.0,3665
9445.0,3666
9447.0,3666
9449.0,3667
9449.0,3667
9451.0,3668
9453.0,3669
9453.0,3669
9455.0,3669
9456.0,3669
9457.0,3670
9458.0,3671
9460.0,3672
9460.0,3672
9461.0,3673
9461.0,3673
9462.0,3674
9462.0,3674
9464.0,3675
9465.0,3676
9466.0,3677
9467.0,3677
9470.0,3677
9470.0,3677
9471.0,3678
9473.0,3678
9477.0,3678
9478.0,3678
9479.0,3678
9481.0,3679
9481.0,3679
9483.0,3679
9484.0,3680
9484.0,3680
9487.0,3681
9487.0,3681
9487.0,3681
9487.0,3681
9489.0,3681
9490.0,3681
9490.0,3681
9491.0,3681
9495.0,3682
9497.0,3683
9497.0,3683
9506.0,3684
9509.0,3684
9509.0,3684
9511.0,3685
9512.0,3686
9514.0,3687
9514.0,3687
9515.0,3688
9516.0,3688
9520.0,3689
9521.0,3689
9522.0,3690
9523.0,3690
9523.0,3690
9529.0,3691
9530.0,3692
9533.0,3693
9537.0,3694
9537.0,3694
9538.0,3695
9538.0,3695
9540.0,3695
9541.0,3696
9542.0,3697
9543.0,3697
9544.0,3698
9544.0,3698
9547.0,3698
9548.0,3699
9549.0,3699
9550.0,3700
9551.0,3701
9552.0,3702
9553.0,3703
9554.0,3704
9557.0,3704
9558.0,3704
9559.0,3705
9560.0,3706
9561.0,3707
9562.0,3708
9563.0,3708
9564.0,3709
9565.0,3710
9566.0,3711
9569.0,3711
9570.0,3711
9571.0,3712
9573.0,3712
9574.0,3713
9574.0,3713
9574.0,3713
9575.0,3714
9575.0,3714
9577.0,3715
9580.0,3716
9581.0,3717
9581.0,3717
9582.0,3717
9582.0,3717
9583.0,3718
9584.0,3718
9585.0,3719
9586.0,3719
9588.0,3720
9588.0,3720
9591.0,3721
9592.0,3721
9593.0,3722
9595.0,3723
9597.0,3724
9598.0,3724
9600.0,3725
9601.0,3726
9602.0,3726
9603.0,3726
9604.0,3727
9605.0,3728
9607.0,3729
9608.0,3730
9610.0,3730
9611.0,3731
9613.0,3732
9613.0,3732
9614.0,3732
9615.0,3733
9617.0,3733
9618.0,3734
9622.0,3734
9623.0,3735
9624.0,3735
9625.0,3736
9626.0,3736
9627.0,3736
9628.0,3736
9630.0,3737
9631.0,3737
9632.0,3738
9633.0,3738
9634.0,3739
9635.0,3739
9635.0,3739
9637.0,3740
9638.0,3740
9639.0,3741
9639.0,3741
9639.0,3741
9640.0,3742
9641.0,3742
9644.0,3742
9645.0,3743
9646.0,3744
9648.0,3745
9649.0,3746
9651.0,3747
9652.0,3748
9653.0,3748
9655.0,3749
9656.0,3750
9657.0,3750
9659.0,3750
9660.0,3751
9660.0,3751
9661.0,3752
9662.0,3753
9662.0,3753
9663.0,3754
9664.0,3755
9664.0,3755
9664.0,3755
9664.0,3755
9665.0,3756
9665.0,3756
9666.0,3757
9666.0,3757
9666.0,3757
9669.0,3758
9669.0,3758
9669.0,3758
9671.0,3759
9671.0,3759
9671.0,3759
9673.0,3760
9674.0,3760
9674.0,3760
9675.0,3760
9676.0,3760
9677.0,3761
9677.0,3761
9678.0,3762
9679.0,3762
9680.0,3763
9682.0,3763
9684.0,3763
9686.0,3764
9687.0,3764
9687.0,3764
9693.0,3765
9698.0,3765
9699.0,3765
9700.0,3765
9701.0,3766
9704.0,3767
9706.0,3768
9708.0,3769
9710.0,3769
9710.0,3769
9712.0,3769
9713.0,3770
9714.0,3771
9714.0,3771
9715.0,3772
9717.0,3773
9718.0,3774
9720.0,3774
9721.0,3775
9726.0,3776
9731.0,3777
9732.0,3777
9732.0,3777
9734.0,3778
9735.0,3779
9736.0,3780
9736.0,3780
9737.0,3781
9738.0,3782
9741.0,3782
9741.0,3782
9741.0,3782
9742.0,3783
9743.0,3783
9749.0,3783
9750.0,3783
9751.0,3783
9752.0,3783
9754.0,3783
9756.0,3784
9757.0,3784
9758.0,3785
9758.0,3785
9758.0,3785
9760.0,3786
9761.0,3787
9761.0,3787
9762.0,3788
9765.0,3789
9770.0,3790
9772.0,3791
9773.0,3792
9773.0,3792
9775.0,3793
9776.0,3794
9778.0,3794
9779.0,3795
9783.0,3796
9786.0,3797
9786.0,3797
9787.0,3797
9788.0,3797
9790.0,3798
9791.0,3798
9792.0,3798
9793.0,3798
9796.0,3799
9798.0,3799
9799.0,3800
9799.0,3800
9800.0,3800
9803.0,3800
9804.0,3801
9805.0,3802
9807.0,3803
9807.0,3803
9808.0,3804
9809.0,3805
9811.0,3805
9811.0,3805
9814.0,3806
9815.0,3806
9816.0,3806
9818.0,3806
9818.0,3806
9819.0,3807
9821.0,3808
9821.0,3808
9821.0,3808
9825.0,3809
9827.0,3810
9827.0,3810
9828.0,3810
9828.0,3810
9832.0,3811
9834.0,3812
9834.0,3812
9836.0,3813
9838.0,3814
9839.0,3814
9840.0,3814
9841.0,3815
9843.0,3815
9844.0,3816
9845.0,3817
9845.0,3817
9847.0,3818
9848.0,3819
9850.0,3819
9856.0,3820
9857.0,3821
9858.0,3822
9862.0,3823
9863.0,3824
9864.0,3825
9865.0,3826
9866.0,3827
9866.0,3827
9867.0,3828
9867.0,3828
9869.0,3829
9870.0,3829
9871.0,3829
9871.0,3829
9872.0,3829
9874.0,3829
9875.0,3830
9876.0,3831
9877.0,3832
9879.0,3833
9882.0,3833
9883.0,3834
9886.0,3835
9887.0,3836
9888.0,3836
9890.0,3837
9890.0,3837
9893.0,3837
9896.0,3838
9897.0,3839
9897.0,3839
9899.0,3839
9899.0,3839
9900.0,3839
9900.0,3839
9900.0,3839
9901.0,3840
9901.0,3840
9901.0,3840
9904.0,3841
9904.0,3841
9905.0,3841
9905.0,3841
9905.0,3841
9906.0,3842
9909.0,3842
9910.0,3843
9910.0,3843
9911.0,3844
9913.0,3844
9913.0,3844
9913.0,3844
9913.0,3844
9915.0,3845
9916.0,3846
9917.0,3847
9918.0,3848
9919.0,3849
9920.0,3850
9921.0,3851
9922.0,3851
9922.0,3851
9922.0,3851
9923.0,3852
9924.0,3852
9925.0,3853
9926.0,3854
9927.0,3855
9929.0,3855
9930.0,3856
9932.0,3856
9933.0,3857
9938.0,3857
9942.0,3858
9945.0,3859
9947.0,3860
9948.0,3860
9953.0,3861
9953.0,3861
9955.0,3861
9958.0,3862
9960.0,3863
9960.0,3863
9960.0,3863
9963.0,3864
9964.0,3864
9964.0,3864
9964.0,3864
9968.0,3865
9972.0,3865
9974.0,3866
9976.0,3867
9976.0,3867
9977.0,3868
9977.0,3868
9977.0,3868
9978.0,3869
9980.0,3870
9981.0,3871
9982.0,3872
9984.0,3872
9985.0,3873
9986.0,3873
9987.0,3873
9988.0,3873
9989.0,3873
9990.0,3873
9991.0,3874
9992.0,3874
9993.0,3874
9994.0,3875
9996.0,3876
9997.0,3876
9999.0,3877
10000.0,3878
10006.0,3879
10010.0,3879
10011.0,3879
10012.0,3879
10013.0,3879
10027.0,3879
10028.0,3879
10029.0,3879
10034.0,3879
10036.0,3879
10040.0,3879
10047.0,3879
10049.0,3879
10051.0,3879
10061.0,3879
10061.0,3879
10076.0,3879
10089.0,3879
10095.0,3879
10097.0,3879
10101.0,3879
10117.0,3879
10139.0,3879
10158.0,3879
10165.0,3879
10165.0,3879
10177.0,3879
10183.0,3879
10245.0,3879
10255.0,3879
10260.0,3879
10318.0,3879
10329.0,3879
10343.0,3879
10686.0,3879
