Time,Active PDUs
0.0,0
13.0,1
36.0,2
81.0,3
103.0,4
108.0,5
158.0,6
172.0,7
173.0,8
183.0,9
203.0,10
217.0,11
256.0,12
266.0,13
267.0,14
280.0,15
295.0,16
301.0,17
314.0,18
321.0,19
332.0,20
377.0,21
415.0,22
417.0,23
421.0,24
467.0,25
472.0,26
476.0,27
489.0,28
503.0,29
534.0,30
569.0,31
585.0,32
588.0,33
641.0,34
648.0,35
664.0,36
667.0,37
683.0,38
700.0,39
706.0,40
710.0,39
719.0,40
725.0,41
729.0,42
751.0,43
756.0,44
793.0,45
803.0,46
812.0,47
855.0,48
865.0,49
887.0,50
972.0,51
994.0,52
1004.0,53
1015.0,54
1016.0,55
1055.0,56
1099.0,57
1118.0,58
1121.0,59
1154.0,60
1157.0,61
1167.0,62
1197.0,63
1239.0,64
1252.0,65
1255.0,66
1265.0,65
1305.0,66
1330.0,67
1345.0,68
1364.0,69
1369.0,70
1379.0,71
1390.0,72
1393.0,73
1440.0,74
1441.0,75
1452.0,76
1480.0,77
1518.0,78
1532.0,79
1587.0,80
1608.0,81
1656.0,82
1675.0,83
1702.0,84
1706.0,85
1718.0,86
1726.0,87
1770.0,88
1772.0,89
1808.0,90
1834.0,91
1842.0,92
1854.0,93
1869.0,94
1881.0,95
1897.0,96
1901.0,97
2019.0,98
2024.0,99
2026.0,100
2029.0,101
2050.0,102
2054.0,103
2058.0,104
2086.0,105
2101.0,106
2121.0,107
2145.0,108
2192.0,109
2199.0,110
2211.0,109
2223.0,110
2264.0,111
2339.0,110
2350.0,111
2354.0,112
2405.0,113
2515.0,114
2518.0,115
2522.0,116
2549.0,117
2590.0,118
2596.0,119
2617.0,120
2619.0,121
2621.0,122
2631.0,123
2645.0,124
2652.0,125
2668.0,126
2669.0,127
2689.0,128
2692.0,129
2785.0,130
2792.0,131
2816.0,132
2818.0,133
2836.0,134
2844.0,135
2868.0,136
2873.0,137
2909.0,138
2952.0,139
2965.0,140
2973.0,141
2974.0,142
2975.0,143
3003.0,144
3004.0,143
3012.0,144
3019.0,145
3077.0,146
3087.0,147
3119.0,148
3145.0,149
3156.0,150
3161.0,151
3190.0,152
3191.0,153
3199.0,154
3219.0,155
3260.0,156
3300.0,157
3323.0,158
3355.0,159
3396.0,160
3421.0,161
3424.0,162
3440.0,163
3447.0,164
3460.0,165
3477.0,164
3513.0,165
3537.0,166
3538.0,167
3542.0,168
3558.0,169
3560.0,170
3566.0,171
3586.0,172
3588.0,173
3614.0,174
3636.0,175
3658.0,176
3688.0,177
3693.0,178
3758.0,179
3775.0,180
3779.0,181
3796.0,182
3798.0,183
3800.0,184
3826.0,185
3827.0,186
3844.0,187
3893.0,188
3897.0,187
3899.0,188
3917.0,189
3946.0,190
3951.0,191
3965.0,192
3982.0,193
3985.0,194
4006.0,195
4030.0,196
4057.0,197
4065.0,198
4072.0,199
4080.0,200
4085.0,201
4091.0,202
4092.0,203
4117.0,204
4120.0,205
4148.0,206
4165.0,207
4169.0,206
4182.0,207
4204.0,208
4274.0,209
4275.0,210
4286.0,211
4289.0,212
4304.0,213
4313.0,214
4320.0,215
4339.0,216
4342.0,215
4400.0,216
4411.0,217
4464.0,218
4464.0,217
4475.0,218
4488.0,219
4535.0,220
4578.0,221
4622.0,222
4627.0,223
4631.0,224
4645.0,225
4666.0,226
4675.0,227
4719.0,228
4731.0,229
4737.0,230
4748.0,231
4759.0,232
4778.0,233
4781.0,232
4789.0,233
4820.0,234
4886.0,235
4897.0,236
4933.0,237
4936.0,238
4956.0,239
4986.0,238
5015.0,239
5019.0,240
5026.0,241
5060.0,242
5076.0,243
5092.0,244
5113.0,245
5121.0,246
5139.0,247
5162.0,248
5258.0,249
5262.0,250
5273.0,251
5330.0,250
5338.0,251
5373.0,250
5401.0,251
5403.0,252
5411.0,253
5429.0,254
5460.0,255
5477.0,256
5482.0,255
5489.0,256
5566.0,257
5572.0,258
5604.0,259
5631.0,260
5655.0,261
5687.0,262
5689.0,263
5698.0,264
5701.0,265
5716.0,266
5730.0,267
5747.0,268
5752.0,269
5763.0,270
5785.0,271
5792.0,272
5815.0,273
5866.0,274
5886.0,275
5898.0,276
5909.0,277
5910.0,278
5943.0,279
5984.0,280
6005.0,281
6010.0,282
6055.0,283
6064.0,284
6064.0,283
6083.0,284
6084.0,285
6092.0,286
6106.0,287
6112.0,288
6165.0,289
6175.0,290
6199.0,291
6208.0,292
6237.0,293
6280.0,294
6340.0,295
6385.0,296
6388.0,297
6395.0,298
6404.0,299
6435.0,300
6456.0,301
6459.0,302
6484.0,303
6500.0,304
6508.0,305
6514.0,306
6523.0,307
6526.0,308
6529.0,309
6536.0,310
6540.0,311
6580.0,312
6592.0,313
6598.0,314
6623.0,315
6648.0,316
6678.0,317
6724.0,318
6883.0,319
6899.0,320
6904.0,321
6919.0,322
6953.0,323
6963.0,322
6971.0,323
6984.0,324
6995.0,325
7051.0,326
7056.0,327
7072.0,328
7104.0,329
7109.0,330
7153.0,331
7175.0,332
7176.0,333
7179.0,334
7203.0,335
7232.0,336
7324.0,335
7355.0,334
7360.0,335
7379.0,336
7391.0,335
7401.0,336
7402.0,337
7406.0,338
7417.0,339
7423.0,340
7430.0,341
7476.0,340
7494.0,341
7498.0,342
7506.0,343
7520.0,344
7565.0,345
7571.0,346
7577.0,347
7589.0,348
7602.0,349
7610.0,348
7676.0,347
7691.0,348
7713.0,349
7713.0,348
7729.0,349
7802.0,350
7809.0,351
7852.0,352
7864.0,353
7871.0,354
7894.0,355
7904.0,354
7906.0,353
7911.0,354
7930.0,355
7992.0,356
8009.0,355
8027.0,354
8062.0,355
8089.0,354
8117.0,355
8121.0,356
8122.0,355
8128.0,356
8156.0,357
8174.0,358
8189.0,359
8227.0,358
8233.0,359
8237.0,360
8261.0,361
8267.0,362
8272.0,363
8292.0,364
8311.0,365
8322.0,366
8344.0,367
8356.0,366
8375.0,365
8434.0,366
8435.0,367
8441.0,368
8513.0,369
8527.0,370
8533.0,371
8535.0,372
8568.0,373
8574.0,374
8576.0,375
8579.0,376
8584.0,377
8615.0,378
8640.0,379
8651.0,380
8652.0,381
8677.0,382
8711.0,383
8744.0,384
8755.0,385
8757.0,386
8771.0,387
8795.0,388
8827.0,389
8829.0,390
8833.0,391
8847.0,392
8891.0,393
8894.0,394
8928.0,395
8967.0,396
9009.0,397
9016.0,398
9048.0,399
9067.0,400
9113.0,401
9123.0,402
9155.0,403
9174.0,404
9200.0,405
9210.0,406
9230.0,405
9239.0,406
9242.0,407
9243.0,408
9287.0,409
9323.0,408
9337.0,409
9362.0,410
9406.0,411
9425.0,412
9443.0,413
9472.0,414
9483.0,415
9514.0,416
9553.0,417
9599.0,418
9602.0,417
9674.0,418
9683.0,419
9685.0,420
9698.0,421
9718.0,422
9744.0,423
9786.0,424
9803.0,425
9817.0,426
9819.0,425
9854.0,426
9869.0,427
9873.0,428
9881.0,427
9883.0,428
9886.0,429
9890.0,430
9893.0,431
9915.0,432
9956.0,433
9967.0,432
9973.0,433
9980.0,434
10005.0,435
10009.0,436
10019.0,437
10028.0,438
10030.0,439
10032.0,440
10044.0,441
10045.0,442
10048.0,443
10112.0,444
10114.0,445
10115.0,446
10119.0,447
10120.0,448
10123.0,447
10154.0,448
10159.0,449
10166.0,450
10218.0,451
10232.0,452
10286.0,451
10319.0,452
10341.0,453
10365.0,454
10424.0,455
10466.0,456
10468.0,455
10468.0,454
10491.0,455
10507.0,456
10509.0,457
10511.0,458
10534.0,459
10535.0,460
10541.0,461
10546.0,460
10560.0,461
10569.0,462
10580.0,461
10589.0,462
10601.0,463
10607.0,462
10615.0,463
10618.0,464
10643.0,465
10644.0,466
10645.0,465
10681.0,466
10706.0,467
10710.0,468
10723.0,469
10762.0,470
10783.0,471
10813.0,470
10825.0,471
10831.0,472
10834.0,473
10858.0,474
10904.0,473
10908.0,474
10932.0,475
10933.0,476
10936.0,477
10945.0,478
10955.0,477
11040.0,476
11072.0,477
11107.0,478
11150.0,479
11210.0,480
11213.0,481
11233.0,482
11234.0,483
11240.0,484
11245.0,485
11255.0,486
11261.0,487
11271.0,488
11295.0,489
11308.0,490
11313.0,491
11336.0,490
11341.0,491
11359.0,492
11395.0,493
11448.0,494
11457.0,495
11474.0,496
11518.0,497
11530.0,498
11532.0,499
11540.0,500
11550.0,501
11573.0,502
11592.0,503
11614.0,504
11650.0,505
11651.0,506
11657.0,505
11671.0,506
11675.0,507
11683.0,508
11715.0,509
11728.0,510
11738.0,509
11741.0,510
11772.0,511
11816.0,512
11821.0,511
11847.0,512
11893.0,513
11912.0,514
11926.0,515
11935.0,516
11939.0,517
11945.0,518
11963.0,519
11968.0,520
11973.0,521
12001.0,522
12006.0,521
12018.0,522
12067.0,523
12069.0,524
12075.0,525
12082.0,526
12128.0,527
12157.0,528
12171.0,529
12195.0,530
12212.0,531
12248.0,530
12324.0,531
12376.0,530
12395.0,531
12399.0,532
12406.0,533
12414.0,534
12420.0,535
12430.0,536
12438.0,535
12441.0,534
12444.0,535
12459.0,534
12486.0,535
12491.0,536
12493.0,537
12527.0,536
12547.0,537
12588.0,538
12602.0,539
12622.0,540
12634.0,541
12644.0,542
12656.0,543
12668.0,544
12694.0,545
12711.0,546
12712.0,545
12719.0,546
12751.0,547
12752.0,548
12772.0,549
12787.0,550
12790.0,551
12799.0,552
12812.0,551
12868.0,552
12884.0,553
12935.0,554
12960.0,555
12965.0,556
12972.0,557
12992.0,558
13000.0,559
13063.0,560
13085.0,561
13086.0,562
13126.0,563
13146.0,564
13151.0,565
13165.0,566
13174.0,567
13182.0,568
13227.0,569
13264.0,570
13265.0,571
13277.0,572
13292.0,573
13293.0,574
13301.0,575
13302.0,576
13322.0,577
13407.0,576
13433.0,577
13433.0,576
13469.0,577
13470.0,578
13471.0,579
13473.0,580
13524.0,579
13567.0,578
13579.0,579
13596.0,580
13603.0,581
13619.0,582
13623.0,583
13677.0,582
13691.0,583
13711.0,584
13750.0,585
13772.0,586
13779.0,587
13806.0,588
13835.0,589
13845.0,588
13849.0,589
13854.0,590
13873.0,591
13895.0,592
13899.0,593
13927.0,594
13930.0,595
13942.0,594
13953.0,595
13975.0,596
13983.0,595
14002.0,596
14005.0,595
14006.0,596
14008.0,597
14016.0,598
14026.0,599
14045.0,600
14060.0,601
14061.0,600
14070.0,601
14077.0,602
14114.0,603
14120.0,604
14134.0,605
14162.0,604
14165.0,605
14213.0,606
14270.0,607
14285.0,606
14304.0,607
14312.0,608
14327.0,609
14344.0,610
14397.0,611
14399.0,612
14413.0,613
14440.0,614
14441.0,615
14468.0,614
14478.0,615
14502.0,616
14521.0,617
14532.0,618
14546.0,619
14566.0,620
14568.0,621
14598.0,622
14626.0,623
14637.0,624
14664.0,625
14696.0,624
14747.0,625
14776.0,624
14783.0,625
14788.0,626
14796.0,627
14815.0,628
14823.0,629
14829.0,630
14855.0,631
14868.0,632
14921.0,633
14972.0,634
14974.0,635
14976.0,636
15003.0,637
15021.0,638
15026.0,639
15066.0,640
15097.0,641
15145.0,642
15146.0,643
15157.0,644
15176.0,643
15199.0,644
15230.0,645
15232.0,646
15239.0,647
15258.0,646
15296.0,647
15300.0,648
15301.0,647
15327.0,648
15330.0,649
15354.0,650
15354.0,649
15368.0,650
15379.0,651
15392.0,652
15397.0,653
15402.0,654
15423.0,655
15452.0,656
15458.0,657
15468.0,658
15484.0,657
15548.0,658
15559.0,659
15565.0,660
15572.0,659
15578.0,660
15597.0,661
15631.0,660
15637.0,661
15657.0,660
15662.0,661
15667.0,662
15673.0,663
15682.0,664
15700.0,665
15707.0,666
15709.0,665
15718.0,666
15735.0,667
15782.0,666
15793.0,667
15794.0,668
15797.0,669
15799.0,670
15802.0,671
15811.0,672
15828.0,673
15849.0,674
15863.0,675
15882.0,676
15887.0,677
15917.0,678
15934.0,679
15945.0,680
15970.0,681
15972.0,682
15973.0,683
15977.0,684
15982.0,683
15992.0,684
16010.0,685
16011.0,686
16022.0,687
16057.0,688
16064.0,689
16117.0,690
16160.0,691
16171.0,692
16188.0,693
16198.0,694
16229.0,695
16249.0,696
16268.0,695
16270.0,696
16291.0,695
16292.0,696
16298.0,697
16307.0,698
16319.0,699
16339.0,700
16341.0,701
16346.0,702
16347.0,703
16369.0,704
16379.0,703
16401.0,704
16433.0,705
16470.0,706
16504.0,705
16509.0,706
16540.0,707
16545.0,708
16548.0,709
16554.0,710
16599.0,709
16613.0,710
16656.0,711
16666.0,712
16696.0,713
16709.0,712
16732.0,713
16743.0,714
16763.0,715
16764.0,716
16794.0,717
16800.0,718
16820.0,719
16825.0,720
16843.0,721
16850.0,722
16867.0,723
16880.0,722
16889.0,723
16895.0,724
16908.0,723
16917.0,724
16944.0,725
16976.0,726
17004.0,727
17024.0,728
17067.0,727
17070.0,728
17076.0,729
17086.0,728
17089.0,729
17090.0,730
17122.0,731
17123.0,732
17167.0,733
17169.0,734
17216.0,735
17221.0,736
17227.0,737
17239.0,738
17248.0,737
17252.0,736
17253.0,737
17266.0,736
17271.0,737
17283.0,738
17312.0,739
17335.0,740
17342.0,739
17367.0,740
17371.0,741
17374.0,742
17377.0,743
17391.0,742
17424.0,743
17426.0,744
17438.0,743
17440.0,744
17449.0,745
17468.0,746
17476.0,745
17481.0,746
17508.0,747
17568.0,746
17624.0,747
17652.0,748
17674.0,749
17701.0,748
17702.0,749
17711.0,748
17728.0,749
17770.0,750
17811.0,749
17821.0,750
17833.0,751
17862.0,750
17885.0,749
17889.0,750
17904.0,749
17918.0,750
17920.0,751
17927.0,752
17955.0,753
17969.0,754
17975.0,755
17991.0,756
18031.0,757
18032.0,758
18035.0,757
18037.0,756
18038.0,757
18043.0,758
18045.0,759
18069.0,760
18070.0,761
18115.0,762
18197.0,763
18238.0,764
18255.0,765
18272.0,766
18283.0,767
18285.0,768
18340.0,769
18352.0,770
18360.0,769
18363.0,770
18364.0,771
18401.0,772
18408.0,773
18417.0,774
18426.0,775
18429.0,776
18451.0,775
18476.0,776
18484.0,777
18490.0,778
18499.0,779
18533.0,778
18534.0,779
18540.0,780
18545.0,781
18575.0,782
18646.0,783
18659.0,782
18681.0,783
18687.0,784
18695.0,783
18701.0,782
18707.0,783
18719.0,784
18738.0,783
18740.0,784
18748.0,783
18749.0,784
18808.0,785
18820.0,784
18864.0,785
18881.0,784
18921.0,785
18967.0,786
19011.0,787
19011.0,786
19036.0,787
19057.0,788
19058.0,789
19065.0,790
19067.0,791
19067.0,790
19074.0,789
19099.0,790
19115.0,791
19139.0,792
19143.0,793
19152.0,794
19155.0,795
19159.0,796
19174.0,797
19198.0,796
19219.0,797
19222.0,798
19226.0,799
19228.0,800
19264.0,799
19272.0,800
19285.0,800
19308.0,800
19341.0,799
19353.0,800
19370.0,800
19375.0,800
19383.0,800
19388.0,800
19393.0,800
19400.0,800
19408.0,800
19410.0,800
19427.0,800
19437.0,800
19444.0,800
19452.0,800
19464.0,799
19475.0,800
19492.0,800
19540.0,800
19542.0,799
19544.0,800
19550.0,800
19579.0,800
19600.0,800
19648.0,800
19650.0,800
19703.0,800
19737.0,800
19742.0,800
19758.0,800
19762.0,799
19768.0,800
19769.0,800
19771.0,800
19773.0,800
19784.0,799
19799.0,800
19811.0,800
19812.0,800
19817.0,800
19822.0,800
19863.0,800
19871.0,800
19880.0,800
19896.0,799
19903.0,800
19905.0,800
19910.0,800
19938.0,800
19969.0,800
19990.0,800
20010.0,800
20024.0,800
20034.0,800
20038.0,800
20086.0,800
20087.0,799
20088.0,800
20092.0,799
20122.0,800
20186.0,800
20198.0,800
20200.0,800
20204.0,800
20207.0,800
20230.0,800
20245.0,800
20248.0,800
20257.0,799
20270.0,800
20302.0,800
20310.0,800
20316.0,800
20334.0,800
20356.0,800
20403.0,800
20408.0,800
20432.0,800
20461.0,799
20469.0,800
20510.0,799
20518.0,800
20520.0,800
20544.0,800
20607.0,800
20627.0,800
20642.0,800
20643.0,800
20669.0,800
20672.0,800
20691.0,800
20713.0,800
20747.0,800
20772.0,799
20798.0,798
20807.0,799
20837.0,798
20844.0,799
20868.0,798
20874.0,799
20889.0,798
20898.0,797
20904.0,798
20920.0,799
20932.0,798
20937.0,799
21023.0,800
21026.0,800
21038.0,800
21056.0,800
21083.0,800
21119.0,800
21123.0,799
21130.0,800
21151.0,800
21152.0,799
21165.0,800
21169.0,799
21173.0,800
21234.0,800
21239.0,800
21328.0,800
21331.0,800
21338.0,799
21352.0,800
21357.0,800
21362.0,800
21370.0,800
21414.0,800
21419.0,799
21420.0,800
21435.0,799
21451.0,800
21479.0,800
21480.0,800
21533.0,800
21541.0,800
21551.0,800
21554.0,800
21577.0,800
21582.0,800
21592.0,800
21610.0,799
21617.0,800
21619.0,800
21628.0,800
21629.0,799
21633.0,798
21660.0,799
21661.0,800
21670.0,799
21728.0,798
21736.0,799
21744.0,798
21753.0,797
21760.0,798
21784.0,799
21804.0,800
21815.0,800
21831.0,800
21880.0,800
21894.0,800
21899.0,800
21915.0,800
21943.0,799
21989.0,800
21995.0,800
22010.0,800
22025.0,800
22026.0,799
22026.0,798
22031.0,799
22033.0,798
22035.0,799
22038.0,800
22092.0,799
22155.0,800
22162.0,800
22180.0,799
22196.0,800
22214.0,799
22239.0,800
22241.0,799
22284.0,800
22313.0,800
22348.0,799
22359.0,800
22367.0,800
22372.0,800
22401.0,800
22449.0,800
22471.0,800
22476.0,800
22476.0,799
22483.0,800
22497.0,800
22531.0,800
22545.0,799
22557.0,800
22561.0,800
22562.0,800
22563.0,800
22587.0,800
22641.0,799
22648.0,798
22679.0,799
22682.0,800
22685.0,800
22690.0,799
22709.0,798
22713.0,797
22756.0,798
22761.0,799
22787.0,800
22796.0,800
22821.0,800
22821.0,799
22824.0,798
22853.0,799
22868.0,800
22904.0,800
22909.0,800
22928.0,800
22928.0,799
22972.0,800
22993.0,800
23011.0,799
23018.0,800
23060.0,799
23075.0,798
23080.0,799
23127.0,800
23137.0,800
23142.0,799
23144.0,798
23146.0,799
23162.0,800
23165.0,800
23199.0,800
23200.0,800
23207.0,800
23213.0,800
23223.0,800
23237.0,799
23244.0,800
23268.0,800
23270.0,800
23336.0,800
23353.0,800
23439.0,800
23442.0,800
23473.0,800
23488.0,800
23508.0,800
23519.0,799
23524.0,800
23527.0,800
23537.0,800
23547.0,800
23582.0,800
23599.0,800
23646.0,800
23663.0,799
23668.0,800
23671.0,800
23680.0,800
23685.0,800
23743.0,800
23754.0,800
23756.0,799
23771.0,800
23775.0,800
23789.0,800
23795.0,800
23816.0,800
23818.0,800
23820.0,800
23851.0,800
23883.0,800
23884.0,800
23898.0,800
23924.0,800
23933.0,800
23945.0,800
23951.0,800
23952.0,800
23953.0,800
23984.0,800
23989.0,800
23998.0,799
24002.0,800
24003.0,800
24014.0,799
24027.0,800
24051.0,800
24070.0,800
24072.0,800
24076.0,799
24101.0,798
24102.0,799
24103.0,800
24129.0,800
24133.0,799
24145.0,800
24200.0,799
24210.0,798
24221.0,799
24262.0,800
24269.0,800
24282.0,800
24293.0,799
24296.0,800
24314.0,800
24335.0,799
24354.0,800
24374.0,800
24383.0,800
24392.0,800
24406.0,799
24420.0,800
24427.0,800
24460.0,800
24501.0,800
24538.0,800
24551.0,800
24575.0,800
24602.0,800
24606.0,800
24619.0,800
24628.0,800
24646.0,800
24651.0,799
24659.0,800
24661.0,800
24663.0,800
24666.0,800
24667.0,800
24695.0,800
24702.0,800
24720.0,800
24733.0,800
24779.0,800
24791.0,800
24810.0,800
24822.0,799
24823.0,800
24829.0,800
24848.0,800
24871.0,800
24887.0,800
24942.0,800
24954.0,800
24954.0,799
24979.0,800
24982.0,800
25009.0,800
25014.0,800
25015.0,799
25016.0,800
25056.0,799
25064.0,800
25072.0,800
25077.0,800
25081.0,800
25083.0,800
25114.0,800
25119.0,800
25131.0,800
25139.0,800
25155.0,800
25162.0,800
25186.0,800
25192.0,800
25255.0,800
25279.0,800
25296.0,799
25301.0,800
25340.0,800
25341.0,800
25367.0,800
25382.0,800
25421.0,800
25425.0,799
25453.0,800
25457.0,800
25471.0,800
25477.0,800
25481.0,799
25503.0,798
25550.0,797
25566.0,798
25570.0,799
25573.0,798
25574.0,799
25582.0,800
25599.0,800
25604.0,800
25605.0,800
25618.0,800
25621.0,800
25650.0,800
25652.0,800
25655.0,800
25673.0,799
25677.0,800
25684.0,800
25698.0,800
25709.0,800
25714.0,800
25724.0,800
25756.0,800
25765.0,799
25794.0,798
25836.0,799
25864.0,800
25900.0,800
25904.0,800
25913.0,799
25937.0,800
25979.0,800
25994.0,800
26005.0,800
26012.0,800
26018.0,799
26019.0,800
26020.0,800
26034.0,800
26048.0,800
26052.0,800
26055.0,800
26136.0,800
26143.0,800
26154.0,800
26180.0,800
26196.0,800
26269.0,800
26278.0,800
26300.0,800
26320.0,800
26354.0,800
26382.0,799
26400.0,800
26404.0,800
26412.0,800
26449.0,800
26494.0,799
26497.0,798
26507.0,799
26511.0,800
26514.0,800
26585.0,800
26593.0,800
26600.0,799
26625.0,800
26630.0,800
26648.0,799
26725.0,800
26733.0,800
26739.0,800
26753.0,800
26757.0,799
26766.0,800
26793.0,800
26799.0,800
26802.0,800
26816.0,800
26819.0,800
26822.0,799
26873.0,800
26880.0,800
26919.0,799
26923.0,800
26976.0,800
26982.0,799
26987.0,800
26998.0,800
27033.0,799
27057.0,800
27063.0,800
27086.0,800
27088.0,800
27098.0,800
27110.0,800
27111.0,800
27116.0,800
27124.0,799
27130.0,800
27141.0,800
27160.0,800
27162.0,800
27189.0,800
27233.0,800
27261.0,800
27279.0,800
27310.0,800
27315.0,800
27344.0,800
27349.0,799
27360.0,800
27361.0,799
27399.0,800
27403.0,800
27429.0,800
27456.0,800
27507.0,800
27527.0,799
27533.0,800
27539.0,800
27554.0,800
27555.0,799
27563.0,800
27564.0,800
27572.0,800
27616.0,800
27622.0,800
27626.0,799
27629.0,800
27638.0,800
27645.0,799
27655.0,800
27673.0,800
27686.0,799
27705.0,800
27710.0,800
27721.0,800
27736.0,800
27738.0,800
27743.0,800
27786.0,799
27837.0,798
27853.0,797
27882.0,798
27900.0,797
27901.0,796
27902.0,797
27911.0,796
27914.0,797
27924.0,798
27941.0,799
27951.0,798
27955.0,799
27966.0,800
27981.0,799
27985.0,800
27987.0,800
27988.0,800
27995.0,800
27998.0,800
27999.0,799
28015.0,800
28016.0,799
28049.0,798
28054.0,797
28056.0,796
28063.0,797
28071.0,798
28083.0,799
28106.0,800
28124.0,799
28142.0,798
28157.0,799
28160.0,800
28167.0,800
28181.0,800
28209.0,800
28234.0,800
28237.0,800
28266.0,800
28283.0,799
28302.0,798
28306.0,799
28313.0,800
28331.0,800
28335.0,799
28348.0,800
28378.0,799
28389.0,798
28392.0,799
28396.0,800
28402.0,799
28433.0,800
28449.0,800
28466.0,800
28469.0,799
28470.0,800
28500.0,800
28522.0,800
28573.0,799
28605.0,800
28609.0,799
28610.0,800
28616.0,800
28621.0,800
28654.0,800
28670.0,799
28672.0,800
28712.0,800
28718.0,800
28730.0,800
28735.0,800
28765.0,800
28840.0,799
28848.0,798
28849.0,799
28859.0,800
28868.0,799
28879.0,800
28885.0,800
28926.0,800
28933.0,800
28936.0,799
28942.0,800
28969.0,800
28988.0,799
29001.0,800
29044.0,800
29072.0,800
29105.0,800
29111.0,800
29123.0,799
29125.0,798
29129.0,797
29130.0,798
29137.0,799
29147.0,798
29166.0,799
29186.0,800
29217.0,800
29225.0,800
29264.0,800
29275.0,800
29289.0,800
29303.0,800
29312.0,799
29316.0,800
29356.0,800
29372.0,800
29380.0,800
29385.0,800
29406.0,800
29416.0,800
29425.0,800
29433.0,800
29435.0,800
29444.0,800
29456.0,799
29479.0,800
29484.0,800
29485.0,800
29511.0,800
29512.0,799
29523.0,800
29567.0,800
29570.0,800
29584.0,800
29590.0,800
29620.0,800
29625.0,800
29692.0,800
29698.0,800
29701.0,800
29722.0,800
29723.0,800
29729.0,800
29745.0,800
29750.0,799
29751.0,800
29787.0,800
29788.0,799
29805.0,800
29807.0,800
29809.0,800
29828.0,800
29865.0,799
29876.0,800
29938.0,800
29943.0,799
29953.0,800
29977.0,800
30032.0,800
30053.0,800
30086.0,800
30099.0,800
30113.0,800
30141.0,800
30144.0,799
30156.0,800
30162.0,799
30164.0,800
30170.0,799
30179.0,800
30198.0,799
30210.0,800
30214.0,800
30230.0,800
30245.0,800
30295.0,800
30299.0,799
30328.0,800
30330.0,799
30368.0,800
30384.0,800
30392.0,800
30427.0,800
30448.0,800
30467.0,799
30468.0,800
30469.0,800
30470.0,800
30476.0,800
30513.0,800
30518.0,799
30526.0,800
30530.0,799
30586.0,800
30593.0,800
30602.0,799
30612.0,800
30616.0,799
30648.0,800
30721.0,800
30723.0,800
30802.0,800
30809.0,800
30816.0,800
30838.0,800
30854.0,800
30865.0,800
30868.0,800
30887.0,800
30893.0,800
30893.0,799
30922.0,800
30969.0,800
30999.0,800
31013.0,800
31016.0,799
31041.0,800
31042.0,800
31046.0,800
31062.0,800
31081.0,800
31095.0,800
31096.0,800
31110.0,800
31116.0,800
31126.0,800
31129.0,800
31156.0,800
31214.0,800
31222.0,800
31234.0,799
31252.0,800
31260.0,800
31273.0,800
31283.0,800
31287.0,800
31342.0,800
31350.0,800
31353.0,800
31391.0,799
31400.0,798
31403.0,799
31419.0,800
31438.0,800
31452.0,800
31454.0,800
31465.0,800
31466.0,800
31483.0,799
31497.0,798
31501.0,799
31526.0,800
31529.0,800
31552.0,800
31554.0,800
31557.0,800
31561.0,799
31578.0,798
31594.0,799
31627.0,800
31627.0,799
31638.0,800
31639.0,799
31654.0,798
31678.0,799
31699.0,800
31705.0,800
31715.0,800
31719.0,799
31749.0,800
31756.0,800
31790.0,800
31801.0,799
31807.0,800
31847.0,800
31860.0,800
31869.0,800
31905.0,799
31908.0,800
31911.0,799
31921.0,800
31939.0,800
31941.0,799
31967.0,800
31987.0,800
31991.0,800
32005.0,800
32050.0,799
32076.0,800
32078.0,800
32190.0,800
32191.0,800
32207.0,800
32214.0,800
32222.0,800
32240.0,800
32254.0,800
32269.0,800
32277.0,799
32292.0,800
32292.0,799
32375.0,800
32393.0,800
32414.0,799
32460.0,800
32465.0,800
32466.0,799
32468.0,800
32483.0,800
32499.0,799
32531.0,800
32536.0,800
32581.0,800
32587.0,800
32588.0,800
32592.0,799
32628.0,800
32635.0,799
32657.0,800
32674.0,799
32696.0,800
32703.0,800
32704.0,800
32717.0,800
32719.0,800
32734.0,800
32755.0,800
32786.0,800
32792.0,800
32814.0,799
32824.0,800
32846.0,800
32846.0,799
32851.0,800
32861.0,800
32880.0,800
32891.0,800
32910.0,799
32929.0,800
32948.0,799
32964.0,800
32970.0,800
32973.0,800
32992.0,799
33002.0,798
33024.0,799
33032.0,800
33063.0,800
33094.0,799
33113.0,800
33117.0,800
33127.0,800
33181.0,799
33187.0,800
33207.0,799
33216.0,800
33268.0,800
33271.0,799
33287.0,798
33307.0,799
33320.0,800
33323.0,800
33329.0,800
33352.0,800
33368.0,799
33386.0,800
33418.0,800
33419.0,800
33435.0,799
33459.0,800
33462.0,800
33470.0,800
33476.0,800
33491.0,800
33493.0,800
33538.0,800
33544.0,800
33545.0,800
33562.0,800
33568.0,799
33571.0,798
33572.0,799
33627.0,800
33647.0,799
33656.0,800
33679.0,799
33683.0,800
33723.0,799
33730.0,800
33747.0,800
33753.0,799
33754.0,798
33760.0,799
33785.0,798
33811.0,799
33814.0,800
33852.0,800
33854.0,800
33856.0,799
33864.0,800
33873.0,800
33895.0,800
33903.0,800
33906.0,799
33907.0,800
33931.0,800
33947.0,799
33951.0,798
33964.0,799
33976.0,798
34013.0,799
34015.0,800
34025.0,800
34034.0,799
34065.0,800
34071.0,800
34106.0,800
34143.0,800
34162.0,799
34163.0,800
34168.0,800
34195.0,800
34196.0,800
34208.0,800
34244.0,800
34279.0,800
34284.0,799
34292.0,800
34351.0,800
34371.0,799
34404.0,800
34421.0,800
34422.0,800
34429.0,800
34461.0,800
34468.0,799
34480.0,800
34487.0,800
34512.0,799
34516.0,798
34521.0,797
34531.0,796
34536.0,797
34577.0,796
34586.0,797
34589.0,796
34611.0,795
34615.0,794
34621.0,795
34637.0,796
34639.0,797
34639.0,796
34644.0,797
34675.0,796
34716.0,797
34727.0,796
34736.0,797
34742.0,798
34782.0,799
34787.0,800
34788.0,800
34801.0,800
34805.0,799
34806.0,800
34842.0,800
34873.0,800
34887.0,800
34894.0,800
34896.0,799
34897.0,800
34901.0,800
34948.0,800
34982.0,799
34990.0,800
34991.0,800
35012.0,800
35026.0,800
35037.0,800
35053.0,800
35060.0,800
35065.0,800
35092.0,800
35099.0,799
35109.0,800
35112.0,800
35137.0,799
35174.0,800
35198.0,800
35200.0,799
35221.0,800
35251.0,800
35254.0,800
35276.0,800
35277.0,800
35299.0,800
35312.0,799
35337.0,800
35357.0,800
35359.0,800
35372.0,800
35412.0,800
35414.0,799
35439.0,800
35466.0,799
35484.0,800
35498.0,800
35505.0,799
35528.0,800
35576.0,799
35596.0,800
35612.0,799
35614.0,800
35625.0,800
35633.0,800
35646.0,800
35658.0,800
35677.0,800
35728.0,800
35744.0,799
35781.0,798
35815.0,797
35825.0,798
35830.0,799
35832.0,800
35839.0,800
35845.0,800
35874.0,799
35893.0,800
35916.0,800
35920.0,799
35924.0,800
35929.0,800
35965.0,799
35987.0,800
36006.0,800
36008.0,800
36014.0,800
36015.0,800
36046.0,800
36047.0,800
36053.0,800
36059.0,800
36077.0,800
36110.0,800
36111.0,799
36118.0,800
36121.0,800
36127.0,800
36129.0,800
36137.0,799
36144.0,798
36157.0,797
36168.0,798
36172.0,799
36174.0,798
36175.0,799
36206.0,798
36207.0,799
36259.0,800
36263.0,800
36267.0,800
36269.0,800
36278.0,800
36279.0,799
36286.0,800
36297.0,800
36299.0,799
36300.0,798
36305.0,799
36308.0,800
36325.0,800
36338.0,800
36345.0,799
36346.0,800
36350.0,799
36376.0,800
36398.0,800
36404.0,800
36418.0,800
36425.0,800
36448.0,800
36460.0,800
36467.0,800
36484.0,800
36488.0,799
36497.0,800
36521.0,799
36543.0,800
36563.0,800
36598.0,800
36601.0,800
36622.0,800
36627.0,800
36630.0,800
36635.0,800
36651.0,800
36695.0,799
36702.0,800
36718.0,800
36722.0,799
36724.0,800
36741.0,800
36745.0,799
36765.0,800
36765.0,799
36768.0,798
36776.0,799
36784.0,800
36805.0,800
36807.0,800
36811.0,800
36823.0,800
36826.0,800
36852.0,800
36857.0,800
36858.0,800
36865.0,800
36892.0,800
36914.0,800
36919.0,800
36921.0,799
36935.0,800
36969.0,799
36980.0,800
36986.0,799
36993.0,800
36996.0,800
37004.0,800
37044.0,799
37049.0,800
37050.0,800
37053.0,800
37074.0,800
37083.0,800
37126.0,800
37129.0,800
37167.0,800
37177.0,800
37196.0,799
37216.0,800
37237.0,799
37240.0,800
37249.0,800
37256.0,800
37296.0,799
37316.0,800
37321.0,799
37346.0,798
37372.0,799
37379.0,800
37381.0,800
37395.0,800
37431.0,800
37432.0,800
37442.0,800
37445.0,800
37482.0,800
37497.0,800
37502.0,800
37505.0,799
37549.0,800
37570.0,799
37600.0,800
37607.0,800
37614.0,800
37637.0,800
37644.0,799
37645.0,800
37662.0,799
37681.0,798
37688.0,797
37690.0,798
37698.0,799
37699.0,798
37707.0,799
37723.0,800
37726.0,800
37732.0,800
37733.0,800
37749.0,800
37751.0,799
37757.0,800
37761.0,800
37823.0,800
37828.0,800
37837.0,799
37841.0,800
37852.0,800
37860.0,800
37862.0,800
37881.0,800
37894.0,799
37899.0,800
37906.0,800
37922.0,800
37927.0,800
37933.0,800
37950.0,800
37969.0,800
37980.0,800
37985.0,800
37993.0,799
38044.0,800
38054.0,800
38076.0,800
38132.0,799
38171.0,800
38260.0,799
38269.0,798
38287.0,799
38306.0,798
38328.0,799
38397.0,798
38422.0,799
38436.0,800
38457.0,799
38458.0,800
38480.0,800
38483.0,799
38486.0,800
38492.0,800
38495.0,800
38521.0,800
38537.0,800
38542.0,800
38578.0,800
38598.0,800
38622.0,800
38669.0,800
38691.0,800
38693.0,800
38717.0,800
38739.0,800
38754.0,800
38792.0,800
38826.0,800
38832.0,800
38848.0,800
38878.0,800
38891.0,800
38893.0,800
38901.0,800
38908.0,799
38915.0,800
38932.0,800
38936.0,800
38938.0,799
38943.0,800
38952.0,800
38972.0,800
39015.0,799
39078.0,798
39097.0,799
39146.0,800
39157.0,800
39197.0,800
39201.0,800
39207.0,800
39212.0,800
39239.0,800
39240.0,799
39294.0,800
39310.0,800
39313.0,799
39322.0,800
39327.0,800
39332.0,799
39341.0,800
39355.0,800
39370.0,800
39380.0,800
39387.0,800
39414.0,800
39416.0,799
39423.0,798
39435.0,799
39442.0,800
39460.0,800
39461.0,799
39491.0,800
39508.0,800
39521.0,799
39599.0,800
39614.0,800
39636.0,800
39654.0,800
39658.0,800
39667.0,800
39672.0,800
39694.0,799
39700.0,800
39722.0,800
39730.0,800
39751.0,800
39753.0,799
39770.0,800
39804.0,800
39822.0,799
39853.0,798
39870.0,799
39872.0,800
39877.0,800
39880.0,800
39896.0,800
39908.0,800
39915.0,799
39926.0,800
40017.0,799
40024.0,800
40029.0,800
40034.0,800
40048.0,800
40050.0,800
40056.0,800
40060.0,799
40065.0,798
40090.0,799
40105.0,800
40117.0,799
40136.0,800
40142.0,799
40145.0,800
40149.0,800
40166.0,800
40187.0,800
40210.0,800
40211.0,799
40280.0,800
40284.0,800
40308.0,799
40309.0,800
40313.0,799
40316.0,800
40333.0,799
40363.0,800
40366.0,800
40406.0,800
40420.0,800
40435.0,800
40464.0,800
40524.0,800
40544.0,800
40547.0,800
40553.0,800
40586.0,800
40597.0,800
40645.0,800
40646.0,799
40653.0,800
40714.0,799
40728.0,800
40759.0,800
40804.0,800
40805.0,799
40828.0,800
40834.0,800
40853.0,800
40885.0,800
40887.0,800
40898.0,800
40924.0,800
40925.0,800
40929.0,800
40955.0,800
40974.0,800
40990.0,800
40992.0,799
41008.0,800
41026.0,800
41052.0,800
41060.0,800
41121.0,800
41153.0,800
41157.0,800
41168.0,800
41175.0,799
41211.0,800
41213.0,799
41244.0,800
41249.0,799
41255.0,798
41301.0,799
41305.0,800
41318.0,800
41329.0,800
41331.0,799
41334.0,800
41345.0,800
41349.0,800
41356.0,800
41369.0,800
41372.0,800
41405.0,800
41411.0,800
41414.0,799
41431.0,798
41436.0,799
41439.0,800
41461.0,800
41466.0,800
41470.0,800
41480.0,800
41483.0,799
41520.0,800
41527.0,800
41534.0,800
41542.0,800
41551.0,800
41554.0,800
41561.0,800
41565.0,800
41565.0,799
41568.0,800
41589.0,800
41595.0,800
41616.0,800
41617.0,800
41679.0,800
41679.0,799
41707.0,800
41741.0,800
41745.0,800
41773.0,800
41784.0,799
41788.0,798
41793.0,799
41793.0,798
41805.0,799
41854.0,800
41879.0,800
41901.0,800
41933.0,800
41950.0,800
41984.0,800
42012.0,800
42027.0,800
42045.0,800
42067.0,800
42077.0,799
42090.0,800
42116.0,800
42116.0,799
42137.0,798
42162.0,797
42185.0,796
42206.0,797
42225.0,798
42226.0,799
42239.0,800
42305.0,800
42310.0,800
42311.0,800
42316.0,800
42319.0,800
42324.0,800
42329.0,799
42330.0,800
42356.0,800
42365.0,800
42369.0,800
42383.0,800
42403.0,800
42407.0,800
42430.0,799
42431.0,800
42453.0,800
42473.0,800
42474.0,800
42486.0,800
42488.0,800
42494.0,800
42510.0,799
42523.0,798
42524.0,799
42531.0,798
42550.0,799
42553.0,800
42570.0,800
42599.0,800
42606.0,800
42615.0,800
42648.0,800
42675.0,800
42677.0,800
42694.0,799
42700.0,800
42714.0,800
42716.0,800
42718.0,799
42761.0,798
42777.0,799
42790.0,800
42839.0,800
42869.0,800
42889.0,799
42902.0,800
42926.0,800
42927.0,800
42929.0,800
42931.0,800
42973.0,800
42996.0,800
43011.0,800
43019.0,800
43025.0,799
43049.0,800
43072.0,800
43080.0,800
43102.0,800
43108.0,799
43118.0,800
43126.0,800
43138.0,800
43140.0,800
43153.0,800
43168.0,800
43170.0,800
43180.0,800
43187.0,799
43193.0,800
43197.0,800
43214.0,800
43244.0,800
43249.0,800
43285.0,800
43300.0,800
43312.0,800
43319.0,800
43337.0,800
43340.0,799
43377.0,800
43387.0,800
43388.0,800
43396.0,800
43410.0,800
43425.0,800
43450.0,800
43454.0,800
43482.0,800
43496.0,800
43532.0,800
43557.0,800
43600.0,799
43630.0,800
43648.0,800
43676.0,800
43678.0,800
43741.0,800
43744.0,800
43758.0,800
43780.0,800
43786.0,799
43787.0,800
43834.0,800
43843.0,800
43848.0,800
43851.0,800
43908.0,800
43916.0,800
43927.0,800
43934.0,800
43959.0,800
43990.0,800
44011.0,800
44018.0,800
44022.0,800
44051.0,799
44070.0,800
44071.0,800
44101.0,800
44105.0,799
44105.0,798
44109.0,799
44125.0,798
44129.0,799
44142.0,800
44160.0,800
44183.0,800
44245.0,800
44252.0,800
44255.0,800
44258.0,799
44259.0,800
44273.0,800
44314.0,800
44336.0,800
44340.0,800
44370.0,800
44373.0,799
44374.0,800
44378.0,799
44478.0,800
44504.0,799
44578.0,798
44583.0,799
44598.0,800
44606.0,799
44614.0,798
44628.0,799
44665.0,800
44672.0,800
44689.0,799
44694.0,800
44718.0,800
44736.0,800
44769.0,799
44773.0,798
44777.0,797
44778.0,798
44790.0,797
44791.0,798
44829.0,799
44843.0,800
44875.0,799
44885.0,800
44901.0,800
44903.0,799
44908.0,798
44955.0,797
44988.0,798
45019.0,799
45037.0,800
45072.0,800
45093.0,800
45108.0,800
45116.0,800
45129.0,800
45131.0,800
45155.0,800
45177.0,799
45180.0,800
45204.0,800
45208.0,800
45226.0,800
45234.0,799
45236.0,800
45237.0,800
45274.0,799
45284.0,798
45309.0,799
45312.0,800
45344.0,800
45353.0,800
45361.0,800
45366.0,800
45384.0,800
45405.0,800
45412.0,799
45417.0,800
45429.0,800
45437.0,800
45497.0,800
45553.0,800
45554.0,800
45557.0,800
45571.0,800
45575.0,799
45582.0,798
45586.0,799
45601.0,800
45611.0,800
45633.0,800
45649.0,800
45677.0,800
45711.0,799
45721.0,800
45723.0,799
45730.0,800
45747.0,800
45766.0,800
45771.0,800
45777.0,800
45779.0,799
45792.0,798
45798.0,799
45816.0,800
45830.0,800
45850.0,800
45872.0,800
45888.0,799
45910.0,800
45917.0,800
45925.0,800
45943.0,800
45945.0,800
45949.0,799
45952.0,800
45955.0,800
45962.0,800
45974.0,800
45975.0,800
45989.0,800
45996.0,800
46009.0,799
46014.0,800
46027.0,800
46057.0,800
46086.0,799
46088.0,800
46096.0,800
46110.0,799
46122.0,800
46171.0,799
46174.0,800
46183.0,800
46183.0,799
46184.0,800
46187.0,800
46205.0,799
46208.0,798
46209.0,799
46251.0,800
46301.0,800
46314.0,799
46343.0,800
46356.0,799
46368.0,800
46428.0,800
46435.0,800
46440.0,799
46445.0,800
46451.0,800
46483.0,799
46494.0,800
46499.0,800
46510.0,800
46528.0,800
46571.0,800
46610.0,800
46624.0,800
46644.0,800
46661.0,800
46662.0,799
46664.0,800
46666.0,800
46683.0,800
46689.0,800
46743.0,800
46749.0,800
46753.0,800
46761.0,800
46804.0,800
46823.0,799
46865.0,798
46875.0,799
46944.0,800
46962.0,800
46993.0,800
47041.0,799
47043.0,800
47066.0,799
47072.0,800
47074.0,800
47080.0,800
47114.0,799
47116.0,800
47124.0,799
47132.0,800
47150.0,800
47152.0,800
47158.0,800
47181.0,800
47188.0,800
47188.0,799
47192.0,800
47199.0,800
47211.0,800
47221.0,800
47237.0,800
47254.0,800
47294.0,799
47300.0,800
47307.0,800
47322.0,799
47345.0,800
47350.0,800
47361.0,799
47373.0,800
47377.0,800
47387.0,800
47411.0,800
47433.0,799
47479.0,800
47480.0,800
47501.0,799
47520.0,800
47523.0,800
47546.0,800
47557.0,799
47580.0,798
47585.0,799
47591.0,800
47597.0,800
47609.0,799
47624.0,800
47641.0,800
47665.0,800
47669.0,800
47670.0,800
47676.0,800
47687.0,800
47692.0,800
47713.0,800
47721.0,800
47748.0,800
47780.0,800
47786.0,799
47820.0,798
47834.0,799
47859.0,800
47864.0,800
47872.0,800
47881.0,800
47882.0,800
47927.0,800
47954.0,800
47987.0,800
48037.0,800
48054.0,800
48067.0,799
48072.0,800
48075.0,800
48077.0,799
48092.0,800
48104.0,800
48108.0,800
48110.0,799
48124.0,800
48127.0,800
48158.0,800
48159.0,800
48166.0,800
48173.0,800
48173.0,799
48180.0,800
48211.0,800
48274.0,800
48315.0,800
48322.0,800
48359.0,800
48365.0,799
48396.0,800
48417.0,800
48420.0,800
48436.0,799
48472.0,800
48486.0,800
48489.0,800
48509.0,799
48531.0,800
48539.0,800
48548.0,800
48557.0,799
48558.0,800
48587.0,799
48625.0,800
48629.0,800
48651.0,799
48688.0,798
48693.0,799
48697.0,800
48709.0,799
48731.0,800
48740.0,800
48745.0,799
48798.0,800
48799.0,800
48803.0,800
48805.0,800
48810.0,800
48835.0,800
48862.0,800
48871.0,800
48892.0,800
48925.0,800
48928.0,800
48946.0,799
48953.0,800
48964.0,800
48968.0,800
48973.0,800
48981.0,800
49038.0,800
49045.0,800
49046.0,800
49048.0,800
49050.0,800
49054.0,800
49056.0,800
49068.0,800
49112.0,800
49126.0,799
49156.0,800
49161.0,799
49256.0,800
49263.0,800
49290.0,800
49295.0,799
49309.0,800
49337.0,800
49347.0,799
49352.0,800
49419.0,800
49498.0,799
49527.0,800
49531.0,800
49620.0,800
49634.0,799
49647.0,800
49671.0,800
49680.0,800
49692.0,800
49696.0,800
49699.0,800
49701.0,799
49730.0,800
49732.0,800
49733.0,800
49736.0,800
49753.0,800
49788.0,800
49794.0,800
49826.0,800
49869.0,800
49900.0,800
49925.0,800
49948.0,800
49949.0,800
49960.0,800
50003.0,799
50014.0,800
50015.0,800
50040.0,800
50048.0,799
50054.0,800
50055.0,799
50088.0,800
50092.0,800
50102.0,799
50122.0,800
50126.0,799
50132.0,800
50149.0,800
50162.0,800
50196.0,800
50205.0,800
50231.0,800
50242.0,800
50254.0,800
50296.0,800
50309.0,800
50345.0,800
50362.0,800
50377.0,800
50378.0,800
50424.0,800
50426.0,800
50435.0,799
50454.0,800
50479.0,800
50493.0,800
50499.0,800
50529.0,800
50535.0,799
50539.0,800
50543.0,800
50560.0,800
50577.0,800
50578.0,800
50597.0,800
50599.0,800
50617.0,800
50620.0,800
50645.0,800
50649.0,800
50666.0,800
50675.0,800
50686.0,799
50706.0,798
50715.0,799
50720.0,800
50729.0,800
50733.0,800
50798.0,800
50818.0,799
50852.0,800
50867.0,800
50878.0,800
50883.0,799
50888.0,800
50914.0,800
50941.0,799
50950.0,800
50957.0,800
50966.0,799
50985.0,800
51011.0,800
51026.0,799
51032.0,800
51043.0,800
51056.0,800
51071.0,799
51078.0,800
51089.0,800
51092.0,800
51140.0,800
51152.0,800
51154.0,800
51191.0,799
51192.0,800
51193.0,800
51199.0,800
51201.0,800
51208.0,800
51235.0,800
51245.0,799
51262.0,800
51266.0,800
51274.0,800
51288.0,799
51304.0,800
51314.0,800
51321.0,800
51325.0,800
51331.0,800
51335.0,800
51355.0,800
51357.0,800
51399.0,800
51403.0,800
51417.0,799
51422.0,800
51428.0,800
51481.0,800
51489.0,800
51494.0,800
51504.0,800
51514.0,800
51523.0,800
51529.0,800
51541.0,800
51549.0,800
51574.0,800
51580.0,800
51595.0,800
51596.0,800
51604.0,799
51625.0,800
51630.0,800
51639.0,800
51646.0,800
51670.0,800
51688.0,800
51705.0,800
51706.0,799
51719.0,800
51736.0,800
51752.0,800
51758.0,800
51789.0,800
51794.0,800
51798.0,800
51823.0,800
51829.0,800
51840.0,800
51844.0,800
51855.0,800
51876.0,799
51881.0,800
51895.0,800
51922.0,800
51935.0,799
51937.0,800
51972.0,800
51979.0,800
51983.0,799
51989.0,800
51990.0,799
51997.0,800
52003.0,800
52018.0,800
52061.0,800
52073.0,799
52118.0,798
52121.0,799
52125.0,800
52148.0,800
52150.0,800
52191.0,800
52195.0,799
52197.0,798
52213.0,797
52231.0,798
52237.0,799
52273.0,800
52277.0,800
52307.0,800
52343.0,800
52351.0,800
52362.0,800
52372.0,800
52375.0,799
52400.0,798
52401.0,799
52411.0,800
52421.0,799
52434.0,800
52454.0,800
52466.0,800
52480.0,800
52481.0,800
52484.0,800
52485.0,799
52493.0,800
52518.0,800
52547.0,800
52561.0,800
52565.0,800
52613.0,800
52614.0,800
52620.0,800
52645.0,800
52656.0,800
52665.0,799
52677.0,800
52703.0,799
52776.0,800
52781.0,800
52790.0,800
52802.0,799
52805.0,800
52805.0,799
52827.0,800
52835.0,800
52837.0,800
52852.0,800
52863.0,800
52889.0,800
52914.0,800
52989.0,799
52992.0,798
53022.0,799
53032.0,800
53053.0,800
53056.0,800
53092.0,800
53113.0,800
53124.0,800
53125.0,800
53166.0,800
53177.0,799
53221.0,798
53246.0,799
53278.0,800
53284.0,800
53316.0,800
53325.0,800
53330.0,800
53339.0,800
53350.0,799
53354.0,798
53356.0,799
53365.0,800
53379.0,800
53381.0,800
53418.0,800
53499.0,800
53515.0,799
53519.0,800
53525.0,800
53531.0,799
53566.0,798
53567.0,799
53571.0,800
53591.0,800
53594.0,800
53613.0,800
53657.0,800
53657.0,799
53699.0,800
53716.0,800
53727.0,800
53731.0,800
53748.0,800
53749.0,800
53774.0,799
53777.0,800
53803.0,800
53804.0,800
53812.0,799
53864.0,800
53864.0,799
53883.0,800
53894.0,800
53923.0,800
53976.0,800
53994.0,800
54013.0,800
54014.0,799
54019.0,800
54039.0,800
54049.0,800
54073.0,799
54075.0,798
54105.0,799
54109.0,798
54123.0,799
54141.0,800
54149.0,800
54188.0,800
54191.0,800
54197.0,800
54204.0,800
54222.0,799
54224.0,798
54233.0,799
54238.0,798
54243.0,799
54253.0,800
54269.0,800
54302.0,800
54309.0,800
54326.0,800
54329.0,800
54330.0,800
54368.0,800
54372.0,799
54383.0,800
54389.0,800
54403.0,800
54405.0,799
54429.0,798
54433.0,799
54468.0,800
54474.0,799
54504.0,800
54557.0,800
54575.0,800
54587.0,800
54598.0,799
54599.0,800
54604.0,800
54623.0,800
54629.0,799
54631.0,800
54637.0,800
54639.0,800
54684.0,800
54713.0,800
54745.0,800
54746.0,800
54763.0,800
54766.0,799
54780.0,800
54781.0,799
54856.0,798
54867.0,799
54879.0,800
54910.0,800
54913.0,800
54915.0,800
54984.0,800
55006.0,800
55054.0,800
55062.0,799
55071.0,800
55074.0,800
55094.0,800
55102.0,800
55136.0,800
55141.0,800
55144.0,799
55160.0,800
55184.0,799
55189.0,800
55239.0,800
55251.0,800
55262.0,800
55269.0,800
55273.0,800
55278.0,800
55309.0,800
55310.0,800
55318.0,800
55325.0,800
55332.0,799
55347.0,800
55362.0,800
55395.0,800
55401.0,799
55415.0,800
55416.0,799
55429.0,800
55444.0,800
55453.0,800
55457.0,800
55478.0,800
55497.0,800
55498.0,800
55511.0,800
55512.0,800
55530.0,799
55555.0,800
55593.0,800
55609.0,799
55617.0,800
55621.0,800
55645.0,800
55646.0,800
55652.0,800
55669.0,800
55673.0,800
55689.0,800
55706.0,800
55713.0,800
55723.0,800
55742.0,800
55745.0,800
55751.0,800
55764.0,800
55804.0,799
55811.0,800
55823.0,800
55826.0,800
55838.0,800
55839.0,800
55848.0,800
55854.0,800
55865.0,800
55870.0,800
55966.0,799
55972.0,800
55992.0,800
56024.0,800
56059.0,799
56074.0,800
56085.0,800
56094.0,799
56095.0,800
56106.0,799
56113.0,798
56117.0,799
56118.0,800
56135.0,800
56140.0,800
56145.0,800
56158.0,799
56175.0,798
56218.0,799
56220.0,800
56254.0,800
56257.0,800
56271.0,799
56274.0,800
56335.0,800
56355.0,799
56373.0,800
56376.0,800
56395.0,800
56399.0,800
56423.0,800
56429.0,799
56447.0,800
56449.0,800
56450.0,800
56457.0,800
56465.0,800
56515.0,800
56536.0,800
56537.0,800
56546.0,800
56588.0,799
56618.0,800
56628.0,800
56641.0,800
56645.0,800
56665.0,800
56683.0,800
56694.0,800
56695.0,800
56698.0,800
56734.0,800
56736.0,800
56746.0,799
56751.0,800
56762.0,799
56766.0,800
56770.0,799
56776.0,800
56783.0,800
56805.0,800
56852.0,800
56864.0,800
56866.0,799
56896.0,800
56901.0,800
56974.0,800
56987.0,800
56990.0,800
57003.0,800
57013.0,800
57019.0,800
57025.0,800
57042.0,800
57097.0,800
57100.0,800
57111.0,800
57128.0,800
57142.0,800
57151.0,800
57159.0,799
57165.0,798
57190.0,799
57222.0,800
57231.0,800
57242.0,800
57273.0,800
57277.0,800
57291.0,800
57293.0,800
57293.0,799
57296.0,800
57297.0,800
57298.0,800
57303.0,800
57349.0,800
57385.0,800
57386.0,799
57390.0,800
57394.0,800
57424.0,800
57426.0,800
57476.0,800
57526.0,800
57538.0,800
57573.0,800
57599.0,800
57629.0,800
57682.0,799
57708.0,800
57725.0,800
57729.0,800
57736.0,800
57766.0,800
57808.0,800
57827.0,800
57830.0,800
57866.0,799
57869.0,800
57881.0,799
57901.0,800
57912.0,800
57952.0,800
58018.0,800
58025.0,799
58054.0,800
58057.0,800
58120.0,800
58124.0,800
58157.0,800
58164.0,800
58174.0,800
58202.0,800
58213.0,799
58225.0,800
58249.0,800
58337.0,799
58341.0,798
58347.0,799
58366.0,798
58404.0,799
58409.0,800
58436.0,800
58441.0,799
58458.0,800
58468.0,799
58470.0,800
58474.0,800
58480.0,799
58509.0,800
58514.0,800
58537.0,799
58549.0,800
58557.0,800
58594.0,800
58604.0,800
58604.0,799
58608.0,800
58620.0,800
58667.0,800
58701.0,800
58701.0,799
58714.0,800
58749.0,800
58782.0,800
58810.0,800
58855.0,800
58864.0,799
58871.0,800
58902.0,800
58922.0,800
58923.0,800
58932.0,800
58936.0,800
58940.0,800
58945.0,800
58967.0,800
58988.0,800
58990.0,800
58991.0,800
58993.0,800
58998.0,800
58999.0,800
59020.0,800
59056.0,800
59061.0,800
59069.0,800
59088.0,800
59154.0,800
59164.0,799
59189.0,798
59193.0,799
59246.0,800
59266.0,800
59268.0,800
59307.0,800
59312.0,800
59366.0,800
59376.0,800
59382.0,800
59393.0,799
59441.0,800
59457.0,800
59465.0,800
59466.0,800
59472.0,800
59480.0,800
59487.0,800
59491.0,800
59501.0,800
59524.0,800
59550.0,799
59551.0,800
59594.0,800
59601.0,800
59610.0,800
59656.0,800
59705.0,799
59709.0,798
59711.0,799
59726.0,800
59738.0,799
59751.0,800
59758.0,800
59779.0,800
59795.0,799
59801.0,800
59803.0,800
59810.0,799
59886.0,800
59926.0,800
59938.0,800
59955.0,800
59963.0,800
59963.0,799
59972.0,800
59999.0,800
60031.0,800
60066.0,800
60081.0,800
60088.0,800
60125.0,799
60130.0,800
60138.0,800
60149.0,800
60210.0,800
60214.0,800
60227.0,799
60232.0,800
60233.0,800
60238.0,800
60288.0,799
60302.0,800
60306.0,800
60321.0,800
60350.0,800
60352.0,800
60383.0,799
60394.0,800
60431.0,800
60456.0,800
60477.0,799
60492.0,798
60510.0,799
60557.0,798
60562.0,799
60579.0,800
60597.0,799
60599.0,798
60613.0,799
60634.0,800
60641.0,799
60643.0,798
60679.0,799
60691.0,798
60731.0,799
60732.0,800
60736.0,800
60746.0,800
60795.0,799
60799.0,800
60829.0,800
60835.0,800
60846.0,800
60848.0,799
60853.0,800
60875.0,800
60899.0,800
60904.0,799
60911.0,800
60926.0,800
60998.0,800
61012.0,800
61017.0,799
61076.0,800
61082.0,800
61084.0,799
61088.0,798
61090.0,799
61107.0,800
61150.0,799
61154.0,800
61181.0,800
61191.0,800
61199.0,799
61200.0,800
61206.0,800
61212.0,800
61227.0,800
61229.0,800
61233.0,800
61245.0,800
61250.0,799
61253.0,800
61257.0,800
61266.0,800
61280.0,800
61287.0,800
61288.0,800
61289.0,800
61305.0,800
61308.0,800
61310.0,800
61322.0,800
61331.0,800
61342.0,800
61363.0,799
61367.0,798
61391.0,799
61395.0,798
61397.0,799
61403.0,798
61406.0,799
61447.0,800
61450.0,800
61459.0,800
61476.0,800
61521.0,800
61533.0,799
61543.0,800
61575.0,800
61577.0,800
61579.0,800
61585.0,799
61589.0,800
61603.0,799
61607.0,800
61623.0,799
61652.0,798
61667.0,799
61681.0,798
61688.0,797
61689.0,798
61691.0,799
61709.0,800
61719.0,800
61751.0,800
61759.0,800
61765.0,800
61767.0,800
61771.0,800
61774.0,800
61791.0,799
61794.0,800
61795.0,799
61802.0,800
61816.0,800
61821.0,800
61826.0,800
61828.0,800
61831.0,799
61834.0,800
61846.0,799
61850.0,800
61892.0,800
61913.0,800
61916.0,800
61954.0,800
61973.0,800
62009.0,799
62015.0,800
62046.0,800
62064.0,800
62118.0,800
62139.0,800
62158.0,799
62167.0,800
62187.0,800
62201.0,800
62240.0,800
62240.0,799
62249.0,800
62264.0,800
62295.0,799
62307.0,800
62314.0,800
62340.0,800
62347.0,800
62351.0,800
62407.0,800
62413.0,799
62419.0,800
62420.0,800
62439.0,800
62445.0,800
62451.0,800
62470.0,800
62510.0,800
62557.0,800
62566.0,800
62573.0,800
62597.0,800
62598.0,800
62607.0,800
62619.0,800
62620.0,799
62634.0,800
62635.0,800
62673.0,800
62756.0,800
62763.0,800
62779.0,799
62791.0,800
62808.0,800
62816.0,800
62827.0,800
62832.0,800
62862.0,800
62923.0,800
62929.0,800
62960.0,799
62976.0,800
62999.0,800
63007.0,800
63048.0,800
63083.0,800
63101.0,800
63106.0,800
63124.0,799
63147.0,800
63165.0,799
63168.0,800
63169.0,799
63189.0,800
63200.0,800
63203.0,800
63232.0,800
63263.0,800
63280.0,800
63280.0,799
63283.0,800
63284.0,800
63287.0,800
63315.0,800
63335.0,800
63377.0,799
63380.0,800
63382.0,800
63395.0,800
63397.0,800
63399.0,800
63426.0,800
63502.0,800
63560.0,800
63561.0,800
63565.0,800
63590.0,800
63596.0,800
63654.0,800
63664.0,800
63666.0,800
63686.0,799
63706.0,800
63740.0,800
63756.0,800
63808.0,799
63814.0,800
63823.0,799
63828.0,798
63834.0,799
63835.0,798
63847.0,799
63857.0,800
63859.0,800
63900.0,799
63936.0,800
63940.0,799
63956.0,800
63970.0,800
63970.0,799
63972.0,798
63994.0,799
64029.0,800
64036.0,800
64046.0,800
64082.0,800
64091.0,800
64111.0,799
64122.0,800
64134.0,800
64140.0,799
64149.0,800
64176.0,800
64190.0,800
64196.0,800
64209.0,800
64224.0,800
64234.0,800
64255.0,800
64267.0,800
64269.0,799
64271.0,800
64276.0,799
64294.0,800
64323.0,799
64329.0,800
64360.0,799
64369.0,800
64388.0,800
64395.0,800
64437.0,800
64458.0,800
64459.0,800
64471.0,799
64477.0,800
64500.0,800
64500.0,799
64523.0,800
64524.0,800
64531.0,800
64536.0,800
64550.0,799
64576.0,800
64616.0,800
64633.0,800
64652.0,800
64657.0,800
64663.0,800
64676.0,800
64689.0,800
64718.0,799
64727.0,800
64769.0,799
64796.0,800
64797.0,800
64798.0,800
64820.0,800
64850.0,800
64857.0,800
64873.0,799
64894.0,800
64898.0,799
64901.0,798
64915.0,799
64925.0,800
64949.0,800
64960.0,800
64975.0,800
64978.0,800
64978.0,799
64996.0,800
65022.0,800
65027.0,800
65028.0,800
65032.0,800
65034.0,800
65070.0,800
65128.0,799
65129.0,800
65131.0,800
65150.0,800
65167.0,800
65176.0,800
65192.0,799
65195.0,800
65205.0,800
65236.0,800
65252.0,800
65271.0,800
65286.0,800
65304.0,800
65304.0,799
65308.0,800
65332.0,800
65387.0,799
65410.0,798
65431.0,797
65439.0,798
65450.0,797
65457.0,798
65484.0,797
65493.0,796
65504.0,797
65645.0,796
65663.0,795
65705.0,794
65713.0,795
65725.0,796
65745.0,797
65752.0,798
65767.0,799
65778.0,800
65814.0,800
65817.0,800
65820.0,800
65838.0,800
65854.0,800
65890.0,799
65927.0,800
65973.0,800
65990.0,799
65995.0,798
66036.0,799
66037.0,798
66063.0,799
66085.0,800
66090.0,800
66097.0,800
66117.0,800
66145.0,799
66155.0,800
66161.0,800
66187.0,800
66215.0,800
66240.0,800
66243.0,800
66259.0,800
66304.0,800
66330.0,799
66343.0,800
66350.0,800
66369.0,799
66371.0,800
66379.0,799
66385.0,800
66391.0,800
66449.0,799
66450.0,800
66464.0,800
66516.0,799
66527.0,800
66547.0,800
66552.0,800
66562.0,800
66567.0,800
66585.0,799
66592.0,800
66594.0,800
66599.0,799
66601.0,800
66622.0,800
66636.0,800
66644.0,800
66668.0,799
66676.0,800
66696.0,800
66696.0,799
66710.0,798
66721.0,799
66734.0,800
66735.0,799
66741.0,800
66756.0,800
66759.0,800
66763.0,800
66882.0,800
66883.0,800
66905.0,799
66957.0,798
66975.0,799
66996.0,800
67003.0,800
67017.0,800
67023.0,800
67042.0,800
67080.0,800
67092.0,800
67098.0,800
67171.0,799
67197.0,800
67209.0,800
67214.0,800
67219.0,799
67221.0,800
67238.0,800
67241.0,800
67255.0,799
67260.0,800
67274.0,800
67289.0,800
67293.0,800
67322.0,800
67347.0,800
67350.0,800
67385.0,800
67395.0,800
67400.0,800
67425.0,800
67427.0,800
67435.0,800
67437.0,800
67451.0,800
67451.0,799
67455.0,800
67483.0,800
67505.0,800
67514.0,800
67520.0,800
67523.0,800
67552.0,800
67559.0,800
67573.0,800
67599.0,800
67621.0,800
67629.0,800
67635.0,800
67655.0,800
67656.0,800
67757.0,800
67777.0,800
67795.0,800
67797.0,800
67804.0,800
67823.0,800
67846.0,799
67855.0,798
67860.0,799
67877.0,800
67890.0,800
67934.0,800
67944.0,800
67951.0,799
67959.0,800
67964.0,800
67988.0,800
68029.0,800
68141.0,799
68200.0,798
68232.0,799
68244.0,800
68246.0,799
68264.0,800
68267.0,800
68294.0,800
68308.0,800
68311.0,800
68315.0,800
68329.0,800
68336.0,800
68361.0,800
68385.0,800
68428.0,800
68448.0,800
68463.0,800
68488.0,800
68493.0,800
68502.0,800
68520.0,799
68567.0,798
68571.0,797
68574.0,798
68577.0,799
68579.0,800
68592.0,800
68603.0,800
68610.0,799
68651.0,800
68667.0,800
68727.0,800
68760.0,800
68766.0,800
68768.0,799
68782.0,800
68834.0,800
68850.0,800
68912.0,800
68914.0,799
68916.0,800
68925.0,800
68959.0,800
68968.0,800
68990.0,800
69047.0,800
69053.0,800
69114.0,799
69119.0,798
69125.0,797
69129.0,798
69137.0,799
69190.0,800
69195.0,799
69197.0,800
69200.0,799
69207.0,800
69252.0,799
69265.0,800
69273.0,800
69317.0,800
69342.0,800
69363.0,800
69382.0,799
69400.0,800
69404.0,800
69407.0,800
69421.0,800
69448.0,800
69454.0,800
69454.0,799
69456.0,800
69491.0,799
69516.0,800
69524.0,799
69544.0,800
69552.0,800
69556.0,800
69565.0,800
69580.0,800
69584.0,799
69588.0,798
69591.0,799
69591.0,798
69609.0,799
69617.0,800
69619.0,799
69619.0,798
69641.0,799
69645.0,800
69673.0,800
69729.0,800
69742.0,800
69758.0,799
69770.0,800
69776.0,800
69777.0,800
69787.0,799
69811.0,800
69854.0,799
69854.0,798
69870.0,799
69901.0,798
69933.0,799
69943.0,800
69945.0,800
69955.0,800
69964.0,800
69981.0,800
70013.0,800
70014.0,800
70015.0,800
70038.0,800
70051.0,800
70056.0,800
70068.0,800
70069.0,799
70087.0,800
70130.0,800
70155.0,800
70184.0,800
70198.0,800
70266.0,800
70302.0,799
70306.0,800
70309.0,800
70417.0,800
70426.0,800
70429.0,800
70434.0,800
70445.0,800
70455.0,799
70460.0,800
70468.0,800
70471.0,800
70473.0,800
70544.0,800
70546.0,800
70556.0,800
70570.0,800
70572.0,800
70589.0,800
70601.0,799
70610.0,798
70653.0,799
70663.0,800
70665.0,800
70683.0,800
70720.0,799
70739.0,800
70756.0,800
70769.0,800
70810.0,800
70818.0,800
70840.0,800
70854.0,800
70877.0,799
70888.0,800
70889.0,800
70906.0,799
70915.0,798
70920.0,799
70938.0,798
70955.0,799
70985.0,798
70993.0,799
71006.0,800
71011.0,800
71062.0,800
71068.0,800
71092.0,799
71094.0,798
71137.0,797
71139.0,796
71198.0,797
71202.0,798
71217.0,799
71262.0,798
71303.0,799
71312.0,800
71319.0,800
71329.0,800
71331.0,800
71347.0,800
71350.0,800
71365.0,800
71381.0,800
71405.0,800
71414.0,799
71424.0,800
71428.0,799
71435.0,800
71442.0,800
71455.0,800
71470.0,800
71514.0,800
71523.0,800
71533.0,800
71553.0,799
71554.0,800
71574.0,800
71627.0,800
71681.0,800
71708.0,800
71733.0,799
71744.0,798
71755.0,797
71766.0,798
71773.0,799
71781.0,800
71791.0,800
71801.0,800
71846.0,800
71857.0,799
71885.0,800
71894.0,800
71957.0,800
71959.0,800
71965.0,799
71969.0,800
72016.0,800
72027.0,800
72033.0,799
72044.0,800
72050.0,800
72060.0,799
72060.0,798
72074.0,799
72078.0,800
72083.0,800
72092.0,800
72096.0,800
72101.0,800
72104.0,799
72146.0,800
72158.0,800
72162.0,800
72167.0,800
72195.0,799
72279.0,800
72290.0,800
72304.0,800
72314.0,799
72338.0,800
72347.0,800
72350.0,800
72352.0,800
72366.0,800
72368.0,799
72374.0,800
72378.0,799
72434.0,800
72448.0,800
72450.0,800
72469.0,800
72490.0,800
72517.0,800
72518.0,799
72520.0,800
72526.0,800
72534.0,800
72542.0,800
72560.0,800
72562.0,800
72563.0,800
72572.0,800
72573.0,800
72587.0,800
72627.0,800
72638.0,800
72658.0,800
72662.0,799
72668.0,800
72687.0,800
72691.0,800
72705.0,800
72732.0,800
72738.0,799
72765.0,800
72779.0,800
72817.0,800
72825.0,800
72860.0,800
72865.0,800
72865.0,799
72868.0,800
72895.0,799
72913.0,800
72973.0,800
72983.0,800
73010.0,800
73019.0,800
73021.0,800
73039.0,799
73046.0,798
73081.0,797
73104.0,798
73106.0,799
73115.0,800
73140.0,800
73143.0,799
73163.0,800
73172.0,799
73207.0,800
73234.0,800
73241.0,799
73250.0,798
73255.0,799
73256.0,800
73282.0,800
73286.0,799
73293.0,800
73300.0,800
73301.0,800
73304.0,799
73323.0,800
73324.0,800
73340.0,799
73388.0,798
73390.0,799
73402.0,800
73404.0,800
73406.0,800
73410.0,800
73431.0,800
73436.0,800
73443.0,800
73495.0,799
73500.0,800
73512.0,800
73524.0,800
73530.0,799
73535.0,800
73546.0,800
73572.0,800
73577.0,799
73579.0,800
73591.0,800
73613.0,800
73616.0,800
73640.0,800
73698.0,799
73702.0,800
73716.0,799
73731.0,800
73733.0,799
73758.0,800
73763.0,800
73769.0,800
73779.0,800
73791.0,800
73803.0,799
73810.0,798
73837.0,799
73873.0,798
73901.0,797
73919.0,796
73922.0,797
73965.0,798
73975.0,799
73983.0,800
74003.0,799
74067.0,800
74090.0,800
74097.0,800
74113.0,800
74120.0,800
74131.0,800
74140.0,800
74143.0,800
74226.0,799
74235.0,798
74239.0,799
74240.0,800
74243.0,800
74254.0,800
74256.0,800
74273.0,799
74276.0,798
74311.0,799
74352.0,800
74406.0,799
74410.0,798
74431.0,799
74439.0,800
74439.0,799
74470.0,800
74487.0,800
74540.0,800
74550.0,800
74554.0,800
74556.0,800
74557.0,799
74566.0,800
74573.0,800
74586.0,799
74616.0,800
74640.0,800
74651.0,800
74685.0,799
74696.0,800
74699.0,800
74700.0,800
74705.0,800
74711.0,800
74729.0,799
74737.0,800
74754.0,800
74762.0,800
74775.0,800
74816.0,800
74892.0,800
74916.0,799
74927.0,800
74949.0,800
74954.0,800
74960.0,800
74965.0,800
75017.0,800
75024.0,800
75027.0,800
75076.0,800
75083.0,800
75087.0,800
75119.0,799
75130.0,800
75147.0,800
75167.0,800
75182.0,799
75206.0,798
75280.0,799
75316.0,800
75319.0,800
75339.0,800
75344.0,800
75348.0,800
75358.0,800
75382.0,799
75387.0,798
75389.0,797
75390.0,798
75405.0,799
75425.0,800
75428.0,800
75447.0,799
75460.0,800
75468.0,799
75470.0,800
75493.0,800
75542.0,799
75550.0,798
75572.0,799
75574.0,800
75582.0,800
75585.0,800
75590.0,800
75593.0,800
75600.0,800
75603.0,800
75622.0,800
75653.0,800
75671.0,800
75684.0,799
75705.0,798
75712.0,799
75713.0,800
75718.0,800
75721.0,800
75729.0,799
75745.0,800
75755.0,800
75777.0,800
75778.0,800
75782.0,800
75817.0,800
75818.0,800
75831.0,800
75833.0,800
75837.0,800
75848.0,800
75864.0,799
75880.0,800
75895.0,800
75899.0,800
75938.0,799
75951.0,800
75965.0,799
75982.0,800
75988.0,799
75997.0,798
76031.0,799
76034.0,800
76087.0,800
76091.0,800
76098.0,800
76123.0,800
76140.0,800
76153.0,800
76185.0,799
76186.0,800
76200.0,800
76222.0,800
76226.0,800
76239.0,800
76239.0,799
76249.0,800
76265.0,800
76269.0,800
76304.0,800
76308.0,800
76321.0,800
76329.0,800
76349.0,800
76353.0,800
76360.0,799
76367.0,800
76374.0,800
76380.0,799
76387.0,800
76391.0,800
76399.0,800
76424.0,799
76434.0,800
76440.0,799
76456.0,800
76459.0,800
76472.0,800
76478.0,799
76480.0,800
76492.0,800
76525.0,800
76569.0,799
76587.0,800
76593.0,800
76615.0,800
76631.0,800
76654.0,800
76726.0,800
76738.0,800
76753.0,799
76765.0,798
76772.0,799
76784.0,798
76797.0,799
76802.0,800
76812.0,800
76823.0,800
76838.0,800
76841.0,800
76854.0,800
76866.0,800
76872.0,800
76894.0,800
76903.0,800
76939.0,799
76969.0,800
76975.0,800
76986.0,799
76987.0,798
77019.0,799
77049.0,800
77062.0,799
77092.0,800
77158.0,800
77164.0,800
77168.0,800
77196.0,799
77278.0,800
77279.0,800
77293.0,799
77340.0,800
77342.0,800
77384.0,800
77405.0,800
77447.0,800
77462.0,800
77467.0,800
77506.0,800
77536.0,799
77549.0,798
77560.0,799
77650.0,800
77664.0,800
77671.0,799
77682.0,800
77729.0,800
77761.0,799
77770.0,800
77771.0,800
77780.0,800
77782.0,799
77839.0,798
77856.0,799
77863.0,800
77866.0,800
77871.0,800
77897.0,800
77908.0,800
77916.0,800
77919.0,800
77940.0,800
77949.0,800
77952.0,799
77989.0,800
77993.0,799
77995.0,800
78001.0,800
78022.0,800
78035.0,799
78050.0,800
78059.0,800
78062.0,799
78065.0,800
78076.0,800
78078.0,799
78082.0,800
78118.0,799
78141.0,798
78173.0,797
78188.0,798
78207.0,799
78211.0,800
78229.0,799
78248.0,800
78274.0,800
78275.0,799
78293.0,800
78297.0,799
78299.0,798
78300.0,797
78303.0,798
78305.0,799
78327.0,798
78328.0,797
78330.0,798
78355.0,799
78361.0,800
78364.0,800
78418.0,800
78433.0,800
78453.0,800
78453.0,799
78501.0,798
78527.0,799
78542.0,800
78577.0,800
78597.0,800
78599.0,800
78614.0,800
78626.0,799
78679.0,800
78719.0,800
78728.0,799
78735.0,798
78740.0,799
78769.0,798
78829.0,799
78890.0,800
78892.0,800
78894.0,799
78951.0,798
78978.0,799
78985.0,800
79009.0,800
79020.0,800
79021.0,799
79037.0,800
79075.0,800
79092.0,800
79127.0,800
79131.0,800
79136.0,800
79141.0,800
79151.0,800
79181.0,800
79191.0,800
79198.0,799
79199.0,798
79201.0,799
79208.0,800
79211.0,800
79229.0,800
79301.0,800
79303.0,800
79308.0,800
79316.0,800
79333.0,800
79366.0,800
79378.0,800
79379.0,800
79386.0,799
79400.0,798
79407.0,797
79413.0,796
79453.0,797
79476.0,796
79486.0,797
79489.0,798
79503.0,799
79514.0,800
79528.0,800
79535.0,800
79542.0,800
79564.0,799
79565.0,800
79566.0,799
79569.0,800
79580.0,800
79588.0,800
79606.0,800
79611.0,800
79620.0,799
79624.0,798
79632.0,799
79639.0,800
79657.0,799
79671.0,800
79676.0,800
79688.0,800
79693.0,800
79720.0,800
79725.0,800
79749.0,800
79754.0,799
79758.0,800
79775.0,800
79806.0,800
79846.0,800
79855.0,800
79876.0,800
79893.0,800
79900.0,800
79936.0,800
79937.0,800
79950.0,800
79970.0,800
79994.0,800
80002.0,800
80012.0,800
80074.0,800
80080.0,800
80128.0,799
80131.0,800
80146.0,799
80176.0,800
80177.0,800
80214.0,799
80222.0,800
80231.0,799
80242.0,800
80290.0,800
80324.0,800
80338.0,800
80367.0,800
80376.0,800
80384.0,800
80428.0,799
80430.0,800
80435.0,800
80439.0,799
80461.0,800
80477.0,800
80479.0,800
80544.0,800
80553.0,799
80577.0,800
80587.0,799
80626.0,800
80628.0,800
80638.0,800
80643.0,800
80648.0,800
80681.0,800
80696.0,799
80767.0,798
80795.0,799
80799.0,800
80808.0,799
80841.0,800
80846.0,800
80878.0,800
80897.0,800
80901.0,800
80918.0,800
80961.0,800
80962.0,800
80977.0,800
81038.0,800
81048.0,800
81060.0,800
81061.0,800
81095.0,799
81108.0,800
81116.0,800
81131.0,800
81149.0,800
81150.0,799
81158.0,798
81177.0,799
81187.0,798
81190.0,799
81249.0,800
81251.0,800
81269.0,800
81294.0,800
81299.0,800
81306.0,800
81318.0,800
81325.0,799
81326.0,800
81338.0,799
81349.0,800
81351.0,799
81439.0,800
81445.0,800
81466.0,800
81495.0,800
81506.0,800
81507.0,800
81525.0,800
81527.0,800
81535.0,800
81575.0,799
81630.0,800
81634.0,800
81635.0,799
81651.0,800
81679.0,800
81680.0,800
81703.0,799
81715.0,800
81732.0,800
81767.0,800
81792.0,800
81813.0,800
81829.0,800
81830.0,799
81851.0,800
81875.0,800
81895.0,800
81900.0,800
81903.0,800
81907.0,799
81920.0,800
81940.0,800
81986.0,800
81994.0,800
81995.0,800
82012.0,799
82046.0,800
82052.0,799
82054.0,800
82113.0,799
82114.0,800
82116.0,800
82127.0,800
82147.0,800
82151.0,800
82166.0,800
82173.0,799
82175.0,800
82181.0,800
82201.0,800
82225.0,799
82231.0,800
82271.0,799
82279.0,800
82284.0,800
82306.0,799
82308.0,800
82359.0,799
82367.0,800
82403.0,800
82424.0,800
82429.0,800
82436.0,800
82456.0,799
82477.0,800
82484.0,800
82487.0,800
82504.0,800
82591.0,800
82612.0,800
82613.0,799
82619.0,798
82627.0,799
82629.0,800
82641.0,799
82656.0,800
82672.0,800
82681.0,800
82710.0,800
82730.0,800
82746.0,800
82748.0,800
82749.0,800
82754.0,800
82758.0,800
82762.0,799
82768.0,800
82770.0,800
82790.0,800
82794.0,800
82796.0,800
82831.0,800
82842.0,800
82926.0,800
82959.0,800
82998.0,799
83015.0,800
83020.0,800
83038.0,799
83047.0,800
83052.0,800
83054.0,799
83062.0,800
83075.0,800
83077.0,800
83078.0,799
83097.0,800
83105.0,800
83124.0,800
83128.0,799
83144.0,798
83162.0,799
83188.0,800
83193.0,800
83203.0,800
83204.0,800
83206.0,800
83212.0,799
83236.0,800
83240.0,800
83248.0,800
83263.0,800
83272.0,800
83285.0,799
83294.0,800
83295.0,799
83315.0,800
83354.0,800
83376.0,800
83381.0,799
83412.0,800
83418.0,800
83433.0,800
83462.0,800
83474.0,800
83480.0,800
83565.0,800
83573.0,800
83577.0,800
83627.0,800
83642.0,800
83667.0,800
83759.0,800
83772.0,799
83785.0,800
83822.0,800
83826.0,800
83836.0,800
83852.0,800
83863.0,800
83886.0,800
83888.0,800
83891.0,800
83921.0,799
83937.0,798
84008.0,797
84021.0,796
84042.0,797
84048.0,798
84054.0,797
84087.0,798
84098.0,797
84114.0,796
84119.0,797
84132.0,798
84148.0,799
84184.0,800
84195.0,800
84286.0,799
84295.0,800
84310.0,800
84334.0,800
84337.0,799
84343.0,800
84347.0,800
84347.0,799
84354.0,800
84369.0,800
84376.0,799
84392.0,798
84404.0,799
84418.0,798
84424.0,799
84426.0,800
84449.0,800
84454.0,800
84509.0,800
84510.0,800
84533.0,800
84534.0,800
84562.0,800
84583.0,799
84612.0,800
84613.0,800
84628.0,799
84629.0,800
84637.0,800
84672.0,800
84737.0,800
84738.0,800
84793.0,800
84878.0,800
84906.0,800
84923.0,800
84926.0,800
84929.0,800
84933.0,800
84936.0,800
84944.0,800
84972.0,800
84978.0,800
84987.0,800
84995.0,800
84997.0,800
85001.0,800
85007.0,800
85020.0,799
85022.0,800
85023.0,800
85032.0,800
85049.0,800
85065.0,800
85096.0,799
85105.0,800
85112.0,799
85115.0,800
85142.0,799
85160.0,800
85173.0,800
85195.0,800
85209.0,800
85246.0,800
85247.0,800
85264.0,800
85278.0,799
85284.0,800
85312.0,799
85328.0,798
85370.0,799
85372.0,800
85438.0,799
85443.0,800
85468.0,800
85474.0,799
85500.0,798
85548.0,799
85572.0,800
85590.0,799
85602.0,800
85632.0,800
85649.0,800
85679.0,799
85680.0,800
85687.0,800
85690.0,800
85699.0,800
85710.0,800
85726.0,800
85730.0,799
85752.0,800
85800.0,800
85806.0,799
85829.0,800
85832.0,800
85838.0,800
85847.0,800
85855.0,799
85862.0,800
85875.0,800
85920.0,800
85920.0,799
85925.0,800
85937.0,800
85956.0,800
86018.0,799
86022.0,800
86026.0,800
86035.0,799
86096.0,800
86106.0,800
86155.0,800
86161.0,800
86177.0,800
86201.0,800
86220.0,800
86222.0,799
86232.0,800
86253.0,799
86256.0,800
86269.0,800
86284.0,799
86286.0,800
86319.0,800
86328.0,800
86343.0,800
86390.0,800
86418.0,800
86423.0,799
86447.0,800
86467.0,800
86468.0,800
86508.0,800
86556.0,800
86557.0,800
86565.0,800
86573.0,800
86623.0,800
86634.0,800
86638.0,800
86656.0,800
86690.0,800
86694.0,799
86767.0,800
86767.0,799
86773.0,800
86781.0,800
86783.0,800
86789.0,800
86797.0,799
86829.0,798
86835.0,799
86836.0,800
86863.0,800
86877.0,799
86883.0,798
86888.0,799
86888.0,798
86920.0,799
86935.0,800
86939.0,800
87001.0,800
87001.0,799
87011.0,800
87015.0,799
87046.0,800
87097.0,799
87113.0,800
87133.0,800
87136.0,800
87138.0,799
87149.0,800
87154.0,800
87165.0,800
87178.0,800
87212.0,800
87221.0,799
87257.0,800
87258.0,800
87269.0,800
87290.0,800
87299.0,800
87308.0,800
87313.0,800
87331.0,800
87348.0,800
87372.0,800
87411.0,799
87421.0,800
87424.0,800
87429.0,800
87441.0,800
87452.0,800
87461.0,799
87481.0,800
87496.0,800
87514.0,800
87533.0,800
87547.0,799
87550.0,800
87567.0,799
87579.0,800
87623.0,799
87676.0,798
87678.0,799
87682.0,798
87684.0,799
87740.0,800
87767.0,800
87793.0,799
87797.0,798
87797.0,797
87798.0,796
87799.0,797
87808.0,796
87810.0,797
87862.0,798
87864.0,797
87892.0,798
87893.0,797
87902.0,798
87907.0,799
87930.0,800
87967.0,800
88031.0,800
88040.0,800
88040.0,799
88046.0,800
88051.0,800
88055.0,800
88067.0,800
88071.0,800
88071.0,799
88075.0,800
88080.0,800
88083.0,800
88100.0,800
88117.0,799
88121.0,800
88124.0,800
88142.0,800
88151.0,800
88171.0,799
88189.0,800
88190.0,800
88199.0,800
88229.0,800
88238.0,800
88251.0,800
88285.0,799
88318.0,800
88320.0,800
88333.0,800
88450.0,800
88463.0,800
88476.0,800
88484.0,800
88496.0,800
88513.0,799
88523.0,798
88529.0,799
88531.0,800
88600.0,800
88611.0,800
88620.0,800
88642.0,799
88652.0,800
88699.0,800
88712.0,800
88736.0,800
88768.0,799
88774.0,798
88790.0,799
88824.0,798
88847.0,799
88935.0,800
88947.0,800
88966.0,800
88987.0,800
88991.0,800
89034.0,800
89043.0,799
89065.0,800
89071.0,799
89100.0,798
89109.0,799
89111.0,800
89134.0,800
89135.0,800
89155.0,800
89178.0,799
89204.0,800
89213.0,800
89225.0,800
89273.0,799
89281.0,800
89302.0,800
89311.0,800
89313.0,800
89325.0,799
89334.0,800
89342.0,799
89363.0,800
89398.0,800
89423.0,800
89425.0,800
89434.0,800
89436.0,799
89455.0,800
89464.0,799
89470.0,798
89501.0,799
89512.0,800
89533.0,800
89598.0,800
89609.0,800
89621.0,800
89633.0,800
89658.0,800
89662.0,800
89663.0,800
89667.0,800
89680.0,799
89700.0,800
89702.0,799
89716.0,800
89718.0,800
89751.0,800
89771.0,800
89775.0,800
89794.0,799
89808.0,800
89811.0,800
89812.0,800
89815.0,800
89834.0,800
89840.0,800
89859.0,800
89867.0,800
89869.0,799
89870.0,800
89876.0,800
89883.0,799
89883.0,798
89890.0,799
89893.0,800
89951.0,799
89958.0,800
89962.0,800
89978.0,799
89985.0,800
90000.0,800
90007.0,800
90009.0,800
90013.0,799
90039.0,800
90043.0,800
90045.0,800
90075.0,799
90158.0,800
90161.0,800
90164.0,800
90180.0,800
90188.0,800
90189.0,800
90208.0,799
90217.0,800
90249.0,800
90252.0,800
90256.0,799
90276.0,800
90278.0,800
90293.0,800
90300.0,800
90301.0,800
90305.0,800
90319.0,800
90340.0,800
90341.0,800
90344.0,799
90355.0,800
90356.0,800
90356.0,799
90375.0,800
90411.0,799
90444.0,800
90448.0,800
90451.0,800
90457.0,800
90463.0,800
90483.0,800
90501.0,800
90542.0,800
90544.0,800
90573.0,799
90590.0,798
90602.0,799
90603.0,798
90614.0,799
90615.0,800
90635.0,800
90647.0,800
90654.0,799
90656.0,800
90694.0,800
90729.0,799
90779.0,800
90797.0,800
90817.0,800
90818.0,800
90819.0,800
90834.0,800
90859.0,799
90860.0,798
90874.0,799
90884.0,800
90917.0,800
90952.0,800
90968.0,799
91010.0,800
91070.0,799
91074.0,798
91081.0,799
91136.0,800
91138.0,800
91142.0,800
91159.0,800
91167.0,799
91183.0,800
91190.0,800
91198.0,800
91218.0,800
91245.0,800
91252.0,799
91258.0,800
91302.0,800
91321.0,800
91334.0,800
91351.0,799
91361.0,800
91392.0,800
91398.0,799
91400.0,800
91434.0,800
91449.0,799
91477.0,798
91522.0,799
91571.0,800
91576.0,800
91624.0,799
91644.0,798
91667.0,799
91688.0,800
91690.0,799
91692.0,800
91709.0,799
91719.0,800
91753.0,800
91765.0,799
91769.0,800
91770.0,800
91772.0,799
91820.0,800
91830.0,800
91832.0,800
91832.0,799
91833.0,800
91840.0,800
91845.0,800
91846.0,800
91853.0,800
91856.0,800
91865.0,799
91877.0,800
91948.0,800
91974.0,800
91986.0,800
92034.0,800
92056.0,800
92114.0,800
92116.0,799
92123.0,800
92134.0,800
92147.0,800
92149.0,800
92152.0,800
92165.0,799
92198.0,800
92210.0,800
92211.0,800
92240.0,800
92252.0,800
92262.0,800
92305.0,799
92309.0,800
92346.0,799
92372.0,800
92378.0,800
92420.0,800
92426.0,799
92451.0,800
92461.0,800
92472.0,800
92483.0,800
92498.0,800
92511.0,800
92521.0,799
92534.0,798
92540.0,799
92572.0,800
92576.0,800
92579.0,800
92585.0,800
92626.0,799
92636.0,800
92651.0,799
92663.0,800
92669.0,800
92679.0,800
92683.0,800
92707.0,800
92709.0,800
92755.0,799
92759.0,800
92762.0,799
92764.0,798
92766.0,799
92769.0,800
92776.0,800
92784.0,800
92800.0,800
92803.0,800
92808.0,800
92828.0,800
92831.0,800
92837.0,800
92850.0,800
92864.0,800
92886.0,800
92981.0,799
92982.0,798
92994.0,797
92995.0,798
93007.0,799
93011.0,798
93058.0,799
93115.0,800
93120.0,800
93155.0,800
93170.0,800
93173.0,800
93189.0,800
93189.0,799
93195.0,800
93200.0,800
93201.0,800
93211.0,800
93217.0,799
93231.0,800
93236.0,799
93248.0,800
93258.0,800
93271.0,800
93316.0,800
93335.0,800
93345.0,800
93372.0,799
93377.0,800
93409.0,800
93417.0,799
93419.0,800
93436.0,800
93441.0,800
93445.0,800
93450.0,799
93466.0,800
93486.0,800
93530.0,800
93533.0,800
93584.0,799
93587.0,800
93653.0,800
93659.0,800
93670.0,800
93691.0,800
93721.0,799
93727.0,800
93747.0,800
93763.0,800
93764.0,799
93785.0,800
93803.0,800
93812.0,800
93827.0,800
93844.0,800
93892.0,800
93894.0,800
93895.0,800
93901.0,799
93911.0,800
93919.0,800
93934.0,800
93941.0,800
93943.0,800
93957.0,800
93963.0,800
93978.0,800
93990.0,800
93992.0,800
94004.0,800
94005.0,800
94006.0,799
94040.0,800
94050.0,800
94051.0,800
94068.0,799
94071.0,800
94087.0,799
94098.0,800
94136.0,800
94141.0,799
94151.0,798
94174.0,799
94176.0,800
94188.0,799
94218.0,800
94228.0,799
94251.0,800
94252.0,800
94254.0,800
94294.0,800
94302.0,800
94309.0,800
94312.0,800
94352.0,800
94367.0,800
94377.0,800
94382.0,799
94385.0,800
94400.0,800
94419.0,800
94427.0,800
94434.0,800
94439.0,800
94442.0,800
94462.0,800
94479.0,799
94504.0,800
94533.0,800
94561.0,800
94562.0,799
94574.0,800
94669.0,800
94677.0,800
94700.0,800
94741.0,799
94786.0,798
94792.0,797
94795.0,798
94798.0,797
94808.0,798
94811.0,799
94839.0,798
94881.0,799
94892.0,800
94905.0,800
94910.0,800
94956.0,800
94996.0,800
95033.0,799
95039.0,800
95052.0,800
95076.0,800
95083.0,800
95086.0,800
95097.0,800
95152.0,800
95175.0,800
95177.0,800
95182.0,799
95195.0,800
95237.0,800
95242.0,800
95248.0,800
95258.0,800
95273.0,800
95279.0,799
95295.0,800
95301.0,800
95302.0,800
95303.0,800
95320.0,800
95321.0,800
95326.0,800
95358.0,799
95366.0,798
95367.0,799
95379.0,800
95389.0,800
95411.0,799
95431.0,800
95435.0,800
95443.0,800
95458.0,800
95491.0,800
95501.0,800
95536.0,800
95563.0,800
95575.0,800
95599.0,800
95605.0,800
95634.0,800
95650.0,800
95653.0,800
95655.0,799
95750.0,800
95769.0,800
95771.0,800
95773.0,800
95786.0,800
95796.0,800
95807.0,800
95823.0,800
95840.0,800
95845.0,800
95849.0,799
95851.0,800
95889.0,800
95903.0,800
95909.0,799
95909.0,798
95923.0,799
95924.0,800
95925.0,800
95935.0,800
95970.0,799
95977.0,800
96005.0,799
96055.0,800
96073.0,800
96136.0,800
96140.0,800
96147.0,799
96179.0,800
96182.0,799
96189.0,800
96209.0,800
96219.0,800
96241.0,800
96254.0,800
96260.0,800
96313.0,800
96341.0,799
96386.0,800
96391.0,800
96455.0,800
96466.0,799
96488.0,800
96492.0,800
96493.0,800
96495.0,800
96504.0,800
96506.0,800
96512.0,800
96536.0,800
96541.0,800
96549.0,800
96581.0,800
96606.0,800
96628.0,800
96630.0,799
96639.0,800
96668.0,800
96679.0,800
96709.0,800
96714.0,800
96730.0,800
96794.0,800
96802.0,800
96820.0,799
96826.0,798
96827.0,799
96846.0,800
96852.0,800
96866.0,799
96907.0,800
96918.0,800
96941.0,800
96943.0,799
96951.0,800
96985.0,800
97004.0,800
97022.0,800
97040.0,800
97055.0,799
97057.0,800
97066.0,800
97106.0,800
97128.0,800
97133.0,800
97149.0,800
97166.0,800
97176.0,800
97183.0,800
97222.0,800
97228.0,800
97231.0,799
97239.0,798
97267.0,799
97271.0,800
97293.0,800
97336.0,800
97355.0,800
97386.0,800
97389.0,800
97443.0,800
97455.0,800
97486.0,800
97501.0,800
97505.0,800
97511.0,800
97512.0,800
97542.0,800
97566.0,800
97573.0,800
97586.0,799
97599.0,800
97615.0,800
97632.0,800
97656.0,799
97659.0,798
97675.0,799
97676.0,800
97687.0,800
97691.0,800
97698.0,799
97700.0,800
97726.0,800
97729.0,800
97738.0,800
97790.0,800
97796.0,800
97822.0,800
97822.0,799
97840.0,800
97859.0,800
97872.0,799
97896.0,800
97902.0,800
97913.0,800
97926.0,800
97934.0,800
97951.0,800
98007.0,800
98032.0,799
98035.0,800
98071.0,800
98078.0,800
98079.0,800
98087.0,800
98118.0,800
98139.0,800
98156.0,799
98192.0,800
98213.0,800
98224.0,800
98281.0,800
98286.0,800
98300.0,799
98310.0,800
98355.0,800
98368.0,800
98387.0,800
98394.0,799
98399.0,800
98418.0,800
98424.0,799
98456.0,800
98463.0,800
98470.0,800
98473.0,800
98486.0,800
98517.0,800
98517.0,799
98522.0,800
98523.0,800
98530.0,800
98531.0,800
98546.0,800
98563.0,800
98587.0,800
98595.0,800
98639.0,800
98678.0,800
98684.0,800
98708.0,800
98722.0,800
98724.0,800
98732.0,800
98743.0,800
98759.0,800
98774.0,799
98780.0,798
98788.0,799
98829.0,800
98837.0,800
98860.0,800
98874.0,800
98909.0,800
98919.0,800
98933.0,800
98945.0,800
98950.0,800
98951.0,800
99004.0,800
99033.0,800
99043.0,800
99046.0,799
99063.0,800
99078.0,800
99098.0,800
99154.0,799
99179.0,800
99218.0,800
99261.0,800
99273.0,800
99274.0,800
99275.0,800
99283.0,800
99283.0,799
99349.0,800
99351.0,799
99354.0,798
99362.0,799
99381.0,800
99398.0,800
99420.0,800
99430.0,800
99433.0,799
99434.0,798
99457.0,799
99474.0,800
99484.0,799
99500.0,798
99529.0,799
99535.0,800
99555.0,800
99561.0,800
99564.0,799
99579.0,800
99617.0,800
99623.0,800
99667.0,800
99703.0,800
99710.0,800
99713.0,800
99723.0,800
99723.0,799
99762.0,800
99772.0,800
99790.0,800
99806.0,800
99835.0,799
99857.0,800
99870.0,799
99875.0,800
99879.0,800
99909.0,800
99912.0,800
99928.0,800
99946.0,799
99950.0,800
99955.0,799
99976.0,800
99998.0,800
99999.0,799
100224.0,800
