Time,Rejected Sessions
0.0,0
61.0,0
80.0,0
84.0,0
125.0,0
150.0,0
221.0,0
226.0,0
231.0,0
246.0,0
253.0,0
257.0,0
267.0,0
298.0,0
313.0,0
314.0,0
318.0,0
378.0,0
412.0,0
415.0,0
427.0,0
441.0,0
490.0,0
512.0,0
527.0,0
532.0,0
562.0,0
608.0,0
659.0,0
664.0,0
672.0,0
679.0,0
688.0,0
704.0,0
737.0,0
824.0,0
829.0,0
863.0,0
890.0,0
892.0,0
895.0,0
915.0,0
917.0,0
925.0,0
946.0,0
959.0,0
984.0,0
1001.0,0
1015.0,0
1027.0,0
1030.0,0
1051.0,0
1066.0,0
1072.0,0
1101.0,0
1103.0,0
1107.0,0
1141.0,0
1161.0,0
1183.0,0
1188.0,0
1204.0,0
1250.0,0
1253.0,0
1265.0,0
1305.0,0
1320.0,0
1326.0,0
1335.0,0
1343.0,0
1368.0,0
1396.0,0
1440.0,0
1446.0,0
1454.0,0
1455.0,0
1469.0,0
1476.0,0
1482.0,0
1496.0,0
1502.0,0
1531.0,0
1558.0,0
1579.0,0
1595.0,0
1632.0,0
1637.0,0
1655.0,0
1656.0,0
1662.0,0
1666.0,0
1676.0,0
1679.0,0
1682.0,0
1723.0,0
1724.0,0
1746.0,0
1763.0,0
1769.0,0
1815.0,0
1836.0,0
1845.0,0
1891.0,0
1922.0,0
1924.0,0
1970.0,0
1971.0,0
1993.0,0
1997.0,0
2021.0,0
2027.0,0
2033.0,0
2061.0,0
2099.0,0
2116.0,0
2126.0,0
2132.0,0
2142.0,0
2162.0,0
2176.0,0
2190.0,0
2216.0,0
2217.0,0
2221.0,0
2283.0,0
2293.0,0
2297.0,0
2346.0,0
2415.0,0
2454.0,0
2464.0,0
2472.0,0
2489.0,0
2513.0,0
2516.0,0
2537.0,0
2569.0,0
2609.0,0
2624.0,0
2652.0,0
2677.0,0
2684.0,0
2718.0,0
2767.0,0
2781.0,0
2802.0,0
2834.0,0
2843.0,0
2845.0,0
2846.0,0
2862.0,0
2880.0,0
2881.0,0
2890.0,0
2905.0,0
2910.0,0
2912.0,0
2928.0,0
2943.0,0
2949.0,0
3024.0,0
3032.0,0
3039.0,0
3041.0,0
3107.0,0
3131.0,0
3135.0,0
3141.0,0
3167.0,0
3174.0,0
3201.0,0
3220.0,0
3226.0,0
3226.0,0
3255.0,0
3258.0,0
3259.0,0
3284.0,0
3287.0,0
3300.0,0
3312.0,0
3332.0,0
3333.0,0
3353.0,0
3392.0,0
3396.0,0
3417.0,0
3435.0,0
3436.0,0
3453.0,0
3474.0,0
3490.0,0
3500.0,0
3548.0,0
3550.0,0
3551.0,0
3574.0,0
3582.0,0
3583.0,0
3590.0,0
3614.0,0
3656.0,0
3668.0,0
3689.0,0
3693.0,0
3726.0,0
3737.0,0
3767.0,0
3821.0,0
3833.0,0
3862.0,0
3909.0,0
3945.0,0
3991.0,0
3992.0,0
3994.0,0
4054.0,0
4072.0,0
4084.0,0
4092.0,0
4120.0,0
4124.0,0
4130.0,0
4152.0,0
4166.0,0
4182.0,0
4226.0,0
4229.0,0
4258.0,0
4261.0,0
4286.0,0
4321.0,0
4323.0,0
4346.0,0
4410.0,0
4420.0,0
4479.0,0
4507.0,0
4509.0,0
4526.0,0
4574.0,0
4579.0,0
4588.0,0
4601.0,0
4604.0,0
4625.0,0
4634.0,0
4643.0,0
4653.0,0
4694.0,0
4735.0,0
4761.0,0
4832.0,0
4877.0,0
4977.0,0
4994.0,0
5009.0,0
5026.0,0
5033.0,0
5053.0,0
5100.0,0
5107.0,0
5152.0,0
5172.0,0
5177.0,0
5186.0,0
5188.0,0
5272.0,0
5274.0,0
5290.0,0
5324.0,0
5328.0,0
5363.0,0
5377.0,0
5389.0,0
5400.0,0
5441.0,0
5442.0,0
5476.0,0
5480.0,0
5490.0,0
5494.0,0
5527.0,0
5540.0,0
5547.0,0
5588.0,0
5752.0,0
5769.0,0
5827.0,0
5833.0,0
5836.0,0
5855.0,0
5878.0,0
5887.0,0
5910.0,0
5940.0,0
5979.0,0
5996.0,0
6007.0,0
6008.0,0
6028.0,0
6033.0,0
6034.0,0
6052.0,0
6064.0,0
6073.0,0
6079.0,0
6090.0,0
6104.0,0
6124.0,0
6184.0,0
6208.0,0
6237.0,0
6243.0,0
6322.0,0
6330.0,0
6336.0,0
6339.0,0
6343.0,0
6364.0,0
6373.0,0
6386.0,0
6390.0,0
6391.0,0
6398.0,0
6400.0,0
6413.0,0
6423.0,0
6447.0,0
6480.0,0
6482.0,0
6533.0,0
6540.0,0
6568.0,0
6573.0,0
6587.0,0
6597.0,0
6625.0,0
6631.0,0
6677.0,0
6693.0,0
6705.0,0
6711.0,0
6721.0,0
6729.0,0
6737.0,0
6782.0,0
6805.0,0
6819.0,0
6835.0,0
6863.0,0
6866.0,0
6876.0,0
6893.0,0
6980.0,0
6986.0,0
6990.0,0
6994.0,0
7001.0,0
7047.0,0
7062.0,0
7143.0,0
7154.0,0
7195.0,0
7201.0,0
7224.0,0
7241.0,0
7248.0,0
7253.0,0
7262.0,0
7265.0,0
7271.0,0
7290.0,0
7308.0,0
7322.0,0
7324.0,0
7327.0,0
7420.0,0
7454.0,0
7474.0,0
7477.0,0
7496.0,0
7507.0,0
7561.0,0
7621.0,0
7629.0,0
7656.0,0
7660.0,0
7688.0,0
7716.0,0
7725.0,0
7757.0,0
7761.0,0
7779.0,0
7795.0,0
7810.0,0
7852.0,0
7886.0,0
7886.0,0
7896.0,0
7904.0,0
7918.0,0
7936.0,0
7964.0,0
7980.0,0
7997.0,0
8000.0,0
8006.0,0
8057.0,0
8066.0,0
8072.0,0
8098.0,0
8114.0,0
8146.0,0
8154.0,0
8182.0,0
8199.0,0
8212.0,0
8221.0,0
8241.0,0
8276.0,0
8314.0,0
8325.0,0
8329.0,0
8355.0,0
8376.0,0
8379.0,0
8392.0,0
8401.0,0
8449.0,0
8460.0,0
8519.0,0
8537.0,0
8556.0,0
8587.0,0
8598.0,0
8615.0,0
8667.0,0
8671.0,0
8690.0,0
8717.0,0
8769.0,0
8772.0,0
8809.0,0
8810.0,0
8849.0,0
8860.0,0
8863.0,0
8875.0,0
8886.0,0
8895.0,0
8896.0,0
8907.0,0
8958.0,0
8967.0,0
8972.0,0
8980.0,0
8993.0,0
8997.0,0
9008.0,0
9018.0,0
9022.0,0
9039.0,0
9061.0,0
9126.0,0
9137.0,0
9253.0,0
9272.0,0
9300.0,0
9346.0,0
9351.0,0
9364.0,0
9366.0,0
9379.0,0
9391.0,0
9408.0,0
9413.0,0
9472.0,0
9479.0,0
9490.0,0
9492.0,0
9494.0,0
9516.0,0
9522.0,0
9522.0,0
9545.0,0
9548.0,0
9552.0,0
9558.0,0
9564.0,0
9568.0,0
9603.0,0
9614.0,0
9619.0,0
9632.0,0
9651.0,0
9665.0,0
9667.0,0
9668.0,0
9686.0,0
9731.0,0
9740.0,0
9750.0,0
9757.0,0
9768.0,0
9780.0,0
9800.0,0
9829.0,0
9840.0,0
9844.0,0
9858.0,0
9879.0,0
9891.0,0
9892.0,0
9908.0,0
9911.0,0
9914.0,0
9951.0,0
9966.0,0
9973.0,0
10023.0,0
10041.0,0
10058.0,0
10094.0,0
10095.0,0
10142.0,0
10161.0,0
10183.0,0
10225.0,0
10233.0,0
10238.0,0
10243.0,0
10244.0,0
10271.0,0
10290.0,0
10300.0,0
10307.0,0
10309.0,0
10317.0,0
10330.0,0
10380.0,0
10386.0,0
10391.0,0
10398.0,0
10400.0,0
10419.0,0
10449.0,0
10449.0,0
10451.0,0
10465.0,0
10477.0,0
10512.0,0
10536.0,0
10554.0,0
10556.0,0
10559.0,0
10571.0,0
10587.0,0
10614.0,0
10636.0,0
10674.0,0
10688.0,0
10738.0,0
10776.0,0
10777.0,0
10829.0,0
10846.0,0
10847.0,0
10855.0,0
10856.0,0
10926.0,0
10939.0,0
10977.0,0
11013.0,0
11028.0,0
11030.0,0
11032.0,0
11035.0,0
11059.0,0
11061.0,0
11085.0,0
11085.0,0
11093.0,0
11120.0,0
11125.0,0
11145.0,0
11161.0,0
11165.0,0
11166.0,0
11167.0,0
11183.0,0
11216.0,0
11225.0,0
11236.0,0
11248.0,0
11256.0,0
11339.0,0
11350.0,0
11377.0,0
11380.0,0
11387.0,0
11393.0,0
11394.0,0
11406.0,0
11429.0,0
11489.0,0
11491.0,0
11534.0,0
11547.0,0
11551.0,0
11557.0,0
11578.0,0
11581.0,0
11593.0,0
11597.0,0
11602.0,0
11611.0,0
11633.0,0
11647.0,0
11681.0,0
11734.0,0
11738.0,0
11767.0,0
11771.0,0
11777.0,0
11781.0,0
11793.0,0
11811.0,0
11853.0,0
11856.0,0
11919.0,0
11953.0,0
11970.0,0
11981.0,0
11988.0,0
12002.0,0
12007.0,0
12009.0,0
12023.0,0
12041.0,0
12050.0,0
12056.0,0
12067.0,0
12091.0,0
12110.0,0
12132.0,0
12173.0,0
12210.0,0
12233.0,0
12243.0,0
12259.0,0
12261.0,0
12265.0,0
12288.0,0
12304.0,0
12305.0,0
12308.0,0
12336.0,0
12371.0,0
12386.0,0
12393.0,0
12473.0,0
12480.0,0
12481.0,0
12496.0,0
12499.0,0
12515.0,0
12524.0,0
12578.0,0
12634.0,0
12636.0,0
12661.0,0
12679.0,0
12699.0,0
12741.0,0
12770.0,0
12811.0,0
12814.0,0
12815.0,0
12823.0,0
12853.0,0
12865.0,0
12983.0,0
12996.0,0
13028.0,0
13033.0,0
13056.0,0
13063.0,0
13067.0,0
13105.0,0
13125.0,0
13146.0,0
13153.0,0
13164.0,0
13170.0,0
13171.0,0
13181.0,0
13194.0,0
13199.0,0
13229.0,0
13267.0,0
13272.0,0
13287.0,0
13288.0,0
13308.0,0
13322.0,0
13322.0,0
13325.0,0
13337.0,0
13351.0,0
13369.0,0
13401.0,0
13414.0,0
13414.0,0
13416.0,0
13430.0,0
13430.0,0
13437.0,0
13469.0,0
13477.0,0
13478.0,0
13481.0,0
13482.0,0
13568.0,0
13582.0,0
13593.0,0
13607.0,0
13608.0,0
13623.0,0
13632.0,0
13634.0,0
13636.0,0
13637.0,0
13661.0,0
13666.0,0
13669.0,0
13694.0,0
13750.0,0
13766.0,0
13807.0,0
13840.0,0
13874.0,0
13920.0,0
13954.0,0
13969.0,0
13975.0,0
14002.0,0
14004.0,0
14008.0,0
14013.0,0
14022.0,0
14054.0,0
14068.0,0
14094.0,0
14098.0,0
14114.0,0
14155.0,0
14207.0,0
14229.0,0
14252.0,0
14253.0,0
14259.0,0
14266.0,0
14292.0,0
14304.0,0
14314.0,0
14315.0,0
14333.0,0
14359.0,0
14376.0,0
14401.0,0
14412.0,0
14430.0,0
14435.0,0
14455.0,0
14458.0,0
14480.0,0
14506.0,0
14512.0,0
14516.0,0
14530.0,0
14544.0,0
14571.0,0
14576.0,0
14586.0,0
14604.0,0
14614.0,0
14620.0,0
14624.0,0
14628.0,0
14631.0,0
14644.0,0
14646.0,0
14661.0,0
14689.0,0
14697.0,0
14703.0,0
14728.0,0
14732.0,0
14759.0,0
14772.0,0
14805.0,0
14813.0,0
14846.0,0
14849.0,0
14851.0,0
14907.0,0
14910.0,0
14965.0,0
14980.0,0
14984.0,0
15052.0,0
15113.0,0
15133.0,0
15154.0,0
15169.0,0
15179.0,0
15191.0,0
15192.0,0
15197.0,0
15217.0,0
15240.0,0
15242.0,0
15254.0,0
15258.0,0
15293.0,0
15295.0,0
15297.0,0
15318.0,0
15338.0,0
15349.0,0
15355.0,0
15409.0,0
15432.0,0
15444.0,0
15447.0,0
15454.0,0
15476.0,0
15498.0,0
15499.0,0
15503.0,0
15510.0,0
15541.0,0
15568.0,0
15577.0,0
15579.0,0
15602.0,0
15616.0,0
15631.0,0
15643.0,0
15646.0,0
15647.0,0
15654.0,0
15657.0,0
15681.0,0
15693.0,0
15703.0,0
15705.0,0
15710.0,0
15728.0,0
15741.0,0
15781.0,0
15795.0,0
15804.0,0
15815.0,0
15830.0,0
15830.0,0
15831.0,0
15860.0,0
15886.0,0
15887.0,0
15888.0,0
15934.0,0
15987.0,0
16042.0,0
16045.0,0
16051.0,0
16059.0,0
16075.0,0
16094.0,0
16101.0,0
16104.0,0
16127.0,0
16142.0,0
16145.0,0
16151.0,0
16165.0,0
16181.0,0
16202.0,0
16221.0,0
16265.0,0
16270.0,0
16281.0,0
16328.0,0
16334.0,0
16341.0,0
16353.0,0
16356.0,0
16369.0,0
16373.0,0
16413.0,0
16416.0,0
16437.0,0
16453.0,0
16463.0,0
16477.0,0
16480.0,0
16481.0,0
16491.0,0
16517.0,0
16596.0,0
16612.0,0
16615.0,0
16633.0,0
16635.0,0
16659.0,0
16680.0,0
16688.0,0
16697.0,0
16712.0,0
16741.0,0
16744.0,0
16745.0,0
16761.0,0
16782.0,0
16783.0,0
16791.0,0
16814.0,0
16836.0,0
16837.0,0
16863.0,0
16865.0,0
16929.0,0
16946.0,0
16953.0,0
16969.0,0
16970.0,0
16981.0,0
16990.0,0
17022.0,0
17028.0,0
17032.0,0
17047.0,0
17064.0,0
17085.0,0
17122.0,0
17142.0,0
17171.0,0
17199.0,0
17203.0,0
17206.0,0
17231.0,0
17239.0,0
17248.0,0
17304.0,0
17311.0,0
17312.0,0
17324.0,0
17325.0,0
17339.0,0
17348.0,0
17351.0,0
17353.0,0
17392.0,0
17420.0,0
17446.0,0
17472.0,0
17481.0,0
17523.0,0
17524.0,0
17525.0,0
17557.0,0
17557.0,0
17565.0,0
17576.0,0
17600.0,0
17675.0,0
17710.0,0
17750.0,0
17764.0,0
17779.0,0
17793.0,0
17807.0,0
17811.0,0
17813.0,0
17816.0,0
17832.0,0
17844.0,0
17849.0,0
17859.0,0
17862.0,0
17867.0,0
17889.0,0
17891.0,0
17904.0,0
17996.0,0
18010.0,0
18034.0,0
18040.0,0
18043.0,0
18046.0,0
18048.0,0
18064.0,0
18085.0,0
18163.0,0
18182.0,0
18183.0,0
18203.0,0
18215.0,0
18259.0,0
18264.0,0
18275.0,0
18302.0,0
18303.0,0
18317.0,0
18324.0,0
18327.0,0
18332.0,0
18338.0,0
18371.0,0
18385.0,0
18385.0,0
18401.0,0
18403.0,0
18422.0,0
18423.0,0
18439.0,0
18453.0,0
18461.0,0
18474.0,0
18485.0,0
18488.0,0
18507.0,0
18516.0,0
18579.0,0
18587.0,0
18599.0,0
18636.0,0
18683.0,0
18704.0,0
18740.0,0
18750.0,0
18764.0,0
18770.0,0
18783.0,0
18785.0,0
18812.0,0
18835.0,0
18837.0,0
18839.0,0
18839.0,0
18840.0,0
18867.0,0
18875.0,0
18875.0,0
18901.0,0
18905.0,0
18910.0,0
18910.0,0
18913.0,0
18942.0,0
18943.0,0
19012.0,0
19042.0,0
19052.0,0
19055.0,0
19055.0,0
19063.0,0
19085.0,0
19101.0,0
19102.0,0
19131.0,0
19171.0,0
19178.0,0
19178.0,0
19197.0,0
19225.0,0
19247.0,0
19256.0,0
19262.0,0
19274.0,0
19293.0,0
19299.0,0
19304.0,0
19325.0,0
19359.0,0
19359.0,0
19379.0,0
19397.0,0
19403.0,0
19416.0,0
19437.0,0
19443.0,0
19465.0,0
19478.0,0
19481.0,0
19510.0,0
19537.0,0
19541.0,0
19567.0,0
19572.0,0
19588.0,0
19609.0,0
19625.0,0
19640.0,0
19657.0,0
19699.0,0
19710.0,0
19728.0,0
19741.0,0
19747.0,0
19844.0,0
19849.0,0
19855.0,0
19860.0,0
19887.0,0
19892.0,0
19923.0,0
19924.0,0
19925.0,0
19930.0,0
19940.0,0
19944.0,0
19986.0,0
19996.0,0
20022.0,0
20040.0,0
20051.0,0
20052.0,0
20061.0,0
20063.0,0
20077.0,0
20079.0,0
20096.0,0
20115.0,0
20148.0,0
20183.0,0
20185.0,0
20194.0,0
20219.0,0
20234.0,0
20238.0,0
20250.0,0
20251.0,0
20255.0,0
20282.0,0
20303.0,0
20337.0,0
20348.0,0
20379.0,0
20390.0,0
20400.0,0
20402.0,0
20418.0,0
20427.0,0
20428.0,0
20437.0,0
20464.0,0
20479.0,0
20536.0,0
20548.0,0
20579.0,0
20585.0,0
20618.0,0
20632.0,0
20634.0,0
20648.0,0
20675.0,0
20679.0,0
20682.0,0
20704.0,0
20706.0,0
20713.0,0
20719.0,0
20725.0,0
20754.0,0
20784.0,0
20794.0,1
20798.0,1
20800.0,1
20802.0,2
20803.0,2
20814.0,2
20861.0,3
20883.0,4
20900.0,5
20902.0,6
20905.0,7
20909.0,7
20947.0,7
20954.0,7
20983.0,7
20989.0,7
21006.0,7
21011.0,7
21028.0,7
21100.0,7
21109.0,7
21113.0,8
21119.0,9
21134.0,10
21136.0,10
21139.0,10
21165.0,11
21190.0,12
21192.0,13
21206.0,14
21241.0,15
21245.0,15
21265.0,15
21288.0,15
21299.0,15
21315.0,16
21330.0,17
21343.0,18
21374.0,19
21380.0,20
21384.0,21
21389.0,21
21401.0,21
21404.0,21
21447.0,21
21488.0,22
21493.0,23
21501.0,23
21529.0,23
21531.0,23
21533.0,23
21574.0,24
21581.0,24
21591.0,24
21595.0,24
21617.0,24
21627.0,25
21657.0,26
21668.0,26
21694.0,26
21709.0,26
21712.0,26
21730.0,26
21741.0,26
21762.0,26
21773.0,26
21789.0,27
21813.0,28
21821.0,29
21869.0,30
21895.0,31
21952.0,31
21952.0,31
21953.0,31
21957.0,31
21998.0,31
22002.0,31
22006.0,31
22026.0,31
22069.0,32
22084.0,33
22095.0,34
22118.0,35
22122.0,36
22134.0,37
22135.0,38
22150.0,39
22166.0,40
22180.0,40
22195.0,40
22222.0,40
22226.0,40
22262.0,40
22278.0,40
22286.0,41
22321.0,42
22330.0,43
22366.0,44
22370.0,45
22405.0,46
22411.0,47
22420.0,48
22448.0,49
22468.0,50
22505.0,51
22583.0,52
22586.0,53
22594.0,54
22596.0,55
22602.0,56
22618.0,56
22635.0,56
22672.0,56
22693.0,56
22708.0,57
22713.0,58
22721.0,59
22732.0,60
22741.0,60
22755.0,60
22774.0,60
22777.0,60
22807.0,60
22829.0,60
22831.0,60
22831.0,60
22846.0,60
22877.0,60
22881.0,60
22894.0,60
22901.0,60
22906.0,60
22946.0,60
22956.0,60
22959.0,60
22960.0,61
23011.0,62
23051.0,63
23058.0,64
23080.0,64
23094.0,64
23100.0,64
23133.0,64
23181.0,64
23199.0,64
23207.0,64
23214.0,64
23217.0,65
23222.0,66
23233.0,66
23239.0,66
23252.0,67
23266.0,68
23271.0,68
23279.0,68
23280.0,69
23319.0,70
23337.0,71
23339.0,72
23342.0,72
23348.0,72
23349.0,73
23408.0,74
23457.0,74
23472.0,74
23508.0,75
23511.0,76
23530.0,77
23560.0,77
23596.0,77
23613.0,78
23623.0,79
23625.0,79
23637.0,79
23650.0,80
23656.0,80
23668.0,80
23688.0,81
23696.0,82
23713.0,82
23728.0,83
23738.0,84
23741.0,85
23760.0,85
23779.0,85
23794.0,86
23796.0,87
23798.0,88
23805.0,88
23806.0,88
23813.0,89
23822.0,90
23827.0,91
23834.0,92
23849.0,93
23850.0,94
23851.0,95
23860.0,96
23877.0,97
23884.0,98
23895.0,99
23895.0,99
23915.0,99
23922.0,100
23924.0,100
23939.0,100
23966.0,100
23991.0,100
23994.0,101
24005.0,102
24016.0,103
24042.0,104
24050.0,105
24078.0,106
24113.0,106
24114.0,106
24116.0,107
24118.0,108
24142.0,109
24152.0,110
24162.0,111
24169.0,112
24173.0,112
24175.0,112
24184.0,113
24199.0,114
24207.0,114
24213.0,114
24216.0,114
24217.0,114
24222.0,115
24224.0,115
24266.0,115
24308.0,115
24311.0,115
24313.0,116
24317.0,117
24328.0,118
24342.0,119
24343.0,120
24360.0,121
24387.0,122
24425.0,123
24437.0,124
24444.0,125
24476.0,126
24509.0,127
24548.0,128
24560.0,129
24578.0,130
24597.0,131
24621.0,132
24621.0,132
24625.0,132
24626.0,133
24629.0,133
24638.0,133
24639.0,134
24643.0,135
24660.0,135
24662.0,136
24670.0,137
24689.0,138
24694.0,139
24707.0,140
24711.0,141
24712.0,142
24779.0,143
24780.0,144
24790.0,145
24791.0,146
24795.0,147
24801.0,147
24804.0,147
24841.0,147
24851.0,147
24854.0,147
24864.0,147
24914.0,147
24958.0,147
24977.0,147
24994.0,147
25001.0,147
25011.0,148
25020.0,149
25024.0,150
25040.0,151
25053.0,152
25076.0,152
25084.0,152
25089.0,153
25098.0,154
25166.0,155
25175.0,156
25178.0,157
25198.0,158
25209.0,159
25252.0,160
25257.0,161
25260.0,161
25269.0,161
25274.0,161
25275.0,161
25291.0,162
25297.0,163
25346.0,163
25353.0,163
25358.0,163
25384.0,163
25425.0,163
25457.0,163
25489.0,164
25494.0,165
25531.0,165
25535.0,165
25604.0,166
25615.0,166
25655.0,166
25659.0,167
25665.0,167
25670.0,167
25673.0,168
25680.0,168
25694.0,168
25735.0,169
25746.0,170
25763.0,171
25775.0,171
25786.0,171
25806.0,171
25838.0,171
25841.0,171
25853.0,171
25898.0,172
25941.0,173
25956.0,174
26009.0,175
26022.0,176
26048.0,177
26051.0,178
26060.0,179
26061.0,180
26067.0,180
26099.0,180
26131.0,180
26174.0,180
26224.0,180
26254.0,180
26290.0,180
26291.0,181
26327.0,182
26331.0,183
26361.0,184
26367.0,185
26391.0,185
26411.0,185
26425.0,186
26436.0,187
26438.0,188
26441.0,189
26501.0,190
26513.0,191
26564.0,191
26572.0,191
26586.0,192
26603.0,193
26611.0,193
26613.0,193
26620.0,194
26627.0,195
26630.0,196
26657.0,196
26665.0,196
26680.0,196
26684.0,196
26728.0,196
26739.0,196
26741.0,196
26762.0,196
26781.0,196
26802.0,197
26846.0,198
26852.0,199
26858.0,199
26878.0,199
26901.0,200
26927.0,201
26949.0,202
26960.0,202
26975.0,202
27005.0,203
27019.0,204
27022.0,205
27024.0,206
27028.0,207
27032.0,207
27041.0,207
27043.0,207
27047.0,207
27047.0,207
27054.0,207
27056.0,207
27056.0,207
27057.0,207
27085.0,207
27088.0,208
27095.0,209
27103.0,210
27147.0,211
27148.0,211
27150.0,211
27197.0,211
27229.0,211
27264.0,211
27288.0,211
27296.0,212
27298.0,212
27323.0,212
27327.0,213
27349.0,214
27378.0,215
27403.0,216
27406.0,217
27417.0,218
27427.0,218
27436.0,218
27450.0,219
27456.0,220
27463.0,220
27469.0,220
27473.0,220
27473.0,220
27475.0,220
27486.0,220
27521.0,221
27524.0,221
27546.0,222
27557.0,223
27589.0,223
27612.0,223
27619.0,224
27641.0,225
27649.0,226
27660.0,227
27665.0,228
27672.0,229
27674.0,230
27684.0,231
27689.0,231
27715.0,231
27724.0,231
27726.0,231
27736.0,231
27737.0,231
27748.0,232
27759.0,233
27764.0,234
27778.0,234
27791.0,234
27806.0,235
27814.0,236
27844.0,237
27874.0,238
27919.0,238
27920.0,238
27921.0,239
27953.0,239
27960.0,239
27967.0,240
27982.0,241
27992.0,242
28000.0,243
28000.0,243
28072.0,243
28074.0,243
28075.0,243
28100.0,244
28106.0,244
28116.0,244
28119.0,244
28127.0,244
28133.0,245
28147.0,246
28160.0,247
28189.0,248
28224.0,248
28255.0,248
28268.0,249
28270.0,249
28271.0,249
28273.0,249
28279.0,249
28283.0,250
28314.0,251
28318.0,252
28339.0,253
28362.0,254
28371.0,255
28376.0,256
28378.0,256
28423.0,256
28425.0,257
28426.0,258
28433.0,259
28438.0,259
28471.0,259
28502.0,259
28508.0,259
28529.0,260
28531.0,260
28538.0,260
28551.0,261
28563.0,262
28567.0,263
28572.0,264
28610.0,265
28613.0,266
28629.0,266
28642.0,266
28647.0,266
28648.0,266
28653.0,266
28718.0,266
28722.0,266
28759.0,266
28839.0,266
28846.0,266
28865.0,267
28885.0,268
28890.0,269
28934.0,270
28938.0,270
28989.0,270
29003.0,270
29015.0,270
29079.0,270
29083.0,270
29109.0,271
29130.0,272
29134.0,273
29164.0,274
29165.0,275
29174.0,276
29180.0,277
29186.0,278
29212.0,279
29220.0,279
29224.0,279
29227.0,279
29228.0,279
29250.0,280
29257.0,281
29301.0,282
29308.0,282
29309.0,282
29312.0,283
29319.0,283
29348.0,283
29352.0,284
29354.0,284
29409.0,284
29418.0,284
29424.0,285
29433.0,286
29437.0,287
29439.0,287
29490.0,287
29505.0,288
29506.0,289
29510.0,290
29517.0,291
29535.0,292
29553.0,293
29558.0,294
29575.0,294
29582.0,294
29591.0,294
29625.0,294
29650.0,294
29661.0,294
29674.0,295
29679.0,296
29684.0,297
29697.0,298
29723.0,298
29725.0,298
29782.0,299
29793.0,300
29830.0,301
29854.0,302
29876.0,303
29918.0,304
29921.0,305
29925.0,305
29926.0,305
29939.0,306
29956.0,306
29957.0,306
29967.0,306
29969.0,306
29975.0,307
29979.0,308
29983.0,308
29984.0,308
30053.0,309
30075.0,310
30076.0,311
30106.0,311
30113.0,311
30121.0,311
30141.0,311
30146.0,311
30151.0,311
30174.0,312
30198.0,312
30282.0,312
30292.0,313
30314.0,314
30330.0,315
30334.0,316
30339.0,317
30352.0,317
30353.0,317
30365.0,318
30372.0,318
30385.0,318
30385.0,318
30394.0,318
30398.0,318
30401.0,318
30416.0,318
30471.0,318
30495.0,319
30508.0,320
30532.0,321
30572.0,322
30605.0,323
30614.0,324
30667.0,325
30669.0,325
30672.0,325
30691.0,325
30699.0,325
30716.0,325
30722.0,325
30733.0,325
30747.0,325
30751.0,325
30767.0,325
30778.0,325
30779.0,325
30780.0,326
30851.0,327
30857.0,328
30891.0,329
30960.0,330
30975.0,331
31000.0,332
31015.0,332
31033.0,332
31042.0,332
31043.0,332
31048.0,332
31059.0,332
31100.0,332
31108.0,332
31142.0,333
31150.0,333
31161.0,333
31182.0,333
31202.0,333
31238.0,334
31239.0,335
31241.0,336
31248.0,337
31257.0,338
31266.0,339
31277.0,340
31308.0,341
31320.0,342
31329.0,343
31339.0,344
31360.0,345
31381.0,346
31392.0,347
31395.0,348
31395.0,348
31402.0,348
31440.0,349
31481.0,349
31496.0,349
31536.0,350
31567.0,350
31578.0,350
31596.0,351
31603.0,351
31612.0,351
31619.0,352
31633.0,353
31640.0,354
31710.0,355
31712.0,356
31767.0,357
31773.0,357
31775.0,357
31795.0,358
31802.0,359
31870.0,360
31884.0,361
31893.0,361
31898.0,361
31912.0,361
31919.0,361
31934.0,362
31960.0,362
31963.0,362
32009.0,363
32021.0,363
32064.0,364
32080.0,365
32082.0,365
32097.0,365
32105.0,365
32106.0,365
32112.0,366
32132.0,367
32176.0,367
32213.0,368
32236.0,369
32239.0,370
32244.0,371
32251.0,371
32256.0,371
32279.0,371
32291.0,371
32303.0,372
32304.0,373
32324.0,374
32330.0,375
32332.0,376
32374.0,377
32375.0,378
32380.0,379
32386.0,380
32399.0,381
32418.0,382
32420.0,383
32430.0,384
32457.0,384
32485.0,384
32492.0,384
32508.0,385
32528.0,386
32555.0,387
32557.0,388
32608.0,389
32624.0,390
32630.0,391
32634.0,391
32643.0,391
32656.0,391
32669.0,391
32675.0,392
32685.0,393
32687.0,393
32706.0,393
32708.0,393
32710.0,393
32717.0,394
32718.0,395
32732.0,396
32746.0,397
32749.0,398
32760.0,399
32767.0,400
32771.0,401
32772.0,402
32776.0,402
32819.0,402
32842.0,403
32843.0,403
32850.0,403
32856.0,404
32865.0,405
32872.0,405
32873.0,405
32881.0,405
32913.0,405
32916.0,406
32963.0,406
32971.0,406
32986.0,407
33028.0,408
33038.0,409
33052.0,410
33092.0,411
33129.0,412
33157.0,413
33176.0,414
33191.0,415
33199.0,415
33199.0,415
33223.0,415
33226.0,415
33227.0,416
33253.0,417
33254.0,417
33258.0,417
33259.0,418
33280.0,419
33304.0,419
33312.0,419
33313.0,419
33319.0,419
33338.0,420
33340.0,421
33346.0,422
33411.0,423
33428.0,424
33440.0,425
33464.0,426
33468.0,427
33479.0,428
33499.0,429
33502.0,430
33505.0,431
33509.0,432
33512.0,433
33514.0,433
33560.0,433
33575.0,434
33576.0,435
33578.0,436
33595.0,437
33619.0,438
33620.0,439
33636.0,440
33671.0,441
33672.0,442
33674.0,442
33685.0,442
33717.0,442
33722.0,442
33727.0,443
33752.0,443
33765.0,443
33767.0,443
33800.0,443
33805.0,444
33809.0,445
33820.0,445
33847.0,445
33863.0,445
33865.0,445
33867.0,446
33900.0,447
33992.0,448
34018.0,448
34026.0,448
34035.0,449
34037.0,450
34050.0,451
34072.0,452
34073.0,453
34077.0,454
34095.0,454
34096.0,454
34109.0,455
34111.0,455
34126.0,455
34128.0,455
34146.0,455
34150.0,456
34174.0,456
34189.0,456
34212.0,457
34231.0,458
34240.0,458
34245.0,458
34273.0,459
34285.0,460
34302.0,460
34324.0,460
34342.0,461
34346.0,462
34372.0,463
34377.0,464
34383.0,465
34395.0,466
34410.0,467
34412.0,468
34418.0,469
34422.0,469
34425.0,469
34444.0,469
34451.0,469
34458.0,470
34479.0,471
34486.0,472
34510.0,473
34529.0,474
34551.0,475
34582.0,476
34587.0,477
34612.0,478
34620.0,479
34624.0,479
34631.0,479
34650.0,480
34674.0,480
34691.0,480
34713.0,481
34759.0,482
34767.0,483
34781.0,484
34879.0,484
34917.0,484
34935.0,485
34937.0,486
34945.0,487
34978.0,488
35099.0,489
35100.0,490
35103.0,491
35112.0,492
35129.0,493
35133.0,494
35151.0,494
35152.0,494
35172.0,495
35173.0,496
35193.0,497
35213.0,498
35231.0,499
35325.0,500
35337.0,501
35339.0,502
35347.0,502
35366.0,502
35419.0,503
35435.0,504
35522.0,505
35544.0,505
35565.0,505
35591.0,506
35593.0,507
35616.0,508
35622.0,509
35626.0,509
35630.0,509
35652.0,510
35654.0,510
35666.0,511
35675.0,511
35679.0,511
35698.0,512
35723.0,513
35746.0,514
35750.0,515
35781.0,516
35798.0,517
35806.0,517
35816.0,517
35821.0,517
35839.0,517
35855.0,517
35866.0,517
35872.0,518
35884.0,518
35929.0,518
35935.0,518
35953.0,518
35953.0,518
35955.0,518
35967.0,519
35986.0,520
36029.0,521
36034.0,522
36078.0,523
36105.0,524
36129.0,525
36138.0,525
36139.0,525
36159.0,526
36172.0,527
36174.0,528
36176.0,529
36200.0,530
36210.0,530
36266.0,530
36276.0,531
36281.0,532
36294.0,533
36297.0,534
36301.0,535
36330.0,536
36342.0,537
36349.0,538
36375.0,538
36383.0,538
36386.0,539
36395.0,540
36397.0,541
36431.0,542
36440.0,543
36444.0,544
36458.0,545
36475.0,546
36478.0,547
36493.0,548
36513.0,549
36519.0,550
36527.0,550
36540.0,550
36575.0,551
36586.0,552
36612.0,553
36635.0,554
36675.0,555
36691.0,556
36731.0,557
36748.0,557
36783.0,557
36793.0,557
36807.0,557
36821.0,558
36858.0,559
36898.0,560
36906.0,561
36935.0,562
36940.0,563
36944.0,564
36962.0,565
36966.0,566
36983.0,566
37000.0,566
37022.0,567
37039.0,568
37046.0,569
37051.0,570
37058.0,571
37073.0,572
37129.0,572
37133.0,572
37165.0,573
37167.0,574
37205.0,575
37209.0,576
37214.0,577
37233.0,578
37256.0,578
37263.0,578
37274.0,579
37304.0,579
37324.0,580
37328.0,581
37337.0,582
37351.0,583
37352.0,584
37357.0,585
37369.0,586
37382.0,586
37405.0,586
37418.0,586
37422.0,586
37434.0,587
37455.0,588
37582.0,588
37589.0,588
37600.0,588
37603.0,588
37604.0,588
37609.0,588
37624.0,589
37626.0,590
37649.0,590
37673.0,590
37687.0,590
37688.0,590
37692.0,591
37700.0,591
37704.0,591
37716.0,592
37718.0,593
37721.0,594
37722.0,595
37728.0,595
37738.0,595
37748.0,596
37751.0,597
37757.0,598
37774.0,599
37784.0,600
37785.0,601
37800.0,602
37806.0,603
37807.0,604
37830.0,605
37837.0,606
37860.0,607
37898.0,608
37942.0,609
37949.0,610
38016.0,611
38042.0,612
38062.0,613
38067.0,614
38070.0,614
38072.0,614
38072.0,614
38079.0,614
38097.0,615
38115.0,615
38120.0,615
38173.0,616
38175.0,617
38194.0,618
38263.0,619
38277.0,620
38290.0,621
38318.0,622
38336.0,623
38371.0,624
38373.0,625
38378.0,626
38389.0,627
38408.0,628
38433.0,628
38481.0,628
38505.0,629
38510.0,630
38510.0,630
38519.0,630
38555.0,631
38582.0,632
38589.0,633
38597.0,634
38609.0,635
38612.0,636
38659.0,637
38672.0,638
38686.0,638
38698.0,638
38740.0,638
38740.0,638
38757.0,638
38768.0,638
38803.0,638
38811.0,638
38847.0,639
38850.0,640
38863.0,641
38882.0,642
38942.0,642
38944.0,642
38971.0,643
38979.0,644
38993.0,644
38996.0,644
39013.0,645
39066.0,646
39069.0,646
39146.0,646
39152.0,646
39222.0,646
39231.0,647
39233.0,648
39236.0,649
39246.0,649
39266.0,649
39271.0,650
39284.0,650
39296.0,650
39319.0,650
39332.0,650
39342.0,651
39350.0,652
39352.0,653
39366.0,654
39372.0,655
39406.0,656
39416.0,657
39424.0,658
39427.0,659
39451.0,660
39452.0,661
39457.0,662
39463.0,662
39485.0,662
39490.0,663
39502.0,663
39504.0,663
39507.0,664
39517.0,665
39562.0,665
39563.0,665
39565.0,665
39581.0,665
39617.0,666
39636.0,667
39642.0,668
39651.0,669
39674.0,670
39676.0,671
39681.0,672
39682.0,673
39717.0,673
39727.0,673
39728.0,673
39731.0,673
39771.0,673
39777.0,673
39804.0,674
39809.0,675
39851.0,676
39864.0,676
39885.0,676
39896.0,677
39904.0,678
39912.0,678
39924.0,678
39959.0,679
39979.0,680
39982.0,680
39995.0,680
40033.0,680
40043.0,680
40049.0,681
40056.0,682
40063.0,682
40071.0,682
40079.0,683
40079.0,683
40086.0,683
40163.0,684
40174.0,685
40178.0,686
40183.0,686
40216.0,686
40222.0,687
40227.0,687
40234.0,687
40235.0,688
40236.0,689
40257.0,689
40260.0,689
40264.0,690
40270.0,691
40286.0,692
40290.0,693
40301.0,694
40347.0,695
40357.0,696
40358.0,697
40368.0,698
40377.0,698
40383.0,698
40420.0,699
40423.0,700
40451.0,701
40464.0,701
40475.0,701
40476.0,702
40486.0,703
40504.0,704
40535.0,705
40536.0,706
40547.0,707
40563.0,708
40588.0,709
40635.0,710
40651.0,711
40663.0,712
40696.0,713
40698.0,714
40702.0,714
40756.0,714
40768.0,715
40774.0,716
40789.0,716
40809.0,716
40814.0,716
40816.0,716
40828.0,717
40839.0,718
40843.0,719
40876.0,720
40880.0,721
40883.0,722
40887.0,722
40898.0,722
40900.0,723
40910.0,724
40915.0,725
40922.0,726
40968.0,727
40974.0,728
40980.0,729
41015.0,730
41041.0,731
41050.0,731
41054.0,731
41063.0,732
41070.0,733
41169.0,734
41239.0,735
41259.0,735
41291.0,735
41309.0,736
41316.0,737
41329.0,738
41336.0,738
41347.0,738
41348.0,738
41365.0,738
41370.0,739
41394.0,740
41411.0,741
41412.0,742
41413.0,743
41494.0,744
41510.0,744
41515.0,744
41521.0,745
41524.0,746
41570.0,747
41602.0,747
41640.0,747
41663.0,748
41668.0,749
41682.0,749
41691.0,749
41700.0,749
41707.0,749
41713.0,750
41719.0,751
41728.0,752
41737.0,752
41747.0,752
41749.0,752
41768.0,752
41769.0,753
41775.0,754
41778.0,754
41784.0,754
41831.0,754
41844.0,754
41846.0,755
41847.0,756
41859.0,757
41863.0,758
41885.0,759
41887.0,760
41905.0,761
41919.0,762
41921.0,763
41930.0,764
41941.0,765
41953.0,766
41967.0,766
41977.0,766
41982.0,766
41988.0,766
42029.0,766
42052.0,766
42084.0,767
42111.0,767
42112.0,767
42117.0,768
42138.0,769
42139.0,770
42141.0,771
42147.0,771
42164.0,771
42167.0,772
42175.0,773
42203.0,773
42224.0,773
42235.0,774
42266.0,775
42267.0,776
42276.0,777
42277.0,778
42282.0,779
42283.0,779
42316.0,779
42333.0,779
42335.0,779
42345.0,780
42355.0,781
42357.0,782
42360.0,783
42440.0,784
42448.0,784
42452.0,784
42464.0,784
42478.0,784
42486.0,784
42514.0,784
42573.0,784
42607.0,784
42615.0,784
42624.0,784
42638.0,784
42646.0,784
42667.0,785
42685.0,786
42710.0,787
42725.0,788
42752.0,788
42779.0,788
42784.0,789
42791.0,790
42811.0,791
42816.0,792
42844.0,793
42883.0,793
42897.0,793
42913.0,794
42915.0,795
42933.0,796
42939.0,797
42974.0,798
42988.0,799
42994.0,800
43014.0,801
43038.0,802
43045.0,802
43048.0,802
43051.0,802
43075.0,802
43096.0,802
43101.0,802
43118.0,803
43167.0,804
43175.0,805
43205.0,806
43214.0,807
43225.0,808
43238.0,809
43260.0,810
43293.0,810
43296.0,811
43366.0,812
43368.0,813
43383.0,814
43405.0,815
43418.0,816
43429.0,817
43472.0,818
43482.0,819
43494.0,820
43495.0,821
43496.0,821
43553.0,821
43615.0,822
43617.0,823
43628.0,823
43646.0,823
43648.0,824
43655.0,824
43665.0,824
43692.0,825
43694.0,826
43713.0,827
43731.0,828
43764.0,829
43766.0,830
43777.0,831
43798.0,831
43814.0,831
43822.0,831
43826.0,831
43845.0,832
43861.0,833
43902.0,833
43917.0,833
43920.0,833
43922.0,834
43942.0,835
43973.0,836
44030.0,837
44031.0,838
44058.0,838
44072.0,838
44076.0,838
44077.0,838
44092.0,839
44109.0,840
44147.0,840
44161.0,840
44222.0,841
44303.0,842
44337.0,843
44340.0,844
44346.0,845
44361.0,845
44363.0,845
44393.0,846
44410.0,846
44415.0,846
44416.0,847
44448.0,848
44452.0,848
44461.0,848
44478.0,849
44498.0,850
44517.0,851
44581.0,852
44600.0,853
44620.0,854
44625.0,855
44628.0,856
44644.0,856
44644.0,856
44659.0,856
44660.0,856
44681.0,856
44693.0,856
44698.0,857
44708.0,858
44719.0,859
44733.0,860
44770.0,861
44785.0,862
44787.0,863
44804.0,864
44813.0,865
44821.0,865
44822.0,865
44823.0,866
44839.0,867
44840.0,868
44877.0,869
44879.0,870
44882.0,871
44897.0,872
44906.0,873
44930.0,874
44934.0,875
44951.0,876
44952.0,877
44963.0,878
44973.0,878
44987.0,878
44988.0,879
44992.0,880
45028.0,881
45055.0,881
45082.0,881
45092.0,882
45092.0,882
45095.0,882
45127.0,883
45139.0,884
45143.0,884
45143.0,884
45195.0,884
45202.0,884
45233.0,885
45236.0,886
45239.0,886
45244.0,886
45249.0,886
45275.0,886
45286.0,886
45308.0,886
45363.0,886
45389.0,886
45396.0,886
45423.0,886
45434.0,887
45441.0,887
45474.0,887
45476.0,888
45480.0,889
45496.0,890
45511.0,891
45514.0,892
45525.0,893
45529.0,894
45572.0,895
45581.0,896
45647.0,896
45666.0,896
45668.0,896
45677.0,896
45691.0,896
45692.0,897
45700.0,897
45716.0,897
45718.0,897
45719.0,897
45731.0,897
45748.0,897
45776.0,898
45785.0,899
45802.0,900
45819.0,901
45826.0,901
45858.0,901
45865.0,902
45877.0,902
45880.0,902
45891.0,903
45906.0,904
45907.0,905
45914.0,906
45915.0,907
45972.0,908
45985.0,909
46005.0,910
46016.0,911
46032.0,912
46048.0,912
46062.0,912
46063.0,912
46081.0,912
46100.0,913
46112.0,914
46161.0,915
46165.0,916
46167.0,917
46170.0,917
46178.0,917
46186.0,918
46196.0,918
46216.0,918
46218.0,919
46233.0,920
46240.0,921
46243.0,922
46274.0,922
46295.0,923
46328.0,924
46329.0,925
46337.0,926
46373.0,926
46390.0,926
46413.0,927
46451.0,928
46515.0,928
46529.0,928
46536.0,928
46538.0,928
46584.0,929
46589.0,930
46629.0,931
46652.0,932
46681.0,933
46689.0,934
46694.0,935
46704.0,936
46715.0,936
46723.0,936
46753.0,937
46807.0,938
46821.0,938
46824.0,938
46851.0,939
46856.0,940
46864.0,941
46885.0,942
46891.0,943
46898.0,944
46929.0,945
46930.0,946
46939.0,946
46951.0,946
46973.0,946
46985.0,946
46990.0,946
47000.0,946
47002.0,947
47005.0,948
47013.0,949
47055.0,950
47095.0,951
47124.0,952
47136.0,953
47148.0,953
47171.0,953
47185.0,954
47200.0,955
47208.0,956
47248.0,957
47309.0,958
47331.0,959
47365.0,960
47373.0,961
47376.0,962
47404.0,963
47410.0,964
47414.0,965
47440.0,966
47478.0,967
47479.0,968
47482.0,968
47498.0,968
47524.0,969
47543.0,970
47549.0,971
47579.0,971
47600.0,971
47604.0,971
47641.0,971
47665.0,972
47708.0,973
47711.0,974
47755.0,975
47821.0,976
47841.0,977
47847.0,978
47855.0,979
47865.0,980
47866.0,981
47906.0,982
47941.0,982
47950.0,982
47965.0,983
48008.0,984
48023.0,985
48058.0,986
48105.0,986
48107.0,986
48126.0,987
48137.0,988
48142.0,989
48163.0,990
48176.0,991
48204.0,992
48212.0,993
48263.0,994
48322.0,994
48340.0,994
48373.0,994
48375.0,994
48386.0,995
48387.0,996
48425.0,997
48429.0,998
48431.0,999
48446.0,1000
48451.0,1000
48484.0,1000
48487.0,1000
48496.0,1000
48516.0,1001
48519.0,1002
48623.0,1003
48625.0,1004
48626.0,1005
48659.0,1006
48671.0,1007
48686.0,1008
48727.0,1009
48758.0,1010
48843.0,1011
48848.0,1011
48905.0,1011
48935.0,1011
48941.0,1011
49038.0,1012
49041.0,1013
49050.0,1014
49061.0,1015
49096.0,1016
49132.0,1017
49139.0,1018
49140.0,1018
49146.0,1018
49151.0,1019
49158.0,1020
49168.0,1021
49216.0,1022
49225.0,1023
49279.0,1024
49287.0,1024
49295.0,1024
49303.0,1025
49334.0,1026
49355.0,1027
49357.0,1028
49362.0,1029
49378.0,1030
49441.0,1031
49461.0,1032
49481.0,1032
49510.0,1032
49520.0,1032
49535.0,1032
49590.0,1033
49598.0,1034
49625.0,1034
49630.0,1034
49637.0,1035
49644.0,1036
49647.0,1036
49651.0,1036
49655.0,1037
49669.0,1038
49681.0,1039
49690.0,1039
49696.0,1039
49700.0,1039
49702.0,1039
49713.0,1040
49717.0,1041
49720.0,1041
49730.0,1041
49782.0,1041
49783.0,1041
49789.0,1042
49793.0,1042
49795.0,1042
49796.0,1042
49797.0,1042
49800.0,1042
49810.0,1042
49819.0,1043
49824.0,1044
49859.0,1045
49861.0,1045
49880.0,1045
49899.0,1045
49911.0,1045
49924.0,1045
49954.0,1045
49958.0,1045
49962.0,1045
49967.0,1045
49988.0,1045
49991.0,1045
49992.0,1045
50006.0,1045
50026.0,1045
50029.0,1045
50035.0,1045
50056.0,1046
50080.0,1047
50115.0,1048
50128.0,1049
50132.0,1050
50156.0,1051
50176.0,1051
50200.0,1051
50224.0,1052
50226.0,1053
50232.0,1054
50234.0,1055
50242.0,1056
50291.0,1057
50305.0,1058
50308.0,1059
50313.0,1059
50317.0,1059
50318.0,1060
50322.0,1060
50338.0,1060
50355.0,1061
50360.0,1062
50379.0,1063
50410.0,1063
50420.0,1063
50429.0,1064
50456.0,1065
50499.0,1066
50505.0,1067
50511.0,1068
50526.0,1069
50562.0,1069
50571.0,1069
50583.0,1070
50592.0,1071
50609.0,1072
50643.0,1073
50655.0,1074
50665.0,1075
50722.0,1076
50733.0,1077
50750.0,1077
50753.0,1077
50757.0,1077
50788.0,1077
50790.0,1077
50813.0,1077
50841.0,1078
50854.0,1079
50862.0,1079
50888.0,1079
50890.0,1079
50895.0,1079
50911.0,1080
50923.0,1080
50928.0,1080
50949.0,1081
50954.0,1081
50959.0,1081
50966.0,1081
51012.0,1081
51023.0,1082
51033.0,1082
51037.0,1082
51049.0,1082
51054.0,1082
51055.0,1083
51061.0,1084
51098.0,1085
51102.0,1086
51121.0,1087
51151.0,1088
51169.0,1089
51190.0,1090
51236.0,1091
51244.0,1092
51248.0,1093
51263.0,1093
51276.0,1093
51285.0,1094
51287.0,1095
51325.0,1096
51337.0,1097
51362.0,1098
51376.0,1099
51383.0,1099
51388.0,1099
51396.0,1100
51436.0,1101
51437.0,1102
51448.0,1102
51471.0,1102
51473.0,1102
51474.0,1102
51489.0,1102
51491.0,1102
51494.0,1103
51510.0,1104
51529.0,1105
51539.0,1106
51599.0,1107
51610.0,1107
51662.0,1107
51680.0,1108
51702.0,1109
51721.0,1110
51737.0,1111
51752.0,1112
51776.0,1113
51785.0,1113
51787.0,1113
51809.0,1114
51816.0,1115
51825.0,1116
51877.0,1117
51885.0,1118
51886.0,1119
51895.0,1120
51896.0,1121
51923.0,1122
51925.0,1123
51940.0,1124
51946.0,1125
51958.0,1126
51961.0,1127
51967.0,1128
51982.0,1129
51984.0,1130
51987.0,1131
51989.0,1132
51992.0,1133
52004.0,1134
52011.0,1135
52012.0,1136
52030.0,1137
52039.0,1138
52042.0,1139
52045.0,1140
52113.0,1141
52154.0,1142
52179.0,1143
52199.0,1144
52213.0,1145
52220.0,1146
52251.0,1147
52272.0,1147
52286.0,1147
52305.0,1148
52311.0,1149
52350.0,1150
52365.0,1151
52366.0,1152
52376.0,1153
52377.0,1154
52378.0,1154
52432.0,1154
52435.0,1155
52465.0,1156
52508.0,1157
52527.0,1158
52554.0,1158
52557.0,1158
52562.0,1159
52591.0,1160
52599.0,1161
52621.0,1162
52628.0,1162
52634.0,1162
52635.0,1163
52648.0,1164
52694.0,1165
52723.0,1165
52732.0,1165
52735.0,1165
52765.0,1165
52782.0,1166
52783.0,1167
52817.0,1168
52819.0,1169
52864.0,1170
52868.0,1170
52900.0,1170
52904.0,1170
52959.0,1170
52984.0,1171
53007.0,1171
53016.0,1171
53026.0,1171
53033.0,1172
53058.0,1173
53059.0,1174
53096.0,1174
53112.0,1174
53144.0,1174
53146.0,1175
53153.0,1176
53235.0,1177
53261.0,1178
53271.0,1179
53283.0,1180
53287.0,1181
53292.0,1182
53321.0,1183
53340.0,1184
53368.0,1185
53370.0,1186
53383.0,1187
53392.0,1188
53394.0,1189
53415.0,1190
53438.0,1190
53457.0,1190
53468.0,1191
53479.0,1192
53480.0,1193
53502.0,1194
53512.0,1195
53523.0,1196
53572.0,1197
53590.0,1198
53630.0,1199
53643.0,1200
53683.0,1201
53683.0,1201
53712.0,1201
53714.0,1201
53728.0,1201
53744.0,1202
53787.0,1203
53823.0,1204
53825.0,1205
53840.0,1206
53853.0,1207
53861.0,1208
53864.0,1209
53880.0,1210
53895.0,1210
53901.0,1210
53910.0,1211
53919.0,1212
53931.0,1213
53933.0,1213
53978.0,1213
54003.0,1214
54005.0,1215
54031.0,1216
54035.0,1217
54036.0,1217
54037.0,1217
54040.0,1218
54049.0,1219
54056.0,1219
54059.0,1219
54059.0,1219
54060.0,1219
54061.0,1219
54106.0,1219
54122.0,1220
54132.0,1221
54177.0,1222
54197.0,1223
54242.0,1224
54263.0,1224
54274.0,1224
54276.0,1224
54290.0,1224
54340.0,1224
54341.0,1224
54358.0,1224
54365.0,1224
54385.0,1225
54457.0,1225
54500.0,1225
54518.0,1225
54522.0,1225
54537.0,1226
54545.0,1227
54547.0,1228
54553.0,1228
54611.0,1228
54627.0,1229
54628.0,1229
54629.0,1229
54679.0,1230
54689.0,1230
54693.0,1230
54709.0,1231
54715.0,1232
54739.0,1233
54847.0,1234
54863.0,1235
54874.0,1236
54950.0,1237
54956.0,1238
54964.0,1238
54970.0,1238
54975.0,1239
54994.0,1239
55032.0,1239
55068.0,1239
55087.0,1239
55097.0,1239
55101.0,1239
55110.0,1240
55123.0,1241
55141.0,1241
55160.0,1241
55163.0,1241
55173.0,1241
55182.0,1241
55188.0,1241
55203.0,1242
55204.0,1243
55219.0,1244
55288.0,1245
55307.0,1246
55322.0,1246
55328.0,1246
55345.0,1246
55354.0,1246
55363.0,1246
55373.0,1246
55380.0,1247
55386.0,1247
55427.0,1247
55496.0,1248
55502.0,1249
55531.0,1250
55548.0,1250
55560.0,1250
55564.0,1251
55575.0,1251
55582.0,1251
55584.0,1252
55594.0,1253
55602.0,1254
55610.0,1255
55618.0,1256
55629.0,1257
55644.0,1258
55647.0,1258
55653.0,1258
55679.0,1259
55681.0,1260
55683.0,1261
55710.0,1262
55738.0,1263
55745.0,1263
55747.0,1263
55785.0,1263
55790.0,1263
55852.0,1264
55857.0,1265
55877.0,1266
55880.0,1267
55883.0,1268
55886.0,1268
55897.0,1268
55902.0,1269
55912.0,1270
55974.0,1271
55980.0,1272
55988.0,1273
56003.0,1274
56043.0,1275
56052.0,1276
56060.0,1277
56085.0,1278
56096.0,1279
56120.0,1280
56128.0,1281
56135.0,1282
56161.0,1283
56249.0,1284
56263.0,1285
56271.0,1285
56321.0,1285
56322.0,1286
56349.0,1286
56356.0,1286
56365.0,1287
56409.0,1288
56429.0,1289
56431.0,1290
56441.0,1291
56445.0,1291
56450.0,1291
56458.0,1292
56471.0,1293
56487.0,1294
56524.0,1294
56525.0,1294
56527.0,1294
56549.0,1294
56579.0,1294
56609.0,1294
56630.0,1295
56648.0,1296
56661.0,1297
56662.0,1298
56664.0,1299
56671.0,1300
56674.0,1301
56706.0,1302
56709.0,1303
56751.0,1304
56761.0,1305
56764.0,1305
56785.0,1305
56821.0,1306
56823.0,1307
56825.0,1308
56828.0,1309
56838.0,1310
56857.0,1311
56882.0,1312
56909.0,1313
56922.0,1314
56930.0,1314
57052.0,1314
57059.0,1315
57060.0,1316
57086.0,1317
57156.0,1318
57160.0,1318
57162.0,1318
57183.0,1319
57186.0,1320
57267.0,1321
57279.0,1322
57288.0,1323
57312.0,1324
57313.0,1324
57315.0,1324
57315.0,1324
57328.0,1324
57349.0,1325
57364.0,1326
57436.0,1327
57449.0,1328
57472.0,1329
57498.0,1330
57506.0,1331
57526.0,1332
57528.0,1332
57547.0,1332
57592.0,1333
57593.0,1334
57605.0,1334
57618.0,1334
57628.0,1334
57634.0,1334
57656.0,1335
57671.0,1335
57677.0,1335
57682.0,1336
57731.0,1337
57760.0,1338
57772.0,1339
57780.0,1339
57798.0,1339
57807.0,1339
57808.0,1339
57809.0,1339
57827.0,1339
57832.0,1340
57834.0,1341
57856.0,1342
57871.0,1342
57873.0,1342
57886.0,1343
57908.0,1343
57917.0,1343
57924.0,1344
57951.0,1345
57969.0,1346
57991.0,1347
57992.0,1347
58001.0,1347
58004.0,1348
58004.0,1348
58015.0,1348
58044.0,1348
58064.0,1348
58067.0,1349
58085.0,1350
58116.0,1351
58152.0,1352
58180.0,1353
58187.0,1354
58195.0,1355
58196.0,1356
58200.0,1357
58204.0,1358
58218.0,1359
58223.0,1360
58252.0,1361
58301.0,1362
58322.0,1363
58326.0,1364
58345.0,1365
58353.0,1366
58364.0,1367
58364.0,1367
58371.0,1367
58380.0,1368
58386.0,1369
58393.0,1370
58396.0,1371
58441.0,1372
58444.0,1372
58509.0,1372
58514.0,1372
58573.0,1372
58581.0,1373
58589.0,1374
58593.0,1375
58604.0,1376
58608.0,1377
58629.0,1378
58632.0,1379
58684.0,1380
58693.0,1381
58709.0,1382
58730.0,1383
58732.0,1383
58739.0,1383
58752.0,1384
58769.0,1385
58852.0,1386
58865.0,1386
58889.0,1386
58929.0,1387
58939.0,1387
58968.0,1387
58992.0,1387
59025.0,1387
59056.0,1388
59066.0,1389
59078.0,1390
59086.0,1391
59142.0,1392
59146.0,1393
59148.0,1394
59160.0,1394
59173.0,1394
59175.0,1394
59188.0,1394
59224.0,1394
59250.0,1394
59276.0,1395
59286.0,1396
59290.0,1397
59296.0,1398
59306.0,1399
59307.0,1399
59310.0,1399
59359.0,1400
59394.0,1401
59399.0,1402
59421.0,1403
59422.0,1404
59471.0,1404
59476.0,1404
59503.0,1404
59579.0,1404
59583.0,1405
59586.0,1406
59617.0,1407
59620.0,1407
59622.0,1407
59656.0,1408
59674.0,1408
59679.0,1408
59702.0,1408
59713.0,1408
59765.0,1408
59799.0,1408
59806.0,1408
59808.0,1409
59825.0,1410
59826.0,1410
59840.0,1410
59843.0,1411
59844.0,1411
59852.0,1411
59879.0,1411
59888.0,1411
59890.0,1412
59906.0,1413
59919.0,1414
59931.0,1415
59950.0,1416
59960.0,1417
59961.0,1417
59981.0,1417
59985.0,1418
59986.0,1419
59992.0,1420
60019.0,1421
60022.0,1422
60034.0,1422
60060.0,1422
60091.0,1422
60099.0,1422
60139.0,1422
60168.0,1422
60169.0,1423
60187.0,1424
60202.0,1425
60212.0,1426
60213.0,1426
60225.0,1426
60231.0,1427
60249.0,1428
60255.0,1429
60291.0,1430
60297.0,1431
60320.0,1432
60334.0,1433
60354.0,1434
60356.0,1435
60424.0,1435
60463.0,1435
60477.0,1435
60512.0,1435
60527.0,1435
60539.0,1435
60553.0,1436
60557.0,1436
60562.0,1436
60568.0,1437
60577.0,1438
60593.0,1439
60609.0,1440
60619.0,1441
60639.0,1442
60670.0,1443
60674.0,1444
60693.0,1445
60699.0,1445
60727.0,1445
60738.0,1445
60740.0,1445
60762.0,1446
60780.0,1447
60848.0,1448
60869.0,1449
60881.0,1450
60895.0,1450
60918.0,1450
60963.0,1451
60972.0,1452
61049.0,1453
61061.0,1453
61088.0,1453
61093.0,1454
61100.0,1455
61106.0,1456
61149.0,1457
61158.0,1458
61159.0,1459
61192.0,1460
61194.0,1460
61198.0,1460
61211.0,1461
61218.0,1461
61231.0,1461
61238.0,1461
61248.0,1461
61282.0,1462
61284.0,1463
61307.0,1463
61341.0,1463
61371.0,1463
61416.0,1463
61417.0,1463
61419.0,1463
61454.0,1464
61459.0,1465
61481.0,1466
61497.0,1466
61498.0,1466
61558.0,1466
61562.0,1466
61580.0,1467
61581.0,1468
61582.0,1469
61583.0,1470
61637.0,1471
61672.0,1472
61688.0,1473
61690.0,1474
61702.0,1474
61726.0,1474
61755.0,1475
61759.0,1476
61763.0,1477
61782.0,1478
61783.0,1479
61800.0,1479
61848.0,1479
61850.0,1479
61856.0,1479
61891.0,1480
61905.0,1481
61918.0,1482
61934.0,1482
61950.0,1482
61952.0,1483
61991.0,1484
61994.0,1485
62001.0,1486
62004.0,1487
62007.0,1488
62016.0,1489
62022.0,1490
62028.0,1491
62070.0,1492
62105.0,1493
62111.0,1493
62114.0,1493
62118.0,1494
62147.0,1495
62162.0,1496
62204.0,1497
62218.0,1497
62279.0,1497
62290.0,1498
62300.0,1499
62304.0,1499
62318.0,1499
62354.0,1500
62363.0,1501
62363.0,1501
62372.0,1501
62381.0,1501
62401.0,1501
62413.0,1501
62422.0,1501
62428.0,1502
62436.0,1503
62449.0,1504
62450.0,1505
62451.0,1506
62466.0,1506
62475.0,1506
62543.0,1507
62549.0,1508
62562.0,1509
62567.0,1510
62568.0,1511
62598.0,1512
62601.0,1513
62615.0,1513
62643.0,1513
62682.0,1514
62719.0,1515
62720.0,1515
62724.0,1515
62732.0,1515
62750.0,1515
62751.0,1515
62759.0,1515
62798.0,1515
62802.0,1515
62804.0,1515
62862.0,1516
62872.0,1517
62888.0,1518
62913.0,1519
62949.0,1520
62980.0,1520
63004.0,1520
63004.0,1520
63027.0,1520
63030.0,1520
63039.0,1520
63086.0,1520
63113.0,1520
63144.0,1520
63147.0,1520
63153.0,1520
63181.0,1520
63183.0,1520
63212.0,1520
63216.0,1520
63220.0,1520
63227.0,1520
63256.0,1520
63258.0,1520
63261.0,1520
63266.0,1520
63273.0,1520
63293.0,1520
63296.0,1520
63316.0,1520
63349.0,1520
63358.0,1520
63388.0,1520
63400.0,1520
63404.0,1520
63418.0,1520
63438.0,1520
63477.0,1520
63493.0,1520
63495.0,1521
63496.0,1522
63513.0,1523
63522.0,1523
63522.0,1523
63523.0,1523
63559.0,1523
63567.0,1523
63568.0,1523
63577.0,1523
63579.0,1523
63591.0,1523
63678.0,1523
63682.0,1524
63699.0,1525
63702.0,1525
63706.0,1525
63739.0,1525
63754.0,1525
63758.0,1526
63766.0,1527
63771.0,1528
63833.0,1529
63842.0,1529
63875.0,1529
63883.0,1530
63887.0,1531
63907.0,1532
63908.0,1532
63964.0,1532
63967.0,1533
63968.0,1533
64005.0,1533
64007.0,1534
64018.0,1535
64040.0,1536
64092.0,1537
64100.0,1537
64109.0,1537
64111.0,1538
64114.0,1539
64123.0,1540
64156.0,1541
64166.0,1542
64170.0,1543
64195.0,1544
64205.0,1545
64219.0,1546
64225.0,1546
64252.0,1546
64311.0,1546
64311.0,1546
64321.0,1546
64322.0,1546
64348.0,1546
64370.0,1546
64374.0,1546
64412.0,1546
64434.0,1547
64448.0,1548
64479.0,1548
64481.0,1548
64483.0,1549
64504.0,1549
64508.0,1549
64527.0,1549
64534.0,1549
64559.0,1549
64561.0,1549
64565.0,1550
64566.0,1551
64582.0,1552
64604.0,1553
64609.0,1554
64621.0,1555
64648.0,1555
64704.0,1555
64722.0,1555
64736.0,1555
64739.0,1556
64760.0,1557
64813.0,1558
64829.0,1559
64851.0,1560
64861.0,1561
64862.0,1562
64866.0,1562
64883.0,1562
64909.0,1563
64926.0,1564
64938.0,1565
64951.0,1566
64961.0,1567
64969.0,1568
65012.0,1569
65014.0,1570
65022.0,1571
65034.0,1572
65065.0,1573
65077.0,1574
65087.0,1575
65107.0,1576
65121.0,1576
65136.0,1576
65143.0,1577
65166.0,1578
65173.0,1578
65198.0,1578
65216.0,1578
65217.0,1578
65222.0,1579
65232.0,1579
65241.0,1579
65246.0,1580
65257.0,1581
65259.0,1582
65285.0,1583
65300.0,1584
65328.0,1585
65330.0,1586
65333.0,1586
65340.0,1586
65355.0,1587
65361.0,1587
65396.0,1587
65398.0,1588
65477.0,1589
65502.0,1590
65511.0,1591
65517.0,1591
65534.0,1591
65604.0,1592
65614.0,1593
65617.0,1593
65627.0,1593
65640.0,1593
65653.0,1593
65665.0,1594
65666.0,1594
65666.0,1594
65678.0,1594
65684.0,1594
65688.0,1594
65696.0,1594
65724.0,1594
65733.0,1594
65756.0,1595
65782.0,1595
65783.0,1595
65792.0,1596
65819.0,1596
65864.0,1596
65880.0,1597
65886.0,1598
65906.0,1599
65934.0,1600
65934.0,1600
65951.0,1600
65962.0,1601
65986.0,1602
65989.0,1603
65993.0,1603
66001.0,1603
66040.0,1604
66049.0,1605
66083.0,1605
66125.0,1605
66169.0,1606
66177.0,1607
66191.0,1608
66227.0,1608
66234.0,1608
66243.0,1608
66254.0,1608
66266.0,1609
66280.0,1610
66310.0,1610
66315.0,1610
66316.0,1610
66324.0,1610
66325.0,1610
66331.0,1610
66339.0,1610
66344.0,1610
66351.0,1610
66355.0,1610
66363.0,1610
66385.0,1610
66394.0,1610
66403.0,1610
66419.0,1610
66460.0,1610
66475.0,1610
66492.0,1610
66495.0,1611
66511.0,1612
66512.0,1613
66513.0,1614
66529.0,1615
66543.0,1616
66560.0,1617
66676.0,1618
66684.0,1619
66689.0,1620
66700.0,1621
66709.0,1622
66733.0,1623
66740.0,1624
66742.0,1625
66744.0,1626
66774.0,1627
66779.0,1628
66809.0,1628
66835.0,1628
66879.0,1628
66931.0,1628
66934.0,1629
66937.0,1630
66951.0,1631
66952.0,1632
66966.0,1633
66976.0,1634
67002.0,1635
67010.0,1636
67015.0,1637
67018.0,1638
67019.0,1639
67050.0,1640
67052.0,1641
67053.0,1642
67059.0,1643
67086.0,1643
67136.0,1643
67159.0,1644
67190.0,1645
67223.0,1646
67224.0,1647
67229.0,1647
67255.0,1647
67259.0,1648
67264.0,1649
67269.0,1650
67400.0,1651
67437.0,1652
67474.0,1653
67520.0,1654
67521.0,1654
67522.0,1654
67528.0,1655
67572.0,1656
67591.0,1657
67616.0,1658
67624.0,1658
67631.0,1658
67633.0,1659
67647.0,1660
67659.0,1661
67674.0,1662
67675.0,1663
67680.0,1664
67700.0,1664
67702.0,1664
67712.0,1665
67762.0,1665
67765.0,1665
67773.0,1665
67786.0,1665
67791.0,1665
67800.0,1665
67802.0,1666
67808.0,1666
67817.0,1666
67828.0,1666
67829.0,1666
67872.0,1667
67897.0,1668
67904.0,1669
67911.0,1670
67921.0,1670
67978.0,1670
67980.0,1671
67991.0,1672
67993.0,1673
68025.0,1674
68033.0,1675
68072.0,1676
68079.0,1677
68085.0,1678
68103.0,1679
68122.0,1680
68155.0,1681
68158.0,1682
68174.0,1683
68182.0,1684
68211.0,1685
68212.0,1686
68239.0,1687
68239.0,1687
68249.0,1687
68275.0,1688
68278.0,1689
68286.0,1689
68301.0,1689
68302.0,1689
68303.0,1690
68306.0,1690
68330.0,1690
68354.0,1691
68355.0,1691
68356.0,1691
68358.0,1691
68373.0,1691
68382.0,1692
68400.0,1693
68412.0,1694
68438.0,1695
68444.0,1695
68457.0,1695
68490.0,1695
68501.0,1695
68547.0,1696
68552.0,1697
68587.0,1697
68628.0,1697
68632.0,1698
68643.0,1699
68651.0,1700
68659.0,1701
68671.0,1702
68699.0,1703
68728.0,1704
68756.0,1705
68759.0,1706
68792.0,1707
68794.0,1708
68834.0,1709
68840.0,1710
68855.0,1711
68861.0,1712
68869.0,1713
68870.0,1714
68879.0,1715
68881.0,1716
68886.0,1717
68919.0,1718
68947.0,1719
68956.0,1720
68963.0,1721
68991.0,1722
68999.0,1723
69034.0,1724
69046.0,1725
69050.0,1725
69097.0,1725
69103.0,1726
69138.0,1727
69149.0,1728
69161.0,1729
69166.0,1730
69168.0,1730
69170.0,1730
69182.0,1731
69184.0,1732
69186.0,1733
69219.0,1734
69225.0,1735
69234.0,1736
69251.0,1737
69252.0,1738
69265.0,1739
69308.0,1739
69311.0,1739
69344.0,1740
69347.0,1740
69351.0,1740
69431.0,1740
69431.0,1740
69442.0,1740
69456.0,1740
69458.0,1740
69469.0,1740
69486.0,1740
69488.0,1740
69500.0,1741
69512.0,1742
69517.0,1742
69524.0,1742
69528.0,1743
69535.0,1744
69564.0,1745
69583.0,1745
69589.0,1745
69597.0,1746
69638.0,1747
69642.0,1748
69649.0,1749
69657.0,1750
69659.0,1750
69662.0,1750
69664.0,1750
69678.0,1750
69686.0,1751
69728.0,1752
69753.0,1753
69761.0,1753
69777.0,1753
69785.0,1754
69793.0,1755
69800.0,1756
69808.0,1757
69823.0,1758
69826.0,1759
69839.0,1760
69850.0,1761
69872.0,1761
69884.0,1761
69892.0,1762
69894.0,1763
69926.0,1764
69929.0,1765
69937.0,1766
69954.0,1766
69983.0,1766
70008.0,1766
70010.0,1766
70023.0,1766
70091.0,1766
70125.0,1767
70130.0,1768
70141.0,1769
70143.0,1770
70194.0,1771
70198.0,1772
70218.0,1773
70229.0,1774
70252.0,1774
70271.0,1774
70287.0,1774
70291.0,1774
70293.0,1774
70298.0,1774
70310.0,1775
70312.0,1776
70317.0,1777
70366.0,1777
70397.0,1777
70405.0,1778
70412.0,1779
70433.0,1780
70444.0,1781
70481.0,1781
70483.0,1781
70491.0,1782
70495.0,1783
70510.0,1784
70559.0,1784
70561.0,1784
70570.0,1785
70582.0,1786
70587.0,1787
70594.0,1788
70599.0,1789
70612.0,1790
70622.0,1791
70654.0,1791
70666.0,1791
70675.0,1791
70688.0,1791
70690.0,1791
70737.0,1791
70747.0,1792
70793.0,1793
70794.0,1794
70805.0,1795
70810.0,1796
70831.0,1797
70833.0,1798
70837.0,1799
70866.0,1799
70880.0,1799
70907.0,1800
70938.0,1800
70957.0,1800
70962.0,1800
70966.0,1800
71015.0,1801
71026.0,1802
71027.0,1803
71028.0,1804
71044.0,1804
71045.0,1804
71066.0,1805
71087.0,1806
71089.0,1807
71092.0,1808
71092.0,1808
71105.0,1808
71135.0,1809
71143.0,1810
71184.0,1811
71185.0,1812
71199.0,1813
71214.0,1813
71220.0,1813
71221.0,1814
71232.0,1815
71234.0,1815
71235.0,1816
71244.0,1817
71267.0,1818
71324.0,1819
71325.0,1819
71330.0,1819
71339.0,1819
71341.0,1819
71362.0,1819
71365.0,1819
71367.0,1820
71374.0,1820
71387.0,1820
71406.0,1821
71417.0,1822
71429.0,1823
71465.0,1824
71466.0,1825
71482.0,1826
71490.0,1827
71519.0,1827
71527.0,1827
71540.0,1828
71541.0,1829
71547.0,1830
71549.0,1831
71567.0,1832
71616.0,1833
71636.0,1834
71641.0,1835
71671.0,1836
71681.0,1837
71682.0,1838
71687.0,1839
71720.0,1840
71725.0,1841
71766.0,1842
71768.0,1843
71796.0,1844
71796.0,1844
71830.0,1844
71862.0,1845
71876.0,1846
71894.0,1847
71960.0,1847
71964.0,1847
71971.0,1848
71974.0,1849
71979.0,1849
71989.0,1849
72023.0,1849
72026.0,1849
72038.0,1849
72060.0,1849
72071.0,1850
72075.0,1851
72085.0,1852
72086.0,1853
72100.0,1854
72115.0,1855
72129.0,1856
72132.0,1857
72138.0,1858
72187.0,1859
72194.0,1860
72202.0,1860
72233.0,1860
72252.0,1861
72266.0,1862
72271.0,1863
72280.0,1864
72281.0,1864
72283.0,1864
72285.0,1864
72290.0,1864
72304.0,1865
72311.0,1865
72332.0,1865
72338.0,1865
72367.0,1865
72377.0,1866
72381.0,1866
72382.0,1866
72402.0,1867
72404.0,1868
72456.0,1869
72459.0,1870
72477.0,1871
72478.0,1872
72486.0,1873
72509.0,1873
72523.0,1873
72528.0,1873
72548.0,1873
72550.0,1874
72556.0,1875
72567.0,1876
72618.0,1877
72623.0,1878
72668.0,1879
72671.0,1879
72673.0,1879
72690.0,1880
72693.0,1881
72736.0,1882
72750.0,1883
72757.0,1884
72805.0,1885
72816.0,1885
72829.0,1885
72833.0,1886
72844.0,1887
72860.0,1887
72880.0,1887
72883.0,1888
72886.0,1889
72888.0,1890
72893.0,1890
72919.0,1890
72924.0,1891
72944.0,1892
72947.0,1893
72992.0,1894
73027.0,1895
73040.0,1896
73041.0,1897
73052.0,1897
73058.0,1897
73065.0,1897
73069.0,1897
73075.0,1897
73078.0,1897
73092.0,1897
73094.0,1897
73096.0,1897
73109.0,1897
73115.0,1897
73136.0,1897
73159.0,1897
73166.0,1897
73187.0,1897
73191.0,1897
73200.0,1897
73230.0,1897
73244.0,1898
73255.0,1899
73285.0,1900
73317.0,1901
73337.0,1901
73346.0,1901
73347.0,1901
73347.0,1901
73366.0,1901
73380.0,1901
73384.0,1902
73400.0,1903
73430.0,1904
73474.0,1905
73489.0,1905
73492.0,1905
73495.0,1906
73500.0,1907
73511.0,1908
73543.0,1909
73547.0,1910
73562.0,1911
73576.0,1912
73581.0,1912
73587.0,1912
73590.0,1912
73607.0,1912
73629.0,1912
73656.0,1912
73662.0,1912
73670.0,1912
73670.0,1912
73712.0,1912
73714.0,1912
73742.0,1912
73745.0,1912
73757.0,1912
73769.0,1913
73785.0,1914
73798.0,1915
73830.0,1916
73839.0,1916
73839.0,1916
73851.0,1916
73899.0,1916
73915.0,1917
73916.0,1918
73956.0,1919
73990.0,1920
74036.0,1921
74040.0,1921
74087.0,1921
74104.0,1922
74105.0,1923
74117.0,1924
74122.0,1925
74123.0,1926
74125.0,1927
74135.0,1928
74144.0,1929
74154.0,1930
74154.0,1930
74198.0,1930
74211.0,1930
74212.0,1930
74232.0,1930
74242.0,1930
74254.0,1930
74255.0,1930
74256.0,1930
74275.0,1930
74277.0,1930
74297.0,1931
74312.0,1932
74319.0,1933
74342.0,1934
74356.0,1934
74358.0,1934
74372.0,1935
74446.0,1936
74449.0,1936
74463.0,1936
74484.0,1937
74496.0,1938
74540.0,1939
74590.0,1940
74598.0,1941
74599.0,1942
74614.0,1943
74624.0,1944
74715.0,1945
74737.0,1946
74797.0,1947
74813.0,1948
74838.0,1949
74843.0,1950
74848.0,1951
74858.0,1951
74870.0,1951
74888.0,1951
74907.0,1951
74928.0,1951
74943.0,1951
74949.0,1952
74956.0,1953
74972.0,1954
74983.0,1955
74997.0,1956
75004.0,1957
75017.0,1958
75074.0,1959
75075.0,1960
75091.0,1961
75109.0,1962
75120.0,1962
75179.0,1962
75204.0,1963
75221.0,1963
75234.0,1963
75262.0,1964
75272.0,1964
75282.0,1964
75291.0,1965
75300.0,1965
75324.0,1965
75347.0,1965
75368.0,1965
75387.0,1966
75389.0,1967
75400.0,1968
75402.0,1969
75406.0,1970
75423.0,1971
75431.0,1972
75454.0,1973
75506.0,1973
75518.0,1973
75519.0,1974
75526.0,1975
75535.0,1975
75537.0,1975
75580.0,1976
75583.0,1976
75589.0,1976
75613.0,1977
75624.0,1978
75629.0,1979
75655.0,1980
75700.0,1980
75711.0,1980
75719.0,1980
75721.0,1980
75731.0,1980
75742.0,1980
75766.0,1980
75782.0,1980
75787.0,1981
75793.0,1982
75813.0,1982
75837.0,1982
75848.0,1983
75858.0,1984
75866.0,1985
75888.0,1986
75901.0,1987
75906.0,1988
75952.0,1989
75958.0,1990
75961.0,1991
75963.0,1992
75984.0,1993
75999.0,1994
76009.0,1994
76015.0,1994
76018.0,1995
76030.0,1996
76049.0,1997
76144.0,1998
76186.0,1998
76197.0,1998
76203.0,1999
76213.0,2000
76214.0,2001
76223.0,2001
76233.0,2001
76255.0,2002
76264.0,2003
76265.0,2004
76280.0,2005
76294.0,2006
76295.0,2007
76307.0,2008
76310.0,2009
76321.0,2010
76324.0,2010
76335.0,2010
76347.0,2010
76351.0,2010
76413.0,2010
76446.0,2010
76457.0,2011
76474.0,2012
76476.0,2013
76514.0,2014
76537.0,2015
76573.0,2016
76576.0,2017
76576.0,2017
76603.0,2017
76627.0,2017
76635.0,2017
76643.0,2017
76648.0,2017
76697.0,2017
76697.0,2017
76770.0,2017
76806.0,2017
76806.0,2017
76809.0,2017
76844.0,2017
76848.0,2017
76850.0,2017
76852.0,2017
76867.0,2018
76894.0,2019
76913.0,2020
76929.0,2021
76936.0,2022
76939.0,2023
76953.0,2024
76978.0,2025
76987.0,2026
76998.0,2027
77000.0,2028
77003.0,2029
77091.0,2029
77092.0,2029
77098.0,2030
77098.0,2030
77123.0,2030
77134.0,2031
77147.0,2032
77159.0,2033
77174.0,2034
77197.0,2035
77208.0,2035
77230.0,2035
77256.0,2036
77259.0,2037
77301.0,2037
77303.0,2037
77304.0,2038
77320.0,2039
77348.0,2040
77352.0,2041
77378.0,2042
77403.0,2043
77414.0,2044
77417.0,2045
77440.0,2046
77467.0,2047
77469.0,2048
77506.0,2049
77552.0,2050
77609.0,2051
77645.0,2051
77646.0,2051
77653.0,2052
77657.0,2053
77675.0,2054
77704.0,2054
77721.0,2055
77727.0,2055
77747.0,2055
77752.0,2056
77756.0,2057
77767.0,2058
77779.0,2059
77807.0,2060
77819.0,2061
77836.0,2062
77856.0,2063
77860.0,2063
77865.0,2063
77882.0,2063
77894.0,2063
77922.0,2064
77927.0,2065
77941.0,2065
78024.0,2065
78025.0,2066
78025.0,2066
78045.0,2066
78046.0,2067
78055.0,2068
78062.0,2069
78086.0,2070
78091.0,2071
78109.0,2072
78113.0,2073
78143.0,2074
78147.0,2074
78173.0,2074
78175.0,2074
78198.0,2074
78219.0,2075
78239.0,2076
78253.0,2077
78260.0,2078
78284.0,2079
78293.0,2080
78310.0,2081
78322.0,2082
78326.0,2082
78344.0,2082
78411.0,2083
78413.0,2084
78427.0,2085
78429.0,2085
78443.0,2085
78473.0,2086
78481.0,2087
78518.0,2088
78561.0,2089
78579.0,2090
78602.0,2091
78626.0,2092
78633.0,2093
78648.0,2094
78661.0,2094
78670.0,2094
78671.0,2095
78684.0,2096
78685.0,2096
78700.0,2096
78737.0,2096
78747.0,2096
78759.0,2097
78821.0,2098
78857.0,2099
78873.0,2099
78909.0,2099
78943.0,2099
78958.0,2099
79012.0,2099
79014.0,2099
79040.0,2099
79044.0,2099
79056.0,2100
79072.0,2101
79076.0,2102
79110.0,2103
79131.0,2104
79136.0,2105
79138.0,2106
79142.0,2107
79150.0,2108
79169.0,2109
79177.0,2110
79197.0,2110
79219.0,2110
79225.0,2111
79241.0,2111
79243.0,2111
79255.0,2111
79275.0,2111
79283.0,2111
79285.0,2111
79313.0,2111
79326.0,2111
79331.0,2111
79333.0,2111
79334.0,2112
79358.0,2112
79358.0,2112
79376.0,2112
79378.0,2112
79388.0,2112
79414.0,2112
79439.0,2113
79447.0,2114
79448.0,2115
79481.0,2116
79490.0,2117
79496.0,2117
79497.0,2117
79498.0,2118
79512.0,2119
79564.0,2120
79582.0,2121
79587.0,2122
79609.0,2123
79610.0,2124
79614.0,2125
79621.0,2126
79624.0,2127
79632.0,2128
79635.0,2129
79647.0,2130
79674.0,2130
79675.0,2130
79677.0,2131
79689.0,2132
79704.0,2133
79709.0,2134
79761.0,2134
79778.0,2134
79788.0,2135
79815.0,2136
79848.0,2137
79854.0,2137
79863.0,2137
79865.0,2138
79876.0,2139
79910.0,2140
79918.0,2140
79931.0,2140
79936.0,2141
79955.0,2141
79996.0,2141
80003.0,2142
80008.0,2142
80021.0,2142
80033.0,2143
80041.0,2143
80045.0,2143
80055.0,2143
80056.0,2143
80080.0,2144
80088.0,2145
80099.0,2146
80105.0,2147
80110.0,2148
80115.0,2149
80135.0,2150
80208.0,2151
80217.0,2152
80218.0,2153
80219.0,2154
80263.0,2155
80264.0,2155
80268.0,2155
80280.0,2155
80288.0,2155
80290.0,2155
80291.0,2155
80304.0,2156
80348.0,2157
80365.0,2158
80371.0,2158
80383.0,2158
80394.0,2158
80405.0,2158
80420.0,2159
80432.0,2160
80470.0,2161
80484.0,2162
80492.0,2163
80528.0,2163
80533.0,2163
80544.0,2164
80566.0,2164
80663.0,2164
80674.0,2165
80683.0,2165
80695.0,2165
80709.0,2165
80712.0,2165
80720.0,2165
80722.0,2165
80728.0,2166
80731.0,2167
80742.0,2168
80767.0,2169
80767.0,2169
80769.0,2169
80773.0,2170
80776.0,2170
80816.0,2170
80820.0,2171
80850.0,2172
80850.0,2172
80859.0,2172
80862.0,2173
80880.0,2174
80885.0,2175
80893.0,2175
80893.0,2175
80914.0,2175
80915.0,2175
80918.0,2175
80922.0,2175
80947.0,2176
80949.0,2176
80956.0,2176
80958.0,2177
80960.0,2178
80976.0,2179
81012.0,2180
81013.0,2181
81021.0,2182
81034.0,2183
81035.0,2184
81036.0,2185
81047.0,2186
81082.0,2186
81103.0,2186
81151.0,2187
81155.0,2188
81177.0,2189
81184.0,2189
81209.0,2189
81209.0,2189
81214.0,2189
81219.0,2190
81220.0,2191
81250.0,2191
81263.0,2191
81300.0,2192
81306.0,2193
81314.0,2194
81321.0,2195
81334.0,2196
81337.0,2197
81361.0,2198
81413.0,2199
81423.0,2200
81429.0,2201
81430.0,2202
81442.0,2203
81445.0,2204
81448.0,2204
81451.0,2204
81478.0,2204
81498.0,2204
81543.0,2205
81566.0,2206
81577.0,2206
81580.0,2206
81591.0,2206
81598.0,2206
81602.0,2206
81608.0,2206
81641.0,2207
81642.0,2208
81662.0,2208
81665.0,2208
81668.0,2209
81703.0,2210
81707.0,2210
81731.0,2211
81780.0,2211
81787.0,2211
81812.0,2212
81815.0,2213
81816.0,2214
81819.0,2215
81823.0,2216
81847.0,2217
81858.0,2218
81864.0,2219
81881.0,2220
81887.0,2221
81891.0,2222
81892.0,2223
81899.0,2224
81901.0,2224
81918.0,2224
81929.0,2225
81934.0,2226
81942.0,2226
81953.0,2226
81959.0,2226
81977.0,2226
81991.0,2227
81995.0,2228
81998.0,2229
82014.0,2230
82020.0,2230
82047.0,2230
82091.0,2231
82103.0,2232
82104.0,2233
82109.0,2233
82178.0,2233
82201.0,2233
82224.0,2233
82226.0,2233
82231.0,2233
82249.0,2233
82268.0,2233
82298.0,2233
82338.0,2233
82339.0,2233
82358.0,2233
82358.0,2233
82372.0,2233
82402.0,2234
82410.0,2235
82429.0,2236
82432.0,2236
82439.0,2236
82445.0,2237
82461.0,2238
82461.0,2238
82481.0,2238
82503.0,2239
82504.0,2240
82538.0,2241
82559.0,2241
82565.0,2241
82584.0,2242
82594.0,2243
82596.0,2244
82606.0,2245
82663.0,2245
82670.0,2245
82695.0,2246
82705.0,2247
82706.0,2248
82757.0,2249
82763.0,2250
82798.0,2251
82856.0,2252
82860.0,2253
82870.0,2254
82901.0,2255
82904.0,2256
82918.0,2257
82928.0,2258
82952.0,2259
82957.0,2260
82990.0,2261
82998.0,2262
83005.0,2263
83032.0,2264
83034.0,2265
83038.0,2266
83051.0,2267
83073.0,2267
83107.0,2267
83148.0,2267
83152.0,2267
83190.0,2267
83195.0,2267
83208.0,2267
83218.0,2267
83229.0,2267
83234.0,2267
83242.0,2268
83249.0,2269
83251.0,2270
83262.0,2271
83270.0,2272
83272.0,2272
83278.0,2272
83280.0,2273
83282.0,2274
83284.0,2274
83313.0,2274
83313.0,2274
83330.0,2274
83345.0,2275
83353.0,2276
83364.0,2277
83380.0,2277
83385.0,2277
83431.0,2278
83448.0,2279
83451.0,2280
83466.0,2281
83479.0,2282
83497.0,2283
83513.0,2284
83545.0,2285
83549.0,2286
83566.0,2287
83571.0,2287
83572.0,2287
83583.0,2287
83606.0,2287
83624.0,2288
83656.0,2289
83733.0,2290
83738.0,2291
83747.0,2291
83753.0,2291
83793.0,2291
83802.0,2291
83873.0,2291
83875.0,2291
83905.0,2291
83910.0,2292
83911.0,2293
83912.0,2294
83922.0,2295
83946.0,2296
83949.0,2297
83967.0,2298
83995.0,2299
83995.0,2299
84006.0,2299
84007.0,2300
84082.0,2301
84090.0,2302
84128.0,2303
84129.0,2304
84144.0,2305
84168.0,2306
84173.0,2307
84177.0,2308
84210.0,2308
84211.0,2308
84231.0,2308
84253.0,2308
84267.0,2308
84269.0,2308
84273.0,2308
84278.0,2308
84283.0,2309
84292.0,2310
84307.0,2311
84314.0,2312
84333.0,2313
84341.0,2314
84362.0,2315
84369.0,2315
84383.0,2315
84407.0,2316
84419.0,2317
84454.0,2318
84497.0,2319
84501.0,2319
84514.0,2319
84534.0,2320
84538.0,2321
84545.0,2321
84546.0,2321
84559.0,2321
84573.0,2321
84589.0,2322
84604.0,2322
84621.0,2322
84634.0,2323
84662.0,2324
84663.0,2325
84684.0,2326
84686.0,2327
84702.0,2328
84710.0,2329
84726.0,2330
84730.0,2331
84733.0,2332
84746.0,2333
84775.0,2334
84784.0,2335
84807.0,2335
84810.0,2335
84822.0,2336
84850.0,2337
84860.0,2338
84865.0,2339
84866.0,2339
84878.0,2339
84882.0,2340
84921.0,2341
84935.0,2342
84944.0,2343
84946.0,2344
84948.0,2345
84974.0,2346
84999.0,2347
85011.0,2348
85053.0,2349
85074.0,2349
85090.0,2349
85128.0,2349
85144.0,2349
85149.0,2350
85155.0,2351
85165.0,2352
85244.0,2353
85257.0,2354
85258.0,2355
85275.0,2356
85279.0,2357
85285.0,2358
85286.0,2359
85294.0,2360
85380.0,2361
85383.0,2362
85401.0,2363
85426.0,2364
85441.0,2364
85447.0,2364
85448.0,2365
85449.0,2366
85459.0,2366
85464.0,2366
85475.0,2367
85499.0,2368
85539.0,2369
85570.0,2370
85573.0,2371
85585.0,2372
85586.0,2373
85589.0,2373
85597.0,2373
85599.0,2373
85605.0,2373
85608.0,2373
85655.0,2373
85688.0,2374
85694.0,2375
85709.0,2376
85710.0,2377
85717.0,2378
85721.0,2379
85746.0,2380
85768.0,2381
85776.0,2382
85831.0,2382
85837.0,2382
85891.0,2383
85894.0,2384
85899.0,2384
85921.0,2384
85936.0,2384
85940.0,2384
85943.0,2385
85953.0,2386
85961.0,2386
85984.0,2386
85999.0,2386
86013.0,2386
86076.0,2386
86093.0,2386
86101.0,2386
86109.0,2386
86181.0,2387
86208.0,2388
86227.0,2389
86234.0,2390
86256.0,2391
86277.0,2392
86280.0,2392
86286.0,2392
86331.0,2393
86338.0,2393
86376.0,2393
86388.0,2394
86400.0,2395
86401.0,2396
86432.0,2397
86453.0,2398
86454.0,2399
86485.0,2400
86493.0,2401
86533.0,2402
86537.0,2402
86580.0,2402
86603.0,2403
86625.0,2404
86637.0,2405
86640.0,2405
86650.0,2405
86653.0,2406
86655.0,2407
86666.0,2408
86689.0,2409
86697.0,2410
86708.0,2410
86744.0,2410
86790.0,2411
86833.0,2412
86849.0,2413
86853.0,2414
86896.0,2414
86903.0,2414
86913.0,2415
86920.0,2416
86922.0,2417
86926.0,2418
86928.0,2419
86958.0,2420
86964.0,2421
86977.0,2422
87006.0,2423
87029.0,2424
87030.0,2425
87054.0,2426
87078.0,2426
87094.0,2426
87103.0,2427
87121.0,2428
87125.0,2428
87145.0,2428
87151.0,2428
87155.0,2428
87166.0,2429
87172.0,2430
87214.0,2431
87263.0,2432
87266.0,2433
87272.0,2434
87275.0,2434
87327.0,2434
87330.0,2434
87334.0,2434
87338.0,2435
87376.0,2436
87395.0,2437
87418.0,2438
87425.0,2438
87435.0,2438
87458.0,2438
87459.0,2438
87465.0,2438
87476.0,2438
87510.0,2439
87523.0,2440
87542.0,2441
87546.0,2442
87554.0,2442
87561.0,2442
87573.0,2443
87575.0,2444
87580.0,2445
87591.0,2446
87606.0,2447
87609.0,2447
87613.0,2447
87621.0,2447
87626.0,2447
87669.0,2448
87680.0,2449
87688.0,2450
87694.0,2450
87697.0,2450
87711.0,2450
87715.0,2450
87749.0,2451
87752.0,2452
87757.0,2453
87765.0,2454
87790.0,2455
87794.0,2456
87828.0,2457
87842.0,2458
87847.0,2458
87850.0,2458
87865.0,2458
87867.0,2458
87872.0,2459
87894.0,2460
87895.0,2461
87914.0,2462
87932.0,2463
87950.0,2464
87986.0,2465
87992.0,2466
88007.0,2467
88021.0,2468
88021.0,2468
88047.0,2468
88054.0,2469
88066.0,2470
88083.0,2471
88104.0,2471
88128.0,2471
88142.0,2472
88171.0,2473
88181.0,2474
88207.0,2475
88212.0,2476
88219.0,2477
88235.0,2478
88247.0,2478
88260.0,2478
88338.0,2479
88341.0,2479
88343.0,2479
88359.0,2480
88361.0,2480
88372.0,2480
88374.0,2481
88379.0,2482
88389.0,2482
88392.0,2482
88395.0,2483
88400.0,2484
88404.0,2485
88443.0,2486
88451.0,2487
88454.0,2488
88465.0,2488
88488.0,2488
88531.0,2489
88534.0,2489
88567.0,2489
88570.0,2490
88574.0,2491
88581.0,2492
88592.0,2493
88595.0,2494
88596.0,2495
88601.0,2495
88610.0,2495
88650.0,2496
88672.0,2497
88685.0,2498
88712.0,2499
88735.0,2500
88737.0,2501
88746.0,2502
88753.0,2502
88763.0,2502
88774.0,2502
88782.0,2502
88789.0,2502
88802.0,2502
88808.0,2503
88894.0,2504
88905.0,2504
88942.0,2504
88950.0,2505
88972.0,2505
88975.0,2505
88986.0,2506
88995.0,2507
89020.0,2508
89029.0,2509
89038.0,2510
89058.0,2511
89137.0,2511
89139.0,2511
89147.0,2512
89155.0,2513
89162.0,2514
89173.0,2515
89188.0,2516
89189.0,2517
89207.0,2518
89209.0,2519
89227.0,2520
89248.0,2520
89258.0,2520
89290.0,2520
89317.0,2520
89339.0,2521
89340.0,2522
89353.0,2523
89363.0,2524
89377.0,2524
89380.0,2524
89382.0,2525
89398.0,2526
89402.0,2526
89402.0,2526
89416.0,2526
89436.0,2526
89456.0,2526
89480.0,2526
89497.0,2527
89506.0,2528
89509.0,2529
89510.0,2530
89513.0,2531
89522.0,2532
89527.0,2533
89539.0,2534
89547.0,2535
89562.0,2536
89571.0,2536
89573.0,2536
89586.0,2536
89595.0,2536
89598.0,2536
89634.0,2536
89648.0,2537
89651.0,2538
89652.0,2538
89670.0,2538
89728.0,2539
89759.0,2540
89777.0,2540
89798.0,2540
89803.0,2540
89806.0,2540
89826.0,2540
89846.0,2540
89932.0,2541
89963.0,2542
89968.0,2543
89982.0,2544
90018.0,2545
90035.0,2546
90036.0,2547
90070.0,2548
90072.0,2548
90091.0,2548
90095.0,2549
90174.0,2550
90180.0,2551
90191.0,2552
90203.0,2552
90224.0,2552
90225.0,2553
90237.0,2553
90261.0,2553
90263.0,2553
90269.0,2553
90277.0,2553
90287.0,2553
90340.0,2553
90346.0,2553
90380.0,2553
90381.0,2553
90434.0,2553
90442.0,2553
90452.0,2553
90460.0,2553
90487.0,2553
90504.0,2553
90512.0,2554
90551.0,2555
90590.0,2556
90600.0,2557
90605.0,2557
90606.0,2557
90628.0,2558
90650.0,2559
90655.0,2559
90657.0,2559
90676.0,2560
90678.0,2561
90695.0,2562
90721.0,2563
90730.0,2564
90751.0,2565
90768.0,2566
90792.0,2567
90807.0,2568
90850.0,2568
90868.0,2568
90873.0,2569
90886.0,2570
90901.0,2571
90908.0,2572
90978.0,2572
91032.0,2572
91047.0,2573
91059.0,2574
91068.0,2575
91086.0,2576
91104.0,2577
91114.0,2578
91116.0,2579
91117.0,2580
91118.0,2580
91152.0,2580
91174.0,2581
91214.0,2582
91216.0,2582
91224.0,2582
91234.0,2583
91237.0,2584
91249.0,2585
91274.0,2586
91277.0,2587
91310.0,2587
91336.0,2587
91336.0,2587
91374.0,2587
91379.0,2588
91387.0,2589
91393.0,2590
91394.0,2591
91408.0,2592
91411.0,2592
91426.0,2592
91442.0,2593
91449.0,2594
91450.0,2594
91465.0,2594
91496.0,2594
91502.0,2594
91511.0,2594
91517.0,2594
91522.0,2594
91561.0,2594
91571.0,2595
91584.0,2596
91599.0,2597
91602.0,2598
91629.0,2599
91630.0,2599
91645.0,2599
91667.0,2600
91673.0,2600
91702.0,2600
91707.0,2601
91716.0,2602
91720.0,2602
91749.0,2602
91752.0,2603
91831.0,2604
91850.0,2605
91852.0,2606
91877.0,2607
91919.0,2608
91921.0,2609
91931.0,2610
91963.0,2611
91989.0,2612
91996.0,2613
92011.0,2614
92030.0,2614
92056.0,2614
92072.0,2615
92085.0,2616
92096.0,2617
92098.0,2617
92107.0,2617
92184.0,2617
92189.0,2617
92224.0,2617
92225.0,2617
92237.0,2617
92283.0,2617
92309.0,2618
92349.0,2618
92368.0,2618
92429.0,2619
92457.0,2620
92464.0,2621
92481.0,2622
92489.0,2623
92500.0,2624
92509.0,2624
92514.0,2624
92529.0,2625
92538.0,2626
92540.0,2626
92551.0,2626
92562.0,2627
92567.0,2627
92578.0,2627
92581.0,2627
92595.0,2627
92598.0,2628
92617.0,2629
92628.0,2630
92649.0,2631
92659.0,2632
92694.0,2633
92698.0,2634
92705.0,2635
92710.0,2636
92719.0,2636
92744.0,2636
92746.0,2636
92751.0,2636
92783.0,2637
92784.0,2638
92795.0,2639
92818.0,2640
92844.0,2641
92845.0,2642
92874.0,2643
92879.0,2643
92880.0,2643
92914.0,2644
92916.0,2645
92981.0,2646
92990.0,2647
92998.0,2647
93010.0,2647
93023.0,2648
93025.0,2649
93049.0,2650
93067.0,2651
93124.0,2652
93135.0,2653
93143.0,2654
93192.0,2655
93195.0,2656
93213.0,2657
93220.0,2658
93273.0,2659
93290.0,2660
93318.0,2660
93345.0,2660
93348.0,2661
93361.0,2662
93371.0,2663
93374.0,2664
93398.0,2665
93422.0,2666
93447.0,2667
93497.0,2668
93509.0,2669
93511.0,2670
93517.0,2670
93538.0,2670
93546.0,2671
93553.0,2672
93554.0,2672
93558.0,2672
93561.0,2673
93576.0,2674
93597.0,2675
93598.0,2676
93605.0,2677
93612.0,2678
93627.0,2679
93637.0,2680
93646.0,2681
93662.0,2682
93664.0,2683
93722.0,2684
93724.0,2685
93751.0,2686
93776.0,2687
93786.0,2687
93792.0,2687
93808.0,2688
93825.0,2689
93872.0,2690
93892.0,2691
93905.0,2691
93908.0,2691
93922.0,2692
93937.0,2693
93940.0,2694
93967.0,2695
93976.0,2696
93985.0,2697
93995.0,2698
93998.0,2699
94008.0,2700
94010.0,2701
94034.0,2701
94078.0,2701
94090.0,2702
94138.0,2703
94148.0,2703
94153.0,2703
94187.0,2704
94217.0,2705
94243.0,2706
94248.0,2707
94272.0,2708
94282.0,2708
94323.0,2708
94336.0,2708
94352.0,2708
94381.0,2709
94404.0,2710
94502.0,2710
94511.0,2710
94551.0,2710
94590.0,2710
94597.0,2711
94599.0,2711
94604.0,2711
94628.0,2712
94636.0,2712
94640.0,2712
94664.0,2713
94685.0,2714
94700.0,2714
94705.0,2714
94720.0,2715
94732.0,2716
94753.0,2716
94771.0,2716
94776.0,2717
94781.0,2718
94818.0,2718
94824.0,2718
94835.0,2719
94843.0,2720
94851.0,2721
94861.0,2722
94903.0,2723
94907.0,2724
94908.0,2724
94910.0,2724
94924.0,2724
94926.0,2724
95015.0,2724
95058.0,2724
95058.0,2724
95084.0,2724
95085.0,2724
95098.0,2724
95099.0,2725
95106.0,2726
95114.0,2727
95121.0,2728
95125.0,2728
95141.0,2728
95156.0,2729
95179.0,2730
95182.0,2731
95184.0,2732
95191.0,2733
95206.0,2734
95222.0,2735
95233.0,2736
95264.0,2737
95302.0,2738
95338.0,2739
95343.0,2740
95350.0,2741
95358.0,2742
95364.0,2743
95390.0,2744
95393.0,2745
95403.0,2746
95404.0,2747
95430.0,2748
95438.0,2749
95443.0,2750
95458.0,2750
95463.0,2750
95469.0,2751
95511.0,2752
95520.0,2753
95521.0,2754
95535.0,2755
95582.0,2756
95597.0,2756
95611.0,2756
95642.0,2756
95645.0,2756
95654.0,2756
95678.0,2756
95683.0,2757
95700.0,2758
95717.0,2758
95737.0,2758
95740.0,2758
95760.0,2758
95763.0,2758
95770.0,2758
95803.0,2759
95823.0,2760
95828.0,2761
95838.0,2762
95839.0,2763
95843.0,2764
95856.0,2765
95868.0,2766
95873.0,2767
95900.0,2768
95924.0,2769
95953.0,2769
95966.0,2769
95985.0,2770
95989.0,2771
96001.0,2772
96005.0,2772
96029.0,2772
96034.0,2773
96060.0,2774
96071.0,2775
96090.0,2776
96108.0,2777
96113.0,2777
96126.0,2777
96128.0,2778
96188.0,2779
96203.0,2780
96243.0,2780
96259.0,2780
96281.0,2780
96293.0,2780
96321.0,2781
96323.0,2781
96341.0,2781
96350.0,2782
96363.0,2783
96366.0,2784
96367.0,2785
96429.0,2786
96488.0,2787
96509.0,2788
96545.0,2789
96560.0,2790
96578.0,2791
96580.0,2792
96596.0,2793
96605.0,2794
96650.0,2795
96685.0,2796
96688.0,2797
96690.0,2798
96699.0,2799
96727.0,2800
96732.0,2801
96742.0,2802
96748.0,2802
96751.0,2802
96784.0,2803
96795.0,2804
96823.0,2805
96827.0,2805
96830.0,2805
96841.0,2806
96851.0,2807
96852.0,2808
96860.0,2808
96871.0,2808
96891.0,2809
96901.0,2809
96902.0,2809
96932.0,2810
96946.0,2811
96953.0,2812
96973.0,2812
96979.0,2812
96982.0,2813
97002.0,2814
97022.0,2814
97070.0,2814
97078.0,2814
97083.0,2814
97085.0,2815
97113.0,2816
97122.0,2817
97123.0,2818
97164.0,2818
97174.0,2818
97198.0,2819
97220.0,2820
97225.0,2821
97226.0,2822
97227.0,2823
97241.0,2824
97244.0,2825
97249.0,2826
97261.0,2826
97267.0,2826
97283.0,2826
97283.0,2826
97288.0,2826
97292.0,2826
97298.0,2827
97315.0,2828
97320.0,2829
97354.0,2830
97360.0,2831
97361.0,2832
97371.0,2833
97389.0,2833
97394.0,2833
97425.0,2834
97449.0,2835
97453.0,2836
97459.0,2837
97471.0,2837
97473.0,2837
97479.0,2838
97481.0,2838
97482.0,2838
97517.0,2839
97529.0,2840
97537.0,2841
97550.0,2842
97574.0,2842
97586.0,2842
97595.0,2843
97624.0,2843
97641.0,2843
97669.0,2844
97679.0,2845
97703.0,2845
97708.0,2845
97741.0,2846
97745.0,2847
97757.0,2848
97774.0,2849
97814.0,2850
97817.0,2851
97820.0,2851
97834.0,2851
97839.0,2852
97841.0,2852
97867.0,2852
97880.0,2853
97907.0,2854
97975.0,2855
97980.0,2856
97982.0,2857
97983.0,2857
98011.0,2857
98024.0,2858
98030.0,2858
98042.0,2858
98061.0,2858
98062.0,2858
98083.0,2859
98084.0,2860
98089.0,2861
98108.0,2861
98124.0,2861
98132.0,2861
98135.0,2861
98140.0,2861
98143.0,2861
98194.0,2861
98197.0,2861
98213.0,2862
98227.0,2862
98234.0,2862
98310.0,2863
98330.0,2863
98345.0,2863
98348.0,2863
98352.0,2863
98382.0,2864
98411.0,2864
98416.0,2864
98445.0,2865
98449.0,2866
98458.0,2867
98469.0,2868
98482.0,2869
98502.0,2870
98519.0,2870
98541.0,2870
98582.0,2870
98589.0,2870
98609.0,2870
98619.0,2870
98637.0,2870
98647.0,2870
98667.0,2870
98675.0,2870
98705.0,2870
98710.0,2870
98711.0,2870
98726.0,2870
98733.0,2871
98751.0,2872
98767.0,2873
98772.0,2873
98826.0,2873
98828.0,2874
98831.0,2874
98854.0,2874
98886.0,2875
98896.0,2876
98906.0,2876
98922.0,2876
98958.0,2877
98980.0,2878
98989.0,2878
99013.0,2878
99026.0,2879
99035.0,2880
99063.0,2881
99068.0,2882
99100.0,2883
99116.0,2884
99138.0,2885
99184.0,2886
99261.0,2887
99289.0,2887
99293.0,2887
99294.0,2887
99300.0,2887
99334.0,2888
99430.0,2889
99455.0,2890
99466.0,2891
99476.0,2892
99491.0,2893
99495.0,2894
99523.0,2894
99564.0,2894
99582.0,2894
99596.0,2894
99613.0,2895
99617.0,2896
99632.0,2897
99642.0,2898
99644.0,2898
99664.0,2898
99665.0,2898
99666.0,2898
99671.0,2898
99675.0,2898
99690.0,2899
99695.0,2900
99697.0,2901
99707.0,2902
99724.0,2903
99741.0,2904
99797.0,2905
99820.0,2906
99827.0,2907
99848.0,2907
99853.0,2907
99861.0,2907
99863.0,2907
99889.0,2908
99892.0,2909
99915.0,2910
99916.0,2911
99926.0,2912
99943.0,2913
99953.0,2914
99954.0,2915
99955.0,2916
100022.0,2917
