Time,UPFs
0.0,0
61.0,1
80.0,1
84.0,1
125.0,1
150.0,2
221.0,2
226.0,2
231.0,2
246.0,2
253.0,2
257.0,2
267.0,2
298.0,3
313.0,3
314.0,3
318.0,3
378.0,3
412.0,3
415.0,3
427.0,3
441.0,4
490.0,4
512.0,4
527.0,4
532.0,4
562.0,4
608.0,4
659.0,4
664.0,5
672.0,5
679.0,5
688.0,5
704.0,5
737.0,5
824.0,5
829.0,5
863.0,6
890.0,6
892.0,6
895.0,6
915.0,6
917.0,6
925.0,6
946.0,6
959.0,7
984.0,7
1001.0,7
1015.0,7
1027.0,7
1030.0,7
1051.0,7
1066.0,7
1072.0,8
1101.0,8
1103.0,8
1107.0,8
1141.0,8
1161.0,8
1183.0,8
1188.0,8
1204.0,8
1250.0,8
1253.0,9
1265.0,9
1305.0,9
1320.0,9
1326.0,9
1335.0,9
1343.0,9
1368.0,9
1396.0,10
1440.0,10
1446.0,10
1454.0,10
1455.0,10
1469.0,10
1476.0,10
1482.0,10
1496.0,10
1502.0,10
1531.0,11
1558.0,11
1579.0,11
1595.0,11
1632.0,11
1637.0,11
1655.0,11
1656.0,11
1662.0,12
1666.0,12
1676.0,12
1679.0,12
1682.0,12
1723.0,12
1724.0,12
1746.0,12
1763.0,12
1769.0,12
1815.0,13
1836.0,13
1845.0,13
1891.0,13
1922.0,13
1924.0,13
1970.0,13
1971.0,13
1993.0,14
1997.0,14
2021.0,14
2027.0,14
2033.0,14
2061.0,14
2099.0,14
2116.0,14
2126.0,15
2132.0,15
2142.0,15
2162.0,15
2176.0,15
2190.0,15
2216.0,15
2217.0,15
2221.0,16
2283.0,16
2293.0,16
2297.0,16
2346.0,16
2415.0,16
2454.0,16
2464.0,16
2472.0,16
2489.0,16
2513.0,17
2516.0,17
2537.0,17
2569.0,17
2609.0,17
2624.0,17
2652.0,17
2677.0,17
2684.0,17
2718.0,17
2767.0,17
2781.0,17
2802.0,18
2834.0,18
2843.0,18
2845.0,18
2846.0,18
2862.0,18
2880.0,18
2881.0,18
2890.0,19
2905.0,19
2910.0,19
2912.0,19
2928.0,19
2943.0,19
2949.0,19
3024.0,19
3032.0,19
3039.0,19
3041.0,20
3107.0,20
3131.0,20
3135.0,20
3141.0,20
3167.0,20
3174.0,20
3201.0,20
3220.0,21
3226.0,21
3226.0,21
3255.0,21
3258.0,21
3259.0,21
3284.0,21
3287.0,21
3300.0,21
3312.0,21
3332.0,22
3333.0,22
3353.0,22
3392.0,22
3396.0,22
3417.0,22
3435.0,22
3436.0,22
3453.0,22
3474.0,22
3490.0,23
3500.0,23
3548.0,23
3550.0,23
3551.0,23
3574.0,23
3582.0,23
3583.0,23
3590.0,24
3614.0,24
3656.0,24
3668.0,24
3689.0,24
3693.0,24
3726.0,24
3737.0,24
3767.0,24
3821.0,24
3833.0,25
3862.0,25
3909.0,25
3945.0,25
3991.0,25
3992.0,25
3994.0,25
4054.0,25
4072.0,26
4084.0,26
4092.0,26
4120.0,26
4124.0,26
4130.0,26
4152.0,26
4166.0,26
4182.0,26
4226.0,26
4229.0,26
4258.0,26
4261.0,27
4286.0,27
4321.0,27
4323.0,27
4346.0,27
4410.0,27
4420.0,27
4479.0,27
4507.0,27
4509.0,27
4526.0,28
4574.0,28
4579.0,28
4588.0,28
4601.0,28
4604.0,28
4625.0,28
4634.0,28
4643.0,28
4653.0,28
4694.0,28
4735.0,28
4761.0,28
4832.0,28
4877.0,29
4977.0,29
4994.0,29
5009.0,29
5026.0,29
5033.0,29
5053.0,29
5100.0,29
5107.0,29
5152.0,29
5172.0,30
5177.0,30
5186.0,30
5188.0,30
5272.0,30
5274.0,30
5290.0,30
5324.0,30
5328.0,30
5363.0,30
5377.0,31
5389.0,31
5400.0,31
5441.0,31
5442.0,31
5476.0,31
5480.0,31
5490.0,31
5494.0,31
5527.0,31
5540.0,31
5547.0,31
5588.0,32
5752.0,32
5769.0,32
5827.0,32
5833.0,32
5836.0,32
5855.0,32
5878.0,32
5887.0,33
5910.0,33
5940.0,33
5979.0,33
5996.0,33
6007.0,33
6008.0,33
6028.0,33
6033.0,34
6034.0,34
6052.0,34
6064.0,34
6073.0,34
6079.0,34
6090.0,34
6104.0,34
6124.0,34
6184.0,34
6208.0,34
6237.0,34
6243.0,34
6322.0,34
6330.0,35
6336.0,35
6339.0,35
6343.0,35
6364.0,35
6373.0,35
6386.0,35
6390.0,35
6391.0,36
6398.0,36
6400.0,36
6413.0,36
6423.0,36
6447.0,36
6480.0,36
6482.0,36
6533.0,37
6540.0,37
6568.0,37
6573.0,37
6587.0,37
6597.0,37
6625.0,37
6631.0,37
6677.0,38
6693.0,38
6705.0,38
6711.0,38
6721.0,38
6729.0,38
6737.0,38
6782.0,38
6805.0,39
6819.0,39
6835.0,39
6863.0,39
6866.0,39
6876.0,39
6893.0,39
6980.0,39
6986.0,40
6990.0,40
6994.0,40
7001.0,40
7047.0,40
7062.0,40
7143.0,40
7154.0,40
7195.0,41
7201.0,41
7224.0,41
7241.0,41
7248.0,41
7253.0,41
7262.0,41
7265.0,41
7271.0,41
7290.0,41
7308.0,42
7322.0,42
7324.0,42
7327.0,42
7420.0,42
7454.0,42
7474.0,42
7477.0,42
7496.0,42
7507.0,42
7561.0,43
7621.0,43
7629.0,43
7656.0,43
7660.0,43
7688.0,43
7716.0,43
7725.0,43
7757.0,43
7761.0,43
7779.0,43
7795.0,43
7810.0,43
7852.0,43
7886.0,44
7886.0,44
7896.0,44
7904.0,44
7918.0,44
7936.0,44
7964.0,44
7980.0,44
7997.0,44
8000.0,44
8006.0,44
8057.0,44
8066.0,44
8072.0,44
8098.0,44
8114.0,44
8146.0,44
8154.0,44
8182.0,45
8199.0,45
8212.0,45
8221.0,45
8241.0,45
8276.0,45
8314.0,45
8325.0,45
8329.0,45
8355.0,45
8376.0,45
8379.0,45
8392.0,45
8401.0,45
8449.0,46
8460.0,46
8519.0,46
8537.0,46
8556.0,46
8587.0,46
8598.0,46
8615.0,46
8667.0,46
8671.0,46
8690.0,47
8717.0,47
8769.0,47
8772.0,47
8809.0,47
8810.0,47
8849.0,47
8860.0,47
8863.0,47
8875.0,47
8886.0,47
8895.0,47
8896.0,47
8907.0,47
8958.0,48
8967.0,48
8972.0,48
8980.0,48
8993.0,48
8997.0,48
9008.0,48
9018.0,48
9022.0,48
9039.0,48
9061.0,48
9126.0,48
9137.0,49
9253.0,49
9272.0,49
9300.0,49
9346.0,49
9351.0,49
9364.0,49
9366.0,49
9379.0,50
9391.0,50
9408.0,50
9413.0,50
9472.0,50
9479.0,50
9490.0,50
9492.0,50
9494.0,50
9516.0,50
9522.0,51
9522.0,51
9545.0,51
9548.0,51
9552.0,51
9558.0,51
9564.0,51
9568.0,51
9603.0,51
9614.0,51
9619.0,51
9632.0,51
9651.0,51
9665.0,51
9667.0,51
9668.0,51
9686.0,52
9731.0,52
9740.0,52
9750.0,52
9757.0,52
9768.0,52
9780.0,52
9800.0,52
9829.0,52
9840.0,52
9844.0,52
9858.0,52
9879.0,53
9891.0,53
9892.0,53
9908.0,53
9911.0,53
9914.0,53
9951.0,53
9966.0,53
9973.0,53
10023.0,53
10041.0,53
10058.0,53
10094.0,54
10095.0,54
10142.0,54
10161.0,54
10183.0,54
10225.0,54
10233.0,54
10238.0,54
10243.0,54
10244.0,54
10271.0,54
10290.0,54
10300.0,55
10307.0,55
10309.0,55
10317.0,55
10330.0,55
10380.0,55
10386.0,55
10391.0,55
10398.0,55
10400.0,55
10419.0,55
10449.0,55
10449.0,55
10451.0,55
10465.0,56
10477.0,56
10512.0,56
10536.0,56
10554.0,56
10556.0,56
10559.0,56
10571.0,56
10587.0,57
10614.0,57
10636.0,57
10674.0,57
10688.0,57
10738.0,57
10776.0,57
10777.0,57
10829.0,57
10846.0,57
10847.0,58
10855.0,58
10856.0,58
10926.0,58
10939.0,58
10977.0,58
11013.0,58
11028.0,58
11030.0,58
11032.0,58
11035.0,58
11059.0,58
11061.0,58
11085.0,58
11085.0,58
11093.0,58
11120.0,58
11125.0,58
11145.0,58
11161.0,58
11165.0,58
11166.0,58
11167.0,59
11183.0,59
11216.0,59
11225.0,59
11236.0,59
11248.0,59
11256.0,59
11339.0,59
11350.0,59
11377.0,59
11380.0,60
11387.0,60
11393.0,60
11394.0,60
11406.0,60
11429.0,60
11489.0,60
11491.0,60
11534.0,61
11547.0,61
11551.0,61
11557.0,61
11578.0,61
11581.0,61
11593.0,61
11597.0,61
11602.0,61
11611.0,61
11633.0,62
11647.0,62
11681.0,62
11734.0,62
11738.0,62
11767.0,62
11771.0,62
11777.0,62
11781.0,62
11793.0,62
11811.0,62
11853.0,62
11856.0,62
11919.0,63
11953.0,63
11970.0,63
11981.0,63
11988.0,63
12002.0,63
12007.0,63
12009.0,63
12023.0,64
12041.0,64
12050.0,64
12056.0,64
12067.0,64
12091.0,64
12110.0,64
12132.0,64
12173.0,64
12210.0,64
12233.0,64
12243.0,64
12259.0,64
12261.0,64
12265.0,64
12288.0,64
12304.0,64
12305.0,64
12308.0,64
12336.0,64
12371.0,65
12386.0,65
12393.0,65
12473.0,65
12480.0,65
12481.0,65
12496.0,65
12499.0,65
12515.0,65
12524.0,65
12578.0,66
12634.0,66
12636.0,66
12661.0,66
12679.0,66
12699.0,66
12741.0,66
12770.0,66
12811.0,66
12814.0,66
12815.0,67
12823.0,67
12853.0,67
12865.0,67
12983.0,67
12996.0,67
13028.0,67
13033.0,67
13056.0,68
13063.0,68
13067.0,68
13105.0,68
13125.0,68
13146.0,68
13153.0,68
13164.0,68
13170.0,68
13171.0,68
13181.0,69
13194.0,69
13199.0,69
13229.0,69
13267.0,69
13272.0,69
13287.0,69
13288.0,69
13308.0,69
13322.0,69
13322.0,69
13325.0,69
13337.0,70
13351.0,70
13369.0,70
13401.0,70
13414.0,70
13414.0,70
13416.0,70
13430.0,70
13430.0,70
13437.0,70
13469.0,70
13477.0,70
13478.0,70
13481.0,70
13482.0,71
13568.0,71
13582.0,71
13593.0,71
13607.0,71
13608.0,71
13623.0,71
13632.0,71
13634.0,71
13636.0,71
13637.0,71
13661.0,71
13666.0,71
13669.0,71
13694.0,72
13750.0,72
13766.0,72
13807.0,72
13840.0,72
13874.0,72
13920.0,72
13954.0,72
13969.0,73
13975.0,73
14002.0,73
14004.0,73
14008.0,73
14013.0,73
14022.0,73
14054.0,73
14068.0,73
14094.0,73
14098.0,74
14114.0,74
14155.0,74
14207.0,74
14229.0,74
14252.0,74
14253.0,74
14259.0,74
14266.0,74
14292.0,74
14304.0,74
14314.0,74
14315.0,74
14333.0,74
14359.0,75
14376.0,75
14401.0,75
14412.0,75
14430.0,75
14435.0,75
14455.0,75
14458.0,75
14480.0,75
14506.0,75
14512.0,75
14516.0,75
14530.0,76
14544.0,76
14571.0,76
14576.0,76
14586.0,76
14604.0,76
14614.0,76
14620.0,76
14624.0,76
14628.0,76
14631.0,76
14644.0,76
14646.0,76
14661.0,76
14689.0,77
14697.0,77
14703.0,77
14728.0,77
14732.0,77
14759.0,77
14772.0,77
14805.0,77
14813.0,77
14846.0,77
14849.0,77
14851.0,77
14907.0,78
14910.0,78
14965.0,78
14980.0,78
14984.0,78
15052.0,78
15113.0,78
15133.0,78
15154.0,78
15169.0,78
15179.0,79
15191.0,79
15192.0,79
15197.0,79
15217.0,79
15240.0,79
15242.0,79
15254.0,79
15258.0,79
15293.0,79
15295.0,79
15297.0,79
15318.0,79
15338.0,79
15349.0,79
15355.0,79
15409.0,79
15432.0,79
15444.0,80
15447.0,80
15454.0,80
15476.0,80
15498.0,80
15499.0,80
15503.0,80
15510.0,80
15541.0,80
15568.0,80
15577.0,80
15579.0,80
15602.0,80
15616.0,80
15631.0,80
15643.0,80
15646.0,80
15647.0,81
15654.0,81
15657.0,81
15681.0,81
15693.0,81
15703.0,81
15705.0,81
15710.0,81
15728.0,81
15741.0,81
15781.0,81
15795.0,81
15804.0,82
15815.0,82
15830.0,82
15830.0,82
15831.0,82
15860.0,82
15886.0,82
15887.0,82
15888.0,82
15934.0,82
15987.0,82
16042.0,82
16045.0,83
16051.0,83
16059.0,83
16075.0,83
16094.0,83
16101.0,83
16104.0,83
16127.0,83
16142.0,84
16145.0,84
16151.0,84
16165.0,84
16181.0,84
16202.0,84
16221.0,84
16265.0,84
16270.0,85
16281.0,85
16328.0,85
16334.0,85
16341.0,85
16353.0,85
16356.0,85
16369.0,85
16373.0,86
16413.0,86
16416.0,86
16437.0,86
16453.0,86
16463.0,86
16477.0,86
16480.0,86
16481.0,87
16491.0,87
16517.0,87
16596.0,87
16612.0,87
16615.0,87
16633.0,87
16635.0,87
16659.0,87
16680.0,87
16688.0,87
16697.0,87
16712.0,87
16741.0,87
16744.0,87
16745.0,87
16761.0,87
16782.0,87
16783.0,87
16791.0,87
16814.0,88
16836.0,88
16837.0,88
16863.0,88
16865.0,88
16929.0,88
16946.0,88
16953.0,88
16969.0,88
16970.0,88
16981.0,88
16990.0,88
17022.0,88
17028.0,88
17032.0,89
17047.0,89
17064.0,89
17085.0,89
17122.0,89
17142.0,89
17171.0,89
17199.0,89
17203.0,89
17206.0,89
17231.0,89
17239.0,89
17248.0,89
17304.0,89
17311.0,89
17312.0,89
17324.0,89
17325.0,90
17339.0,90
17348.0,90
17351.0,90
17353.0,90
17392.0,90
17420.0,90
17446.0,90
17472.0,90
17481.0,90
17523.0,90
17524.0,90
17525.0,90
17557.0,90
17557.0,90
17565.0,90
17576.0,90
17600.0,90
17675.0,90
17710.0,90
17750.0,90
17764.0,90
17779.0,90
17793.0,90
17807.0,90
17811.0,91
17813.0,91
17816.0,91
17832.0,91
17844.0,91
17849.0,91
17859.0,91
17862.0,91
17867.0,91
17889.0,91
17891.0,92
17904.0,92
17996.0,92
18010.0,92
18034.0,92
18040.0,92
18043.0,92
18046.0,92
18048.0,92
18064.0,92
18085.0,92
18163.0,92
18182.0,92
18183.0,92
18203.0,92
18215.0,92
18259.0,93
18264.0,93
18275.0,93
18302.0,93
18303.0,93
18317.0,93
18324.0,93
18327.0,93
18332.0,94
18338.0,94
18371.0,94
18385.0,94
18385.0,94
18401.0,94
18403.0,94
18422.0,94
18423.0,94
18439.0,94
18453.0,94
18461.0,94
18474.0,94
18485.0,94
18488.0,94
18507.0,94
18516.0,94
18579.0,94
18587.0,94
18599.0,94
18636.0,95
18683.0,95
18704.0,95
18740.0,95
18750.0,95
18764.0,95
18770.0,95
18783.0,95
18785.0,95
18812.0,95
18835.0,95
18837.0,95
18839.0,95
18839.0,95
18840.0,95
18867.0,96
18875.0,96
18875.0,96
18901.0,96
18905.0,96
18910.0,96
18910.0,96
18913.0,96
18942.0,96
18943.0,96
19012.0,96
19042.0,96
19052.0,96
19055.0,96
19055.0,96
19063.0,96
19085.0,96
19101.0,96
19102.0,97
19131.0,97
19171.0,97
19178.0,97
19178.0,97
19197.0,97
19225.0,97
19247.0,97
19256.0,97
19262.0,97
19274.0,97
19293.0,97
19299.0,97
19304.0,98
19325.0,98
19359.0,98
19359.0,98
19379.0,98
19397.0,98
19403.0,98
19416.0,98
19437.0,98
19443.0,98
19465.0,98
19478.0,98
19481.0,98
19510.0,98
19537.0,98
19541.0,98
19567.0,98
19572.0,98
19588.0,99
19609.0,99
19625.0,99
19640.0,99
19657.0,99
19699.0,99
19710.0,99
19728.0,99
19741.0,99
19747.0,99
19844.0,99
19849.0,99
19855.0,99
19860.0,99
19887.0,100
19892.0,100
19923.0,100
19924.0,100
19925.0,100
19930.0,100
19940.0,100
19944.0,100
19986.0,101
19996.0,101
20022.0,101
20040.0,101
20051.0,101
20052.0,101
20061.0,101
20063.0,101
20077.0,102
20079.0,102
20096.0,102
20115.0,102
20148.0,102
20183.0,102
20185.0,102
20194.0,102
20219.0,103
20234.0,103
20238.0,103
20250.0,103
20251.0,103
20255.0,103
20282.0,103
20303.0,103
20337.0,103
20348.0,103
20379.0,103
20390.0,103
20400.0,104
20402.0,104
20418.0,104
20427.0,104
20428.0,104
20437.0,104
20464.0,104
20479.0,104
20536.0,104
20548.0,104
20579.0,104
20585.0,104
20618.0,104
20632.0,104
20634.0,105
20648.0,105
20675.0,105
20679.0,105
20682.0,105
20704.0,105
20706.0,105
20713.0,105
20719.0,105
20725.0,105
20754.0,105
20784.0,105
20794.0,105
20798.0,105
20800.0,105
20802.0,105
20803.0,105
20814.0,105
20861.0,105
20883.0,105
20900.0,105
20902.0,105
20905.0,105
20909.0,105
20947.0,105
20954.0,105
20983.0,105
20989.0,105
21006.0,105
21011.0,105
21028.0,105
21100.0,105
21109.0,105
21113.0,105
21119.0,105
21134.0,105
21136.0,105
21139.0,105
21165.0,105
21190.0,105
21192.0,105
21206.0,105
21241.0,105
21245.0,105
21265.0,105
21288.0,105
21299.0,105
21315.0,105
21330.0,105
21343.0,105
21374.0,105
21380.0,105
21384.0,105
21389.0,105
21401.0,105
21404.0,105
21447.0,105
21488.0,105
21493.0,105
21501.0,105
21529.0,105
21531.0,105
21533.0,105
21574.0,105
21581.0,105
21591.0,105
21595.0,105
21617.0,105
21627.0,105
21657.0,105
21668.0,105
21694.0,105
21709.0,105
21712.0,105
21730.0,105
21741.0,105
21762.0,105
21773.0,105
21789.0,105
21813.0,105
21821.0,105
21869.0,105
21895.0,105
21952.0,105
21952.0,105
21953.0,105
21957.0,105
21998.0,105
22002.0,105
22006.0,105
22026.0,105
22069.0,105
22084.0,105
22095.0,105
22118.0,105
22122.0,105
22134.0,105
22135.0,105
22150.0,105
22166.0,105
22180.0,105
22195.0,105
22222.0,105
22226.0,105
22262.0,105
22278.0,105
22286.0,105
22321.0,105
22330.0,105
22366.0,105
22370.0,105
22405.0,105
22411.0,105
22420.0,105
22448.0,105
22468.0,105
22505.0,105
22583.0,105
22586.0,105
22594.0,105
22596.0,105
22602.0,105
22618.0,105
22635.0,105
22672.0,105
22693.0,105
22708.0,105
22713.0,105
22721.0,105
22732.0,105
22741.0,105
22755.0,105
22774.0,105
22777.0,105
22807.0,105
22829.0,105
22831.0,105
22831.0,105
22846.0,105
22877.0,105
22881.0,105
22894.0,105
22901.0,105
22906.0,105
22946.0,105
22956.0,105
22959.0,105
22960.0,105
23011.0,105
23051.0,105
23058.0,105
23080.0,105
23094.0,105
23100.0,105
23133.0,105
23181.0,105
23199.0,105
23207.0,105
23214.0,105
23217.0,105
23222.0,105
23233.0,105
23239.0,105
23252.0,105
23266.0,105
23271.0,105
23279.0,105
23280.0,105
23319.0,105
23337.0,105
23339.0,105
23342.0,105
23348.0,105
23349.0,105
23408.0,105
23457.0,105
23472.0,105
23508.0,105
23511.0,105
23530.0,105
23560.0,105
23596.0,105
23613.0,105
23623.0,105
23625.0,105
23637.0,105
23650.0,105
23656.0,105
23668.0,105
23688.0,105
23696.0,105
23713.0,105
23728.0,105
23738.0,105
23741.0,105
23760.0,105
23779.0,105
23794.0,105
23796.0,105
23798.0,105
23805.0,105
23806.0,105
23813.0,105
23822.0,105
23827.0,105
23834.0,105
23849.0,105
23850.0,105
23851.0,105
23860.0,105
23877.0,105
23884.0,105
23895.0,105
23895.0,105
23915.0,105
23922.0,105
23924.0,105
23939.0,105
23966.0,105
23991.0,105
23994.0,105
24005.0,105
24016.0,105
24042.0,105
24050.0,105
24078.0,105
24113.0,105
24114.0,105
24116.0,105
24118.0,105
24142.0,105
24152.0,105
24162.0,105
24169.0,105
24173.0,105
24175.0,105
24184.0,105
24199.0,105
24207.0,105
24213.0,105
24216.0,105
24217.0,105
24222.0,105
24224.0,105
24266.0,105
24308.0,105
24311.0,105
24313.0,105
24317.0,105
24328.0,105
24342.0,105
24343.0,105
24360.0,105
24387.0,105
24425.0,105
24437.0,105
24444.0,105
24476.0,105
24509.0,105
24548.0,105
24560.0,105
24578.0,105
24597.0,105
24621.0,105
24621.0,105
24625.0,105
24626.0,105
24629.0,105
24638.0,105
24639.0,105
24643.0,105
24660.0,105
24662.0,105
24670.0,105
24689.0,105
24694.0,105
24707.0,105
24711.0,105
24712.0,105
24779.0,105
24780.0,105
24790.0,105
24791.0,105
24795.0,105
24801.0,105
24804.0,105
24841.0,105
24851.0,105
24854.0,105
24864.0,105
24914.0,105
24958.0,105
24977.0,105
24994.0,105
25001.0,105
25011.0,105
25020.0,105
25024.0,105
25040.0,105
25053.0,105
25076.0,105
25084.0,105
25089.0,105
25098.0,105
25166.0,105
25175.0,105
25178.0,105
25198.0,105
25209.0,105
25252.0,105
25257.0,105
25260.0,105
25269.0,105
25274.0,105
25275.0,105
25291.0,105
25297.0,105
25346.0,105
25353.0,105
25358.0,105
25384.0,105
25425.0,105
25457.0,105
25489.0,105
25494.0,105
25531.0,105
25535.0,105
25604.0,105
25615.0,105
25655.0,105
25659.0,105
25665.0,105
25670.0,105
25673.0,105
25680.0,105
25694.0,105
25735.0,105
25746.0,105
25763.0,105
25775.0,105
25786.0,105
25806.0,105
25838.0,105
25841.0,105
25853.0,105
25898.0,105
25941.0,105
25956.0,105
26009.0,105
26022.0,105
26048.0,105
26051.0,105
26060.0,105
26061.0,105
26067.0,105
26099.0,105
26131.0,105
26174.0,105
26224.0,105
26254.0,105
26290.0,105
26291.0,105
26327.0,105
26331.0,105
26361.0,105
26367.0,105
26391.0,105
26411.0,105
26425.0,105
26436.0,105
26438.0,105
26441.0,105
26501.0,105
26513.0,105
26564.0,105
26572.0,105
26586.0,105
26603.0,105
26611.0,105
26613.0,105
26620.0,105
26627.0,105
26630.0,105
26657.0,105
26665.0,105
26680.0,105
26684.0,105
26728.0,105
26739.0,105
26741.0,105
26762.0,105
26781.0,105
26802.0,105
26846.0,105
26852.0,105
26858.0,105
26878.0,105
26901.0,105
26927.0,105
26949.0,105
26960.0,105
26975.0,105
27005.0,105
27019.0,105
27022.0,105
27024.0,105
27028.0,105
27032.0,105
27041.0,105
27043.0,105
27047.0,105
27047.0,105
27054.0,105
27056.0,105
27056.0,105
27057.0,105
27085.0,105
27088.0,105
27095.0,105
27103.0,105
27147.0,105
27148.0,105
27150.0,105
27197.0,105
27229.0,105
27264.0,105
27288.0,105
27296.0,105
27298.0,105
27323.0,105
27327.0,105
27349.0,105
27378.0,105
27403.0,105
27406.0,105
27417.0,105
27427.0,105
27436.0,105
27450.0,105
27456.0,105
27463.0,105
27469.0,105
27473.0,105
27473.0,105
27475.0,105
27486.0,105
27521.0,105
27524.0,105
27546.0,105
27557.0,105
27589.0,105
27612.0,105
27619.0,105
27641.0,105
27649.0,105
27660.0,105
27665.0,105
27672.0,105
27674.0,105
27684.0,105
27689.0,105
27715.0,105
27724.0,105
27726.0,105
27736.0,105
27737.0,105
27748.0,105
27759.0,105
27764.0,105
27778.0,105
27791.0,105
27806.0,105
27814.0,105
27844.0,105
27874.0,105
27919.0,105
27920.0,105
27921.0,105
27953.0,105
27960.0,105
27967.0,105
27982.0,105
27992.0,105
28000.0,105
28000.0,105
28072.0,105
28074.0,105
28075.0,105
28100.0,105
28106.0,105
28116.0,105
28119.0,105
28127.0,105
28133.0,105
28147.0,105
28160.0,105
28189.0,105
28224.0,105
28255.0,105
28268.0,105
28270.0,105
28271.0,105
28273.0,105
28279.0,105
28283.0,105
28314.0,105
28318.0,105
28339.0,105
28362.0,105
28371.0,105
28376.0,105
28378.0,105
28423.0,105
28425.0,105
28426.0,105
28433.0,105
28438.0,105
28471.0,105
28502.0,105
28508.0,105
28529.0,105
28531.0,105
28538.0,105
28551.0,105
28563.0,105
28567.0,105
28572.0,105
28610.0,105
28613.0,105
28629.0,105
28642.0,105
28647.0,105
28648.0,105
28653.0,105
28718.0,105
28722.0,105
28759.0,105
28839.0,105
28846.0,105
28865.0,105
28885.0,105
28890.0,105
28934.0,105
28938.0,105
28989.0,105
29003.0,105
29015.0,105
29079.0,105
29083.0,105
29109.0,105
29130.0,105
29134.0,105
29164.0,105
29165.0,105
29174.0,105
29180.0,105
29186.0,105
29212.0,105
29220.0,105
29224.0,105
29227.0,105
29228.0,105
29250.0,105
29257.0,105
29301.0,105
29308.0,105
29309.0,105
29312.0,105
29319.0,105
29348.0,105
29352.0,105
29354.0,105
29409.0,105
29418.0,105
29424.0,105
29433.0,105
29437.0,105
29439.0,105
29490.0,105
29505.0,105
29506.0,105
29510.0,105
29517.0,105
29535.0,105
29553.0,105
29558.0,105
29575.0,105
29582.0,105
29591.0,105
29625.0,105
29650.0,105
29661.0,105
29674.0,105
29679.0,105
29684.0,105
29697.0,105
29723.0,105
29725.0,105
29782.0,105
29793.0,105
29830.0,105
29854.0,105
29876.0,105
29918.0,105
29921.0,105
29925.0,105
29926.0,105
29939.0,105
29956.0,105
29957.0,105
29967.0,105
29969.0,105
29975.0,105
29979.0,105
29983.0,105
29984.0,105
30053.0,105
30075.0,105
30076.0,105
30106.0,105
30113.0,105
30121.0,105
30141.0,105
30146.0,105
30151.0,105
30174.0,105
30198.0,105
30282.0,105
30292.0,105
30314.0,105
30330.0,105
30334.0,105
30339.0,105
30352.0,105
30353.0,105
30365.0,105
30372.0,105
30385.0,105
30385.0,105
30394.0,105
30398.0,105
30401.0,105
30416.0,105
30471.0,105
30495.0,105
30508.0,105
30532.0,105
30572.0,105
30605.0,105
30614.0,105
30667.0,105
30669.0,105
30672.0,105
30691.0,105
30699.0,105
30716.0,105
30722.0,105
30733.0,105
30747.0,105
30751.0,105
30767.0,105
30778.0,105
30779.0,105
30780.0,105
30851.0,105
30857.0,105
30891.0,105
30960.0,105
30975.0,105
31000.0,105
31015.0,105
31033.0,105
31042.0,105
31043.0,105
31048.0,105
31059.0,105
31100.0,105
31108.0,105
31142.0,105
31150.0,105
31161.0,105
31182.0,105
31202.0,105
31238.0,105
31239.0,105
31241.0,105
31248.0,105
31257.0,105
31266.0,105
31277.0,105
31308.0,105
31320.0,105
31329.0,105
31339.0,105
31360.0,105
31381.0,105
31392.0,105
31395.0,105
31395.0,105
31402.0,105
31440.0,105
31481.0,105
31496.0,105
31536.0,105
31567.0,105
31578.0,105
31596.0,105
31603.0,105
31612.0,105
31619.0,105
31633.0,105
31640.0,105
31710.0,105
31712.0,105
31767.0,105
31773.0,105
31775.0,105
31795.0,105
31802.0,105
31870.0,105
31884.0,105
31893.0,105
31898.0,105
31912.0,105
31919.0,105
31934.0,105
31960.0,105
31963.0,105
32009.0,105
32021.0,105
32064.0,105
32080.0,105
32082.0,105
32097.0,105
32105.0,105
32106.0,105
32112.0,105
32132.0,105
32176.0,105
32213.0,105
32236.0,105
32239.0,105
32244.0,105
32251.0,105
32256.0,105
32279.0,105
32291.0,105
32303.0,105
32304.0,105
32324.0,105
32330.0,105
32332.0,105
32374.0,105
32375.0,105
32380.0,105
32386.0,105
32399.0,105
32418.0,105
32420.0,105
32430.0,105
32457.0,105
32485.0,105
32492.0,105
32508.0,105
32528.0,105
32555.0,105
32557.0,105
32608.0,105
32624.0,105
32630.0,105
32634.0,105
32643.0,105
32656.0,105
32669.0,105
32675.0,105
32685.0,105
32687.0,105
32706.0,105
32708.0,105
32710.0,105
32717.0,105
32718.0,105
32732.0,105
32746.0,105
32749.0,105
32760.0,105
32767.0,105
32771.0,105
32772.0,105
32776.0,105
32819.0,105
32842.0,105
32843.0,105
32850.0,105
32856.0,105
32865.0,105
32872.0,105
32873.0,105
32881.0,105
32913.0,105
32916.0,105
32963.0,105
32971.0,105
32986.0,105
33028.0,105
33038.0,105
33052.0,105
33092.0,105
33129.0,105
33157.0,105
33176.0,105
33191.0,105
33199.0,105
33199.0,105
33223.0,105
33226.0,105
33227.0,105
33253.0,105
33254.0,105
33258.0,105
33259.0,105
33280.0,105
33304.0,105
33312.0,105
33313.0,105
33319.0,105
33338.0,105
33340.0,105
33346.0,105
33411.0,105
33428.0,105
33440.0,105
33464.0,105
33468.0,105
33479.0,105
33499.0,105
33502.0,105
33505.0,105
33509.0,105
33512.0,105
33514.0,105
33560.0,105
33575.0,105
33576.0,105
33578.0,105
33595.0,105
33619.0,105
33620.0,105
33636.0,105
33671.0,105
33672.0,105
33674.0,105
33685.0,105
33717.0,105
33722.0,105
33727.0,105
33752.0,105
33765.0,105
33767.0,105
33800.0,105
33805.0,105
33809.0,105
33820.0,105
33847.0,105
33863.0,105
33865.0,105
33867.0,105
33900.0,105
33992.0,105
34018.0,105
34026.0,105
34035.0,105
34037.0,105
34050.0,105
34072.0,105
34073.0,105
34077.0,105
34095.0,105
34096.0,105
34109.0,105
34111.0,105
34126.0,105
34128.0,105
34146.0,105
34150.0,105
34174.0,105
34189.0,105
34212.0,105
34231.0,105
34240.0,105
34245.0,105
34273.0,105
34285.0,105
34302.0,105
34324.0,105
34342.0,105
34346.0,105
34372.0,105
34377.0,105
34383.0,105
34395.0,105
34410.0,105
34412.0,105
34418.0,105
34422.0,105
34425.0,105
34444.0,105
34451.0,105
34458.0,105
34479.0,105
34486.0,105
34510.0,105
34529.0,105
34551.0,105
34582.0,105
34587.0,105
34612.0,105
34620.0,105
34624.0,105
34631.0,105
34650.0,105
34674.0,105
34691.0,105
34713.0,105
34759.0,105
34767.0,105
34781.0,105
34879.0,105
34917.0,105
34935.0,105
34937.0,105
34945.0,105
34978.0,105
35099.0,105
35100.0,105
35103.0,105
35112.0,105
35129.0,105
35133.0,105
35151.0,105
35152.0,105
35172.0,105
35173.0,105
35193.0,105
35213.0,105
35231.0,105
35325.0,105
35337.0,105
35339.0,105
35347.0,105
35366.0,105
35419.0,105
35435.0,105
35522.0,105
35544.0,105
35565.0,105
35591.0,105
35593.0,105
35616.0,105
35622.0,105
35626.0,105
35630.0,105
35652.0,105
35654.0,105
35666.0,105
35675.0,105
35679.0,105
35698.0,105
35723.0,105
35746.0,105
35750.0,105
35781.0,105
35798.0,105
35806.0,105
35816.0,105
35821.0,105
35839.0,105
35855.0,105
35866.0,105
35872.0,105
35884.0,105
35929.0,105
35935.0,105
35953.0,105
35953.0,105
35955.0,105
35967.0,105
35986.0,105
36029.0,105
36034.0,105
36078.0,105
36105.0,105
36129.0,105
36138.0,105
36139.0,105
36159.0,105
36172.0,105
36174.0,105
36176.0,105
36200.0,105
36210.0,105
36266.0,105
36276.0,105
36281.0,105
36294.0,105
36297.0,105
36301.0,105
36330.0,105
36342.0,105
36349.0,105
36375.0,105
36383.0,105
36386.0,105
36395.0,105
36397.0,105
36431.0,105
36440.0,105
36444.0,105
36458.0,105
36475.0,105
36478.0,105
36493.0,105
36513.0,105
36519.0,105
36527.0,105
36540.0,105
36575.0,105
36586.0,105
36612.0,105
36635.0,105
36675.0,105
36691.0,105
36731.0,105
36748.0,105
36783.0,105
36793.0,105
36807.0,105
36821.0,105
36858.0,105
36898.0,105
36906.0,105
36935.0,105
36940.0,105
36944.0,105
36962.0,105
36966.0,105
36983.0,105
37000.0,105
37022.0,105
37039.0,105
37046.0,105
37051.0,105
37058.0,105
37073.0,105
37129.0,105
37133.0,105
37165.0,105
37167.0,105
37205.0,105
37209.0,105
37214.0,105
37233.0,105
37256.0,105
37263.0,105
37274.0,105
37304.0,105
37324.0,105
37328.0,105
37337.0,105
37351.0,105
37352.0,105
37357.0,105
37369.0,105
37382.0,105
37405.0,105
37418.0,105
37422.0,105
37434.0,105
37455.0,105
37582.0,105
37589.0,105
37600.0,105
37603.0,105
37604.0,105
37609.0,105
37624.0,105
37626.0,105
37649.0,105
37673.0,105
37687.0,105
37688.0,105
37692.0,105
37700.0,105
37704.0,105
37716.0,105
37718.0,105
37721.0,105
37722.0,105
37728.0,105
37738.0,105
37748.0,105
37751.0,105
37757.0,105
37774.0,105
37784.0,105
37785.0,105
37800.0,105
37806.0,105
37807.0,105
37830.0,105
37837.0,105
37860.0,105
37898.0,105
37942.0,105
37949.0,105
38016.0,105
38042.0,105
38062.0,105
38067.0,105
38070.0,105
38072.0,105
38072.0,105
38079.0,105
38097.0,105
38115.0,105
38120.0,105
38173.0,105
38175.0,105
38194.0,105
38263.0,105
38277.0,105
38290.0,105
38318.0,105
38336.0,105
38371.0,105
38373.0,105
38378.0,105
38389.0,105
38408.0,105
38433.0,105
38481.0,105
38505.0,105
38510.0,105
38510.0,105
38519.0,105
38555.0,105
38582.0,105
38589.0,105
38597.0,105
38609.0,105
38612.0,105
38659.0,105
38672.0,105
38686.0,105
38698.0,105
38740.0,105
38740.0,105
38757.0,105
38768.0,105
38803.0,105
38811.0,105
38847.0,105
38850.0,105
38863.0,105
38882.0,105
38942.0,105
38944.0,105
38971.0,105
38979.0,105
38993.0,105
38996.0,105
39013.0,105
39066.0,105
39069.0,105
39146.0,105
39152.0,105
39222.0,105
39231.0,105
39233.0,105
39236.0,105
39246.0,105
39266.0,105
39271.0,105
39284.0,105
39296.0,105
39319.0,105
39332.0,105
39342.0,105
39350.0,105
39352.0,105
39366.0,105
39372.0,105
39406.0,105
39416.0,105
39424.0,105
39427.0,105
39451.0,105
39452.0,105
39457.0,105
39463.0,105
39485.0,105
39490.0,105
39502.0,105
39504.0,105
39507.0,105
39517.0,105
39562.0,105
39563.0,105
39565.0,105
39581.0,105
39617.0,105
39636.0,105
39642.0,105
39651.0,105
39674.0,105
39676.0,105
39681.0,105
39682.0,105
39717.0,105
39727.0,105
39728.0,105
39731.0,105
39771.0,105
39777.0,105
39804.0,105
39809.0,105
39851.0,105
39864.0,105
39885.0,105
39896.0,105
39904.0,105
39912.0,105
39924.0,105
39959.0,105
39979.0,105
39982.0,105
39995.0,105
40033.0,105
40043.0,105
40049.0,105
40056.0,105
40063.0,105
40071.0,105
40079.0,105
40079.0,105
40086.0,105
40163.0,105
40174.0,105
40178.0,105
40183.0,105
40216.0,105
40222.0,105
40227.0,105
40234.0,105
40235.0,105
40236.0,105
40257.0,105
40260.0,105
40264.0,105
40270.0,105
40286.0,105
40290.0,105
40301.0,105
40347.0,105
40357.0,105
40358.0,105
40368.0,105
40377.0,105
40383.0,105
40420.0,105
40423.0,105
40451.0,105
40464.0,105
40475.0,105
40476.0,105
40486.0,105
40504.0,105
40535.0,105
40536.0,105
40547.0,105
40563.0,105
40588.0,105
40635.0,105
40651.0,105
40663.0,105
40696.0,105
40698.0,105
40702.0,105
40756.0,105
40768.0,105
40774.0,105
40789.0,105
40809.0,105
40814.0,105
40816.0,105
40828.0,105
40839.0,105
40843.0,105
40876.0,105
40880.0,105
40883.0,105
40887.0,105
40898.0,105
40900.0,105
40910.0,105
40915.0,105
40922.0,105
40968.0,105
40974.0,105
40980.0,105
41015.0,105
41041.0,105
41050.0,105
41054.0,105
41063.0,105
41070.0,105
41169.0,105
41239.0,105
41259.0,105
41291.0,105
41309.0,105
41316.0,105
41329.0,105
41336.0,105
41347.0,105
41348.0,105
41365.0,105
41370.0,105
41394.0,105
41411.0,105
41412.0,105
41413.0,105
41494.0,105
41510.0,105
41515.0,105
41521.0,105
41524.0,105
41570.0,105
41602.0,105
41640.0,105
41663.0,105
41668.0,105
41682.0,105
41691.0,105
41700.0,105
41707.0,105
41713.0,105
41719.0,105
41728.0,105
41737.0,105
41747.0,105
41749.0,105
41768.0,105
41769.0,105
41775.0,105
41778.0,105
41784.0,105
41831.0,105
41844.0,105
41846.0,105
41847.0,105
41859.0,105
41863.0,105
41885.0,105
41887.0,105
41905.0,105
41919.0,105
41921.0,105
41930.0,105
41941.0,105
41953.0,105
41967.0,105
41977.0,105
41982.0,105
41988.0,105
42029.0,105
42052.0,105
42084.0,105
42111.0,105
42112.0,105
42117.0,105
42138.0,105
42139.0,105
42141.0,105
42147.0,105
42164.0,105
42167.0,105
42175.0,105
42203.0,105
42224.0,105
42235.0,105
42266.0,105
42267.0,105
42276.0,105
42277.0,105
42282.0,105
42283.0,105
42316.0,105
42333.0,105
42335.0,105
42345.0,105
42355.0,105
42357.0,105
42360.0,105
42440.0,105
42448.0,105
42452.0,105
42464.0,105
42478.0,105
42486.0,105
42514.0,105
42573.0,105
42607.0,105
42615.0,105
42624.0,105
42638.0,105
42646.0,105
42667.0,105
42685.0,105
42710.0,105
42725.0,105
42752.0,105
42779.0,105
42784.0,105
42791.0,105
42811.0,105
42816.0,105
42844.0,105
42883.0,105
42897.0,105
42913.0,105
42915.0,105
42933.0,105
42939.0,105
42974.0,105
42988.0,105
42994.0,105
43014.0,105
43038.0,105
43045.0,105
43048.0,105
43051.0,105
43075.0,105
43096.0,105
43101.0,105
43118.0,105
43167.0,105
43175.0,105
43205.0,105
43214.0,105
43225.0,105
43238.0,105
43260.0,105
43293.0,105
43296.0,105
43366.0,105
43368.0,105
43383.0,105
43405.0,105
43418.0,105
43429.0,105
43472.0,105
43482.0,105
43494.0,105
43495.0,105
43496.0,105
43553.0,105
43615.0,105
43617.0,105
43628.0,105
43646.0,105
43648.0,105
43655.0,105
43665.0,105
43692.0,105
43694.0,105
43713.0,105
43731.0,105
43764.0,105
43766.0,105
43777.0,105
43798.0,105
43814.0,105
43822.0,105
43826.0,105
43845.0,105
43861.0,105
43902.0,105
43917.0,105
43920.0,105
43922.0,105
43942.0,105
43973.0,105
44030.0,105
44031.0,105
44058.0,105
44072.0,105
44076.0,105
44077.0,105
44092.0,105
44109.0,105
44147.0,105
44161.0,105
44222.0,105
44303.0,105
44337.0,105
44340.0,105
44346.0,105
44361.0,105
44363.0,105
44393.0,105
44410.0,105
44415.0,105
44416.0,105
44448.0,105
44452.0,105
44461.0,105
44478.0,105
44498.0,105
44517.0,105
44581.0,105
44600.0,105
44620.0,105
44625.0,105
44628.0,105
44644.0,105
44644.0,105
44659.0,105
44660.0,105
44681.0,105
44693.0,105
44698.0,105
44708.0,105
44719.0,105
44733.0,105
44770.0,105
44785.0,105
44787.0,105
44804.0,105
44813.0,105
44821.0,105
44822.0,105
44823.0,105
44839.0,105
44840.0,105
44877.0,105
44879.0,105
44882.0,105
44897.0,105
44906.0,105
44930.0,105
44934.0,105
44951.0,105
44952.0,105
44963.0,105
44973.0,105
44987.0,105
44988.0,105
44992.0,105
45028.0,105
45055.0,105
45082.0,105
45092.0,105
45092.0,105
45095.0,105
45127.0,105
45139.0,105
45143.0,105
45143.0,105
45195.0,105
45202.0,105
45233.0,105
45236.0,105
45239.0,105
45244.0,105
45249.0,105
45275.0,105
45286.0,105
45308.0,105
45363.0,105
45389.0,105
45396.0,105
45423.0,105
45434.0,105
45441.0,105
45474.0,105
45476.0,105
45480.0,105
45496.0,105
45511.0,105
45514.0,105
45525.0,105
45529.0,105
45572.0,105
45581.0,105
45647.0,105
45666.0,105
45668.0,105
45677.0,105
45691.0,105
45692.0,105
45700.0,105
45716.0,105
45718.0,105
45719.0,105
45731.0,105
45748.0,105
45776.0,105
45785.0,105
45802.0,105
45819.0,105
45826.0,105
45858.0,105
45865.0,105
45877.0,105
45880.0,105
45891.0,105
45906.0,105
45907.0,105
45914.0,105
45915.0,105
45972.0,105
45985.0,105
46005.0,105
46016.0,105
46032.0,105
46048.0,105
46062.0,105
46063.0,105
46081.0,105
46100.0,105
46112.0,105
46161.0,105
46165.0,105
46167.0,105
46170.0,105
46178.0,105
46186.0,105
46196.0,105
46216.0,105
46218.0,105
46233.0,105
46240.0,105
46243.0,105
46274.0,105
46295.0,105
46328.0,105
46329.0,105
46337.0,105
46373.0,105
46390.0,105
46413.0,105
46451.0,105
46515.0,105
46529.0,105
46536.0,105
46538.0,105
46584.0,105
46589.0,105
46629.0,105
46652.0,105
46681.0,105
46689.0,105
46694.0,105
46704.0,105
46715.0,105
46723.0,105
46753.0,105
46807.0,105
46821.0,105
46824.0,105
46851.0,105
46856.0,105
46864.0,105
46885.0,105
46891.0,105
46898.0,105
46929.0,105
46930.0,105
46939.0,105
46951.0,105
46973.0,105
46985.0,105
46990.0,105
47000.0,105
47002.0,105
47005.0,105
47013.0,105
47055.0,105
47095.0,105
47124.0,105
47136.0,105
47148.0,105
47171.0,105
47185.0,105
47200.0,105
47208.0,105
47248.0,105
47309.0,105
47331.0,105
47365.0,105
47373.0,105
47376.0,105
47404.0,105
47410.0,105
47414.0,105
47440.0,105
47478.0,105
47479.0,105
47482.0,105
47498.0,105
47524.0,105
47543.0,105
47549.0,105
47579.0,105
47600.0,105
47604.0,105
47641.0,105
47665.0,105
47708.0,105
47711.0,105
47755.0,105
47821.0,105
47841.0,105
47847.0,105
47855.0,105
47865.0,105
47866.0,105
47906.0,105
47941.0,105
47950.0,105
47965.0,105
48008.0,105
48023.0,105
48058.0,105
48105.0,105
48107.0,105
48126.0,105
48137.0,105
48142.0,105
48163.0,105
48176.0,105
48204.0,105
48212.0,105
48263.0,105
48322.0,105
48340.0,105
48373.0,105
48375.0,105
48386.0,105
48387.0,105
48425.0,105
48429.0,105
48431.0,105
48446.0,105
48451.0,105
48484.0,105
48487.0,105
48496.0,105
48516.0,105
48519.0,105
48623.0,105
48625.0,105
48626.0,105
48659.0,105
48671.0,105
48686.0,105
48727.0,105
48758.0,105
48843.0,105
48848.0,105
48905.0,105
48935.0,105
48941.0,105
49038.0,105
49041.0,105
49050.0,105
49061.0,105
49096.0,105
49132.0,105
49139.0,105
49140.0,105
49146.0,105
49151.0,105
49158.0,105
49168.0,105
49216.0,105
49225.0,105
49279.0,105
49287.0,105
49295.0,105
49303.0,105
49334.0,105
49355.0,105
49357.0,105
49362.0,105
49378.0,105
49441.0,105
49461.0,105
49481.0,105
49510.0,105
49520.0,105
49535.0,105
49590.0,105
49598.0,105
49625.0,105
49630.0,105
49637.0,105
49644.0,105
49647.0,105
49651.0,105
49655.0,105
49669.0,105
49681.0,105
49690.0,105
49696.0,105
49700.0,105
49702.0,105
49713.0,105
49717.0,105
49720.0,105
49730.0,105
49782.0,105
49783.0,105
49789.0,105
49793.0,105
49795.0,105
49796.0,105
49797.0,105
49800.0,105
49810.0,105
49819.0,105
49824.0,105
49859.0,105
49861.0,105
49880.0,105
49899.0,105
49911.0,105
49924.0,105
49954.0,105
49958.0,105
49962.0,105
49967.0,105
49988.0,105
49991.0,105
49992.0,105
50006.0,105
50026.0,105
50029.0,105
50035.0,105
50056.0,105
50080.0,105
50115.0,105
50128.0,105
50132.0,105
50156.0,105
50176.0,105
50200.0,105
50224.0,105
50226.0,105
50232.0,105
50234.0,105
50242.0,105
50291.0,105
50305.0,105
50308.0,105
50313.0,105
50317.0,105
50318.0,105
50322.0,105
50338.0,105
50355.0,105
50360.0,105
50379.0,105
50410.0,105
50420.0,105
50429.0,105
50456.0,105
50499.0,105
50505.0,105
50511.0,105
50526.0,105
50562.0,105
50571.0,105
50583.0,105
50592.0,105
50609.0,105
50643.0,105
50655.0,105
50665.0,105
50722.0,105
50733.0,105
50750.0,105
50753.0,105
50757.0,105
50788.0,105
50790.0,105
50813.0,105
50841.0,105
50854.0,105
50862.0,105
50888.0,105
50890.0,105
50895.0,105
50911.0,105
50923.0,105
50928.0,105
50949.0,105
50954.0,105
50959.0,105
50966.0,105
51012.0,105
51023.0,105
51033.0,105
51037.0,105
51049.0,105
51054.0,105
51055.0,105
51061.0,105
51098.0,105
51102.0,105
51121.0,105
51151.0,105
51169.0,105
51190.0,105
51236.0,105
51244.0,105
51248.0,105
51263.0,105
51276.0,105
51285.0,105
51287.0,105
51325.0,105
51337.0,105
51362.0,105
51376.0,105
51383.0,105
51388.0,105
51396.0,105
51436.0,105
51437.0,105
51448.0,105
51471.0,105
51473.0,105
51474.0,105
51489.0,105
51491.0,105
51494.0,105
51510.0,105
51529.0,105
51539.0,105
51599.0,105
51610.0,105
51662.0,105
51680.0,105
51702.0,105
51721.0,105
51737.0,105
51752.0,105
51776.0,105
51785.0,105
51787.0,105
51809.0,105
51816.0,105
51825.0,105
51877.0,105
51885.0,105
51886.0,105
51895.0,105
51896.0,105
51923.0,105
51925.0,105
51940.0,105
51946.0,105
51958.0,105
51961.0,105
51967.0,105
51982.0,105
51984.0,105
51987.0,105
51989.0,105
51992.0,105
52004.0,105
52011.0,105
52012.0,105
52030.0,105
52039.0,105
52042.0,105
52045.0,105
52113.0,105
52154.0,105
52179.0,105
52199.0,105
52213.0,105
52220.0,105
52251.0,105
52272.0,105
52286.0,105
52305.0,105
52311.0,105
52350.0,105
52365.0,105
52366.0,105
52376.0,105
52377.0,105
52378.0,105
52432.0,105
52435.0,105
52465.0,105
52508.0,105
52527.0,105
52554.0,105
52557.0,105
52562.0,105
52591.0,105
52599.0,105
52621.0,105
52628.0,105
52634.0,105
52635.0,105
52648.0,105
52694.0,105
52723.0,105
52732.0,105
52735.0,105
52765.0,105
52782.0,105
52783.0,105
52817.0,105
52819.0,105
52864.0,105
52868.0,105
52900.0,105
52904.0,105
52959.0,105
52984.0,105
53007.0,105
53016.0,105
53026.0,105
53033.0,105
53058.0,105
53059.0,105
53096.0,105
53112.0,105
53144.0,105
53146.0,105
53153.0,105
53235.0,105
53261.0,105
53271.0,105
53283.0,105
53287.0,105
53292.0,105
53321.0,105
53340.0,105
53368.0,105
53370.0,105
53383.0,105
53392.0,105
53394.0,105
53415.0,105
53438.0,105
53457.0,105
53468.0,105
53479.0,105
53480.0,105
53502.0,105
53512.0,105
53523.0,105
53572.0,105
53590.0,105
53630.0,105
53643.0,105
53683.0,105
53683.0,105
53712.0,105
53714.0,105
53728.0,105
53744.0,105
53787.0,105
53823.0,105
53825.0,105
53840.0,105
53853.0,105
53861.0,105
53864.0,105
53880.0,105
53895.0,105
53901.0,105
53910.0,105
53919.0,105
53931.0,105
53933.0,105
53978.0,105
54003.0,105
54005.0,105
54031.0,105
54035.0,105
54036.0,105
54037.0,105
54040.0,105
54049.0,105
54056.0,105
54059.0,105
54059.0,105
54060.0,105
54061.0,105
54106.0,105
54122.0,105
54132.0,105
54177.0,105
54197.0,105
54242.0,105
54263.0,105
54274.0,105
54276.0,105
54290.0,105
54340.0,105
54341.0,105
54358.0,105
54365.0,105
54385.0,105
54457.0,105
54500.0,105
54518.0,105
54522.0,105
54537.0,105
54545.0,105
54547.0,105
54553.0,105
54611.0,105
54627.0,105
54628.0,105
54629.0,105
54679.0,105
54689.0,105
54693.0,105
54709.0,105
54715.0,105
54739.0,105
54847.0,105
54863.0,105
54874.0,105
54950.0,105
54956.0,105
54964.0,105
54970.0,105
54975.0,105
54994.0,105
55032.0,105
55068.0,105
55087.0,105
55097.0,105
55101.0,105
55110.0,105
55123.0,105
55141.0,105
55160.0,105
55163.0,105
55173.0,105
55182.0,105
55188.0,105
55203.0,105
55204.0,105
55219.0,105
55288.0,105
55307.0,105
55322.0,105
55328.0,105
55345.0,105
55354.0,105
55363.0,105
55373.0,105
55380.0,105
55386.0,105
55427.0,105
55496.0,105
55502.0,105
55531.0,105
55548.0,105
55560.0,105
55564.0,105
55575.0,105
55582.0,105
55584.0,105
55594.0,105
55602.0,105
55610.0,105
55618.0,105
55629.0,105
55644.0,105
55647.0,105
55653.0,105
55679.0,105
55681.0,105
55683.0,105
55710.0,105
55738.0,105
55745.0,105
55747.0,105
55785.0,105
55790.0,105
55852.0,105
55857.0,105
55877.0,105
55880.0,105
55883.0,105
55886.0,105
55897.0,105
55902.0,105
55912.0,105
55974.0,105
55980.0,105
55988.0,105
56003.0,105
56043.0,105
56052.0,105
56060.0,105
56085.0,105
56096.0,105
56120.0,105
56128.0,105
56135.0,105
56161.0,105
56249.0,105
56263.0,105
56271.0,105
56321.0,105
56322.0,105
56349.0,105
56356.0,105
56365.0,105
56409.0,105
56429.0,105
56431.0,105
56441.0,105
56445.0,105
56450.0,105
56458.0,105
56471.0,105
56487.0,105
56524.0,105
56525.0,105
56527.0,105
56549.0,105
56579.0,105
56609.0,105
56630.0,105
56648.0,105
56661.0,105
56662.0,105
56664.0,105
56671.0,105
56674.0,105
56706.0,105
56709.0,105
56751.0,105
56761.0,105
56764.0,105
56785.0,105
56821.0,105
56823.0,105
56825.0,105
56828.0,105
56838.0,105
56857.0,105
56882.0,105
56909.0,105
56922.0,105
56930.0,105
57052.0,105
57059.0,105
57060.0,105
57086.0,105
57156.0,105
57160.0,105
57162.0,105
57183.0,105
57186.0,105
57267.0,105
57279.0,105
57288.0,105
57312.0,105
57313.0,105
57315.0,105
57315.0,105
57328.0,105
57349.0,105
57364.0,105
57436.0,105
57449.0,105
57472.0,105
57498.0,105
57506.0,105
57526.0,105
57528.0,105
57547.0,105
57592.0,105
57593.0,105
57605.0,105
57618.0,105
57628.0,105
57634.0,105
57656.0,105
57671.0,105
57677.0,105
57682.0,105
57731.0,105
57760.0,105
57772.0,105
57780.0,105
57798.0,105
57807.0,105
57808.0,105
57809.0,105
57827.0,105
57832.0,105
57834.0,105
57856.0,105
57871.0,105
57873.0,105
57886.0,105
57908.0,105
57917.0,105
57924.0,105
57951.0,105
57969.0,105
57991.0,105
57992.0,105
58001.0,105
58004.0,105
58004.0,105
58015.0,105
58044.0,105
58064.0,105
58067.0,105
58085.0,105
58116.0,105
58152.0,105
58180.0,105
58187.0,105
58195.0,105
58196.0,105
58200.0,105
58204.0,105
58218.0,105
58223.0,105
58252.0,105
58301.0,105
58322.0,105
58326.0,105
58345.0,105
58353.0,105
58364.0,105
58364.0,105
58371.0,105
58380.0,105
58386.0,105
58393.0,105
58396.0,105
58441.0,105
58444.0,105
58509.0,105
58514.0,105
58573.0,105
58581.0,105
58589.0,105
58593.0,105
58604.0,105
58608.0,105
58629.0,105
58632.0,105
58684.0,105
58693.0,105
58709.0,105
58730.0,105
58732.0,105
58739.0,105
58752.0,105
58769.0,105
58852.0,105
58865.0,105
58889.0,105
58929.0,105
58939.0,105
58968.0,105
58992.0,105
59025.0,105
59056.0,105
59066.0,105
59078.0,105
59086.0,105
59142.0,105
59146.0,105
59148.0,105
59160.0,105
59173.0,105
59175.0,105
59188.0,105
59224.0,105
59250.0,105
59276.0,105
59286.0,105
59290.0,105
59296.0,105
59306.0,105
59307.0,105
59310.0,105
59359.0,105
59394.0,105
59399.0,105
59421.0,105
59422.0,105
59471.0,105
59476.0,105
59503.0,105
59579.0,105
59583.0,105
59586.0,105
59617.0,105
59620.0,105
59622.0,105
59656.0,105
59674.0,105
59679.0,105
59702.0,105
59713.0,105
59765.0,105
59799.0,105
59806.0,105
59808.0,105
59825.0,105
59826.0,105
59840.0,105
59843.0,105
59844.0,105
59852.0,105
59879.0,105
59888.0,105
59890.0,105
59906.0,105
59919.0,105
59931.0,105
59950.0,105
59960.0,105
59961.0,105
59981.0,105
59985.0,105
59986.0,105
59992.0,105
60019.0,105
60022.0,105
60034.0,105
60060.0,105
60091.0,105
60099.0,105
60139.0,105
60168.0,105
60169.0,105
60187.0,105
60202.0,105
60212.0,105
60213.0,105
60225.0,105
60231.0,105
60249.0,105
60255.0,105
60291.0,105
60297.0,105
60320.0,105
60334.0,105
60354.0,105
60356.0,105
60424.0,105
60463.0,105
60477.0,105
60512.0,105
60527.0,105
60539.0,105
60553.0,105
60557.0,105
60562.0,105
60568.0,105
60577.0,105
60593.0,105
60609.0,105
60619.0,105
60639.0,105
60670.0,105
60674.0,105
60693.0,105
60699.0,105
60727.0,105
60738.0,105
60740.0,105
60762.0,105
60780.0,105
60848.0,105
60869.0,105
60881.0,105
60895.0,105
60918.0,105
60963.0,105
60972.0,105
61049.0,105
61061.0,105
61088.0,105
61093.0,105
61100.0,105
61106.0,105
61149.0,105
61158.0,105
61159.0,105
61192.0,105
61194.0,105
61198.0,105
61211.0,105
61218.0,105
61231.0,105
61238.0,105
61248.0,105
61282.0,105
61284.0,105
61307.0,105
61341.0,105
61371.0,105
61416.0,105
61417.0,105
61419.0,105
61454.0,105
61459.0,105
61481.0,105
61497.0,105
61498.0,105
61558.0,105
61562.0,105
61580.0,105
61581.0,105
61582.0,105
61583.0,105
61637.0,105
61672.0,105
61688.0,105
61690.0,105
61702.0,105
61726.0,105
61755.0,105
61759.0,105
61763.0,105
61782.0,105
61783.0,105
61800.0,105
61848.0,105
61850.0,105
61856.0,105
61891.0,105
61905.0,105
61918.0,105
61934.0,105
61950.0,105
61952.0,105
61991.0,105
61994.0,105
62001.0,105
62004.0,105
62007.0,105
62016.0,105
62022.0,105
62028.0,105
62070.0,105
62105.0,105
62111.0,105
62114.0,105
62118.0,105
62147.0,105
62162.0,105
62204.0,105
62218.0,105
62279.0,105
62290.0,105
62300.0,105
62304.0,105
62318.0,105
62354.0,105
62363.0,105
62363.0,105
62372.0,105
62381.0,105
62401.0,105
62413.0,105
62422.0,105
62428.0,105
62436.0,105
62449.0,105
62450.0,105
62451.0,105
62466.0,105
62475.0,105
62543.0,105
62549.0,105
62562.0,105
62567.0,105
62568.0,105
62598.0,105
62601.0,105
62615.0,105
62643.0,105
62682.0,105
62719.0,105
62720.0,105
62724.0,105
62732.0,105
62750.0,105
62751.0,105
62759.0,105
62798.0,105
62802.0,105
62804.0,105
62862.0,105
62872.0,105
62888.0,105
62913.0,105
62949.0,105
62980.0,105
63004.0,105
63004.0,105
63027.0,105
63030.0,105
63039.0,105
63086.0,105
63113.0,105
63144.0,105
63147.0,105
63153.0,105
63181.0,105
63183.0,105
63212.0,105
63216.0,105
63220.0,105
63227.0,105
63256.0,105
63258.0,105
63261.0,105
63266.0,105
63273.0,105
63293.0,105
63296.0,105
63316.0,105
63349.0,105
63358.0,105
63388.0,105
63400.0,105
63404.0,105
63418.0,105
63438.0,105
63477.0,105
63493.0,105
63495.0,105
63496.0,105
63513.0,105
63522.0,105
63522.0,105
63523.0,105
63559.0,105
63567.0,105
63568.0,105
63577.0,105
63579.0,105
63591.0,105
63678.0,105
63682.0,105
63699.0,105
63702.0,105
63706.0,105
63739.0,105
63754.0,105
63758.0,105
63766.0,105
63771.0,105
63833.0,105
63842.0,105
63875.0,105
63883.0,105
63887.0,105
63907.0,105
63908.0,105
63964.0,105
63967.0,105
63968.0,105
64005.0,105
64007.0,105
64018.0,105
64040.0,105
64092.0,105
64100.0,105
64109.0,105
64111.0,105
64114.0,105
64123.0,105
64156.0,105
64166.0,105
64170.0,105
64195.0,105
64205.0,105
64219.0,105
64225.0,105
64252.0,105
64311.0,105
64311.0,105
64321.0,105
64322.0,105
64348.0,105
64370.0,105
64374.0,105
64412.0,105
64434.0,105
64448.0,105
64479.0,105
64481.0,105
64483.0,105
64504.0,105
64508.0,105
64527.0,105
64534.0,105
64559.0,105
64561.0,105
64565.0,105
64566.0,105
64582.0,105
64604.0,105
64609.0,105
64621.0,105
64648.0,105
64704.0,105
64722.0,105
64736.0,105
64739.0,105
64760.0,105
64813.0,105
64829.0,105
64851.0,105
64861.0,105
64862.0,105
64866.0,105
64883.0,105
64909.0,105
64926.0,105
64938.0,105
64951.0,105
64961.0,105
64969.0,105
65012.0,105
65014.0,105
65022.0,105
65034.0,105
65065.0,105
65077.0,105
65087.0,105
65107.0,105
65121.0,105
65136.0,105
65143.0,105
65166.0,105
65173.0,105
65198.0,105
65216.0,105
65217.0,105
65222.0,105
65232.0,105
65241.0,105
65246.0,105
65257.0,105
65259.0,105
65285.0,105
65300.0,105
65328.0,105
65330.0,105
65333.0,105
65340.0,105
65355.0,105
65361.0,105
65396.0,105
65398.0,105
65477.0,105
65502.0,105
65511.0,105
65517.0,105
65534.0,105
65604.0,105
65614.0,105
65617.0,105
65627.0,105
65640.0,105
65653.0,105
65665.0,105
65666.0,105
65666.0,105
65678.0,105
65684.0,105
65688.0,105
65696.0,105
65724.0,105
65733.0,105
65756.0,105
65782.0,105
65783.0,105
65792.0,105
65819.0,105
65864.0,105
65880.0,105
65886.0,105
65906.0,105
65934.0,105
65934.0,105
65951.0,105
65962.0,105
65986.0,105
65989.0,105
65993.0,105
66001.0,105
66040.0,105
66049.0,105
66083.0,105
66125.0,105
66169.0,105
66177.0,105
66191.0,105
66227.0,105
66234.0,105
66243.0,105
66254.0,105
66266.0,105
66280.0,105
66310.0,105
66315.0,105
66316.0,105
66324.0,105
66325.0,105
66331.0,105
66339.0,105
66344.0,105
66351.0,105
66355.0,105
66363.0,105
66385.0,105
66394.0,105
66403.0,105
66419.0,105
66460.0,105
66475.0,105
66492.0,105
66495.0,105
66511.0,105
66512.0,105
66513.0,105
66529.0,105
66543.0,105
66560.0,105
66676.0,105
66684.0,105
66689.0,105
66700.0,105
66709.0,105
66733.0,105
66740.0,105
66742.0,105
66744.0,105
66774.0,105
66779.0,105
66809.0,105
66835.0,105
66879.0,105
66931.0,105
66934.0,105
66937.0,105
66951.0,105
66952.0,105
66966.0,105
66976.0,105
67002.0,105
67010.0,105
67015.0,105
67018.0,105
67019.0,105
67050.0,105
67052.0,105
67053.0,105
67059.0,105
67086.0,105
67136.0,105
67159.0,105
67190.0,105
67223.0,105
67224.0,105
67229.0,105
67255.0,105
67259.0,105
67264.0,105
67269.0,105
67400.0,105
67437.0,105
67474.0,105
67520.0,105
67521.0,105
67522.0,105
67528.0,105
67572.0,105
67591.0,105
67616.0,105
67624.0,105
67631.0,105
67633.0,105
67647.0,105
67659.0,105
67674.0,105
67675.0,105
67680.0,105
67700.0,105
67702.0,105
67712.0,105
67762.0,105
67765.0,105
67773.0,105
67786.0,105
67791.0,105
67800.0,105
67802.0,105
67808.0,105
67817.0,105
67828.0,105
67829.0,105
67872.0,105
67897.0,105
67904.0,105
67911.0,105
67921.0,105
67978.0,105
67980.0,105
67991.0,105
67993.0,105
68025.0,105
68033.0,105
68072.0,105
68079.0,105
68085.0,105
68103.0,105
68122.0,105
68155.0,105
68158.0,105
68174.0,105
68182.0,105
68211.0,105
68212.0,105
68239.0,105
68239.0,105
68249.0,105
68275.0,105
68278.0,105
68286.0,105
68301.0,105
68302.0,105
68303.0,105
68306.0,105
68330.0,105
68354.0,105
68355.0,105
68356.0,105
68358.0,105
68373.0,105
68382.0,105
68400.0,105
68412.0,105
68438.0,105
68444.0,105
68457.0,105
68490.0,105
68501.0,105
68547.0,105
68552.0,105
68587.0,105
68628.0,105
68632.0,105
68643.0,105
68651.0,105
68659.0,105
68671.0,105
68699.0,105
68728.0,105
68756.0,105
68759.0,105
68792.0,105
68794.0,105
68834.0,105
68840.0,105
68855.0,105
68861.0,105
68869.0,105
68870.0,105
68879.0,105
68881.0,105
68886.0,105
68919.0,105
68947.0,105
68956.0,105
68963.0,105
68991.0,105
68999.0,105
69034.0,105
69046.0,105
69050.0,105
69097.0,105
69103.0,105
69138.0,105
69149.0,105
69161.0,105
69166.0,105
69168.0,105
69170.0,105
69182.0,105
69184.0,105
69186.0,105
69219.0,105
69225.0,105
69234.0,105
69251.0,105
69252.0,105
69265.0,105
69308.0,105
69311.0,105
69344.0,105
69347.0,105
69351.0,105
69431.0,105
69431.0,105
69442.0,105
69456.0,105
69458.0,105
69469.0,105
69486.0,105
69488.0,105
69500.0,105
69512.0,105
69517.0,105
69524.0,105
69528.0,105
69535.0,105
69564.0,105
69583.0,105
69589.0,105
69597.0,105
69638.0,105
69642.0,105
69649.0,105
69657.0,105
69659.0,105
69662.0,105
69664.0,105
69678.0,105
69686.0,105
69728.0,105
69753.0,105
69761.0,105
69777.0,105
69785.0,105
69793.0,105
69800.0,105
69808.0,105
69823.0,105
69826.0,105
69839.0,105
69850.0,105
69872.0,105
69884.0,105
69892.0,105
69894.0,105
69926.0,105
69929.0,105
69937.0,105
69954.0,105
69983.0,105
70008.0,105
70010.0,105
70023.0,105
70091.0,105
70125.0,105
70130.0,105
70141.0,105
70143.0,105
70194.0,105
70198.0,105
70218.0,105
70229.0,105
70252.0,105
70271.0,105
70287.0,105
70291.0,105
70293.0,105
70298.0,105
70310.0,105
70312.0,105
70317.0,105
70366.0,105
70397.0,105
70405.0,105
70412.0,105
70433.0,105
70444.0,105
70481.0,105
70483.0,105
70491.0,105
70495.0,105
70510.0,105
70559.0,105
70561.0,105
70570.0,105
70582.0,105
70587.0,105
70594.0,105
70599.0,105
70612.0,105
70622.0,105
70654.0,105
70666.0,105
70675.0,105
70688.0,105
70690.0,105
70737.0,105
70747.0,105
70793.0,105
70794.0,105
70805.0,105
70810.0,105
70831.0,105
70833.0,105
70837.0,105
70866.0,105
70880.0,105
70907.0,105
70938.0,105
70957.0,105
70962.0,105
70966.0,105
71015.0,105
71026.0,105
71027.0,105
71028.0,105
71044.0,105
71045.0,105
71066.0,105
71087.0,105
71089.0,105
71092.0,105
71092.0,105
71105.0,105
71135.0,105
71143.0,105
71184.0,105
71185.0,105
71199.0,105
71214.0,105
71220.0,105
71221.0,105
71232.0,105
71234.0,105
71235.0,105
71244.0,105
71267.0,105
71324.0,105
71325.0,105
71330.0,105
71339.0,105
71341.0,105
71362.0,105
71365.0,105
71367.0,105
71374.0,105
71387.0,105
71406.0,105
71417.0,105
71429.0,105
71465.0,105
71466.0,105
71482.0,105
71490.0,105
71519.0,105
71527.0,105
71540.0,105
71541.0,105
71547.0,105
71549.0,105
71567.0,105
71616.0,105
71636.0,105
71641.0,105
71671.0,105
71681.0,105
71682.0,105
71687.0,105
71720.0,105
71725.0,105
71766.0,105
71768.0,105
71796.0,105
71796.0,105
71830.0,105
71862.0,105
71876.0,105
71894.0,105
71960.0,105
71964.0,105
71971.0,105
71974.0,105
71979.0,105
71989.0,105
72023.0,105
72026.0,105
72038.0,105
72060.0,105
72071.0,105
72075.0,105
72085.0,105
72086.0,105
72100.0,105
72115.0,105
72129.0,105
72132.0,105
72138.0,105
72187.0,105
72194.0,105
72202.0,105
72233.0,105
72252.0,105
72266.0,105
72271.0,105
72280.0,105
72281.0,105
72283.0,105
72285.0,105
72290.0,105
72304.0,105
72311.0,105
72332.0,105
72338.0,105
72367.0,105
72377.0,105
72381.0,105
72382.0,105
72402.0,105
72404.0,105
72456.0,105
72459.0,105
72477.0,105
72478.0,105
72486.0,105
72509.0,105
72523.0,105
72528.0,105
72548.0,105
72550.0,105
72556.0,105
72567.0,105
72618.0,105
72623.0,105
72668.0,105
72671.0,105
72673.0,105
72690.0,105
72693.0,105
72736.0,105
72750.0,105
72757.0,105
72805.0,105
72816.0,105
72829.0,105
72833.0,105
72844.0,105
72860.0,105
72880.0,105
72883.0,105
72886.0,105
72888.0,105
72893.0,105
72919.0,105
72924.0,105
72944.0,105
72947.0,105
72992.0,105
73027.0,105
73040.0,105
73041.0,105
73052.0,105
73058.0,105
73065.0,105
73069.0,105
73075.0,105
73078.0,105
73092.0,105
73094.0,105
73096.0,105
73109.0,105
73115.0,105
73136.0,105
73159.0,105
73166.0,105
73187.0,105
73191.0,105
73200.0,105
73230.0,105
73244.0,105
73255.0,105
73285.0,105
73317.0,105
73337.0,105
73346.0,105
73347.0,105
73347.0,105
73366.0,105
73380.0,105
73384.0,105
73400.0,105
73430.0,105
73474.0,105
73489.0,105
73492.0,105
73495.0,105
73500.0,105
73511.0,105
73543.0,105
73547.0,105
73562.0,105
73576.0,105
73581.0,105
73587.0,105
73590.0,105
73607.0,105
73629.0,105
73656.0,105
73662.0,105
73670.0,105
73670.0,105
73712.0,105
73714.0,105
73742.0,105
73745.0,105
73757.0,105
73769.0,105
73785.0,105
73798.0,105
73830.0,105
73839.0,105
73839.0,105
73851.0,105
73899.0,105
73915.0,105
73916.0,105
73956.0,105
73990.0,105
74036.0,105
74040.0,105
74087.0,105
74104.0,105
74105.0,105
74117.0,105
74122.0,105
74123.0,105
74125.0,105
74135.0,105
74144.0,105
74154.0,105
74154.0,105
74198.0,105
74211.0,105
74212.0,105
74232.0,105
74242.0,105
74254.0,105
74255.0,105
74256.0,105
74275.0,105
74277.0,105
74297.0,105
74312.0,105
74319.0,105
74342.0,105
74356.0,105
74358.0,105
74372.0,105
74446.0,105
74449.0,105
74463.0,105
74484.0,105
74496.0,105
74540.0,105
74590.0,105
74598.0,105
74599.0,105
74614.0,105
74624.0,105
74715.0,105
74737.0,105
74797.0,105
74813.0,105
74838.0,105
74843.0,105
74848.0,105
74858.0,105
74870.0,105
74888.0,105
74907.0,105
74928.0,105
74943.0,105
74949.0,105
74956.0,105
74972.0,105
74983.0,105
74997.0,105
75004.0,105
75017.0,105
75074.0,105
75075.0,105
75091.0,105
75109.0,105
75120.0,105
75179.0,105
75204.0,105
75221.0,105
75234.0,105
75262.0,105
75272.0,105
75282.0,105
75291.0,105
75300.0,105
75324.0,105
75347.0,105
75368.0,105
75387.0,105
75389.0,105
75400.0,105
75402.0,105
75406.0,105
75423.0,105
75431.0,105
75454.0,105
75506.0,105
75518.0,105
75519.0,105
75526.0,105
75535.0,105
75537.0,105
75580.0,105
75583.0,105
75589.0,105
75613.0,105
75624.0,105
75629.0,105
75655.0,105
75700.0,105
75711.0,105
75719.0,105
75721.0,105
75731.0,105
75742.0,105
75766.0,105
75782.0,105
75787.0,105
75793.0,105
75813.0,105
75837.0,105
75848.0,105
75858.0,105
75866.0,105
75888.0,105
75901.0,105
75906.0,105
75952.0,105
75958.0,105
75961.0,105
75963.0,105
75984.0,105
75999.0,105
76009.0,105
76015.0,105
76018.0,105
76030.0,105
76049.0,105
76144.0,105
76186.0,105
76197.0,105
76203.0,105
76213.0,105
76214.0,105
76223.0,105
76233.0,105
76255.0,105
76264.0,105
76265.0,105
76280.0,105
76294.0,105
76295.0,105
76307.0,105
76310.0,105
76321.0,105
76324.0,105
76335.0,105
76347.0,105
76351.0,105
76413.0,105
76446.0,105
76457.0,105
76474.0,105
76476.0,105
76514.0,105
76537.0,105
76573.0,105
76576.0,105
76576.0,105
76603.0,105
76627.0,105
76635.0,105
76643.0,105
76648.0,105
76697.0,105
76697.0,105
76770.0,105
76806.0,105
76806.0,105
76809.0,105
76844.0,105
76848.0,105
76850.0,105
76852.0,105
76867.0,105
76894.0,105
76913.0,105
76929.0,105
76936.0,105
76939.0,105
76953.0,105
76978.0,105
76987.0,105
76998.0,105
77000.0,105
77003.0,105
77091.0,105
77092.0,105
77098.0,105
77098.0,105
77123.0,105
77134.0,105
77147.0,105
77159.0,105
77174.0,105
77197.0,105
77208.0,105
77230.0,105
77256.0,105
77259.0,105
77301.0,105
77303.0,105
77304.0,105
77320.0,105
77348.0,105
77352.0,105
77378.0,105
77403.0,105
77414.0,105
77417.0,105
77440.0,105
77467.0,105
77469.0,105
77506.0,105
77552.0,105
77609.0,105
77645.0,105
77646.0,105
77653.0,105
77657.0,105
77675.0,105
77704.0,105
77721.0,105
77727.0,105
77747.0,105
77752.0,105
77756.0,105
77767.0,105
77779.0,105
77807.0,105
77819.0,105
77836.0,105
77856.0,105
77860.0,105
77865.0,105
77882.0,105
77894.0,105
77922.0,105
77927.0,105
77941.0,105
78024.0,105
78025.0,105
78025.0,105
78045.0,105
78046.0,105
78055.0,105
78062.0,105
78086.0,105
78091.0,105
78109.0,105
78113.0,105
78143.0,105
78147.0,105
78173.0,105
78175.0,105
78198.0,105
78219.0,105
78239.0,105
78253.0,105
78260.0,105
78284.0,105
78293.0,105
78310.0,105
78322.0,105
78326.0,105
78344.0,105
78411.0,105
78413.0,105
78427.0,105
78429.0,105
78443.0,105
78473.0,105
78481.0,105
78518.0,105
78561.0,105
78579.0,105
78602.0,105
78626.0,105
78633.0,105
78648.0,105
78661.0,105
78670.0,105
78671.0,105
78684.0,105
78685.0,105
78700.0,105
78737.0,105
78747.0,105
78759.0,105
78821.0,105
78857.0,105
78873.0,105
78909.0,105
78943.0,105
78958.0,105
79012.0,105
79014.0,105
79040.0,105
79044.0,105
79056.0,105
79072.0,105
79076.0,105
79110.0,105
79131.0,105
79136.0,105
79138.0,105
79142.0,105
79150.0,105
79169.0,105
79177.0,105
79197.0,105
79219.0,105
79225.0,105
79241.0,105
79243.0,105
79255.0,105
79275.0,105
79283.0,105
79285.0,105
79313.0,105
79326.0,105
79331.0,105
79333.0,105
79334.0,105
79358.0,105
79358.0,105
79376.0,105
79378.0,105
79388.0,105
79414.0,105
79439.0,105
79447.0,105
79448.0,105
79481.0,105
79490.0,105
79496.0,105
79497.0,105
79498.0,105
79512.0,105
79564.0,105
79582.0,105
79587.0,105
79609.0,105
79610.0,105
79614.0,105
79621.0,105
79624.0,105
79632.0,105
79635.0,105
79647.0,105
79674.0,105
79675.0,105
79677.0,105
79689.0,105
79704.0,105
79709.0,105
79761.0,105
79778.0,105
79788.0,105
79815.0,105
79848.0,105
79854.0,105
79863.0,105
79865.0,105
79876.0,105
79910.0,105
79918.0,105
79931.0,105
79936.0,105
79955.0,105
79996.0,105
80003.0,105
80008.0,105
80021.0,105
80033.0,105
80041.0,105
80045.0,105
80055.0,105
80056.0,105
80080.0,105
80088.0,105
80099.0,105
80105.0,105
80110.0,105
80115.0,105
80135.0,105
80208.0,105
80217.0,105
80218.0,105
80219.0,105
80263.0,105
80264.0,105
80268.0,105
80280.0,105
80288.0,105
80290.0,105
80291.0,105
80304.0,105
80348.0,105
80365.0,105
80371.0,105
80383.0,105
80394.0,105
80405.0,105
80420.0,105
80432.0,105
80470.0,105
80484.0,105
80492.0,105
80528.0,105
80533.0,105
80544.0,105
80566.0,105
80663.0,105
80674.0,105
80683.0,105
80695.0,105
80709.0,105
80712.0,105
80720.0,105
80722.0,105
80728.0,105
80731.0,105
80742.0,105
80767.0,105
80767.0,105
80769.0,105
80773.0,105
80776.0,105
80816.0,105
80820.0,105
80850.0,105
80850.0,105
80859.0,105
80862.0,105
80880.0,105
80885.0,105
80893.0,105
80893.0,105
80914.0,105
80915.0,105
80918.0,105
80922.0,105
80947.0,105
80949.0,105
80956.0,105
80958.0,105
80960.0,105
80976.0,105
81012.0,105
81013.0,105
81021.0,105
81034.0,105
81035.0,105
81036.0,105
81047.0,105
81082.0,105
81103.0,105
81151.0,105
81155.0,105
81177.0,105
81184.0,105
81209.0,105
81209.0,105
81214.0,105
81219.0,105
81220.0,105
81250.0,105
81263.0,105
81300.0,105
81306.0,105
81314.0,105
81321.0,105
81334.0,105
81337.0,105
81361.0,105
81413.0,105
81423.0,105
81429.0,105
81430.0,105
81442.0,105
81445.0,105
81448.0,105
81451.0,105
81478.0,105
81498.0,105
81543.0,105
81566.0,105
81577.0,105
81580.0,105
81591.0,105
81598.0,105
81602.0,105
81608.0,105
81641.0,105
81642.0,105
81662.0,105
81665.0,105
81668.0,105
81703.0,105
81707.0,105
81731.0,105
81780.0,105
81787.0,105
81812.0,105
81815.0,105
81816.0,105
81819.0,105
81823.0,105
81847.0,105
81858.0,105
81864.0,105
81881.0,105
81887.0,105
81891.0,105
81892.0,105
81899.0,105
81901.0,105
81918.0,105
81929.0,105
81934.0,105
81942.0,105
81953.0,105
81959.0,105
81977.0,105
81991.0,105
81995.0,105
81998.0,105
82014.0,105
82020.0,105
82047.0,105
82091.0,105
82103.0,105
82104.0,105
82109.0,105
82178.0,105
82201.0,105
82224.0,105
82226.0,105
82231.0,105
82249.0,105
82268.0,105
82298.0,105
82338.0,105
82339.0,105
82358.0,105
82358.0,105
82372.0,105
82402.0,105
82410.0,105
82429.0,105
82432.0,105
82439.0,105
82445.0,105
82461.0,105
82461.0,105
82481.0,105
82503.0,105
82504.0,105
82538.0,105
82559.0,105
82565.0,105
82584.0,105
82594.0,105
82596.0,105
82606.0,105
82663.0,105
82670.0,105
82695.0,105
82705.0,105
82706.0,105
82757.0,105
82763.0,105
82798.0,105
82856.0,105
82860.0,105
82870.0,105
82901.0,105
82904.0,105
82918.0,105
82928.0,105
82952.0,105
82957.0,105
82990.0,105
82998.0,105
83005.0,105
83032.0,105
83034.0,105
83038.0,105
83051.0,105
83073.0,105
83107.0,105
83148.0,105
83152.0,105
83190.0,105
83195.0,105
83208.0,105
83218.0,105
83229.0,105
83234.0,105
83242.0,105
83249.0,105
83251.0,105
83262.0,105
83270.0,105
83272.0,105
83278.0,105
83280.0,105
83282.0,105
83284.0,105
83313.0,105
83313.0,105
83330.0,105
83345.0,105
83353.0,105
83364.0,105
83380.0,105
83385.0,105
83431.0,105
83448.0,105
83451.0,105
83466.0,105
83479.0,105
83497.0,105
83513.0,105
83545.0,105
83549.0,105
83566.0,105
83571.0,105
83572.0,105
83583.0,105
83606.0,105
83624.0,105
83656.0,105
83733.0,105
83738.0,105
83747.0,105
83753.0,105
83793.0,105
83802.0,105
83873.0,105
83875.0,105
83905.0,105
83910.0,105
83911.0,105
83912.0,105
83922.0,105
83946.0,105
83949.0,105
83967.0,105
83995.0,105
83995.0,105
84006.0,105
84007.0,105
84082.0,105
84090.0,105
84128.0,105
84129.0,105
84144.0,105
84168.0,105
84173.0,105
84177.0,105
84210.0,105
84211.0,105
84231.0,105
84253.0,105
84267.0,105
84269.0,105
84273.0,105
84278.0,105
84283.0,105
84292.0,105
84307.0,105
84314.0,105
84333.0,105
84341.0,105
84362.0,105
84369.0,105
84383.0,105
84407.0,105
84419.0,105
84454.0,105
84497.0,105
84501.0,105
84514.0,105
84534.0,105
84538.0,105
84545.0,105
84546.0,105
84559.0,105
84573.0,105
84589.0,105
84604.0,105
84621.0,105
84634.0,105
84662.0,105
84663.0,105
84684.0,105
84686.0,105
84702.0,105
84710.0,105
84726.0,105
84730.0,105
84733.0,105
84746.0,105
84775.0,105
84784.0,105
84807.0,105
84810.0,105
84822.0,105
84850.0,105
84860.0,105
84865.0,105
84866.0,105
84878.0,105
84882.0,105
84921.0,105
84935.0,105
84944.0,105
84946.0,105
84948.0,105
84974.0,105
84999.0,105
85011.0,105
85053.0,105
85074.0,105
85090.0,105
85128.0,105
85144.0,105
85149.0,105
85155.0,105
85165.0,105
85244.0,105
85257.0,105
85258.0,105
85275.0,105
85279.0,105
85285.0,105
85286.0,105
85294.0,105
85380.0,105
85383.0,105
85401.0,105
85426.0,105
85441.0,105
85447.0,105
85448.0,105
85449.0,105
85459.0,105
85464.0,105
85475.0,105
85499.0,105
85539.0,105
85570.0,105
85573.0,105
85585.0,105
85586.0,105
85589.0,105
85597.0,105
85599.0,105
85605.0,105
85608.0,105
85655.0,105
85688.0,105
85694.0,105
85709.0,105
85710.0,105
85717.0,105
85721.0,105
85746.0,105
85768.0,105
85776.0,105
85831.0,105
85837.0,105
85891.0,105
85894.0,105
85899.0,105
85921.0,105
85936.0,105
85940.0,105
85943.0,105
85953.0,105
85961.0,105
85984.0,105
85999.0,105
86013.0,105
86076.0,105
86093.0,105
86101.0,105
86109.0,105
86181.0,105
86208.0,105
86227.0,105
86234.0,105
86256.0,105
86277.0,105
86280.0,105
86286.0,105
86331.0,105
86338.0,105
86376.0,105
86388.0,105
86400.0,105
86401.0,105
86432.0,105
86453.0,105
86454.0,105
86485.0,105
86493.0,105
86533.0,105
86537.0,105
86580.0,105
86603.0,105
86625.0,105
86637.0,105
86640.0,105
86650.0,105
86653.0,105
86655.0,105
86666.0,105
86689.0,105
86697.0,105
86708.0,105
86744.0,105
86790.0,105
86833.0,105
86849.0,105
86853.0,105
86896.0,105
86903.0,105
86913.0,105
86920.0,105
86922.0,105
86926.0,105
86928.0,105
86958.0,105
86964.0,105
86977.0,105
87006.0,105
87029.0,105
87030.0,105
87054.0,105
87078.0,105
87094.0,105
87103.0,105
87121.0,105
87125.0,105
87145.0,105
87151.0,105
87155.0,105
87166.0,105
87172.0,105
87214.0,105
87263.0,105
87266.0,105
87272.0,105
87275.0,105
87327.0,105
87330.0,105
87334.0,105
87338.0,105
87376.0,105
87395.0,105
87418.0,105
87425.0,105
87435.0,105
87458.0,105
87459.0,105
87465.0,105
87476.0,105
87510.0,105
87523.0,105
87542.0,105
87546.0,105
87554.0,105
87561.0,105
87573.0,105
87575.0,105
87580.0,105
87591.0,105
87606.0,105
87609.0,105
87613.0,105
87621.0,105
87626.0,105
87669.0,105
87680.0,105
87688.0,105
87694.0,105
87697.0,105
87711.0,105
87715.0,105
87749.0,105
87752.0,105
87757.0,105
87765.0,105
87790.0,105
87794.0,105
87828.0,105
87842.0,105
87847.0,105
87850.0,105
87865.0,105
87867.0,105
87872.0,105
87894.0,105
87895.0,105
87914.0,105
87932.0,105
87950.0,105
87986.0,105
87992.0,105
88007.0,105
88021.0,105
88021.0,105
88047.0,105
88054.0,105
88066.0,105
88083.0,105
88104.0,105
88128.0,105
88142.0,105
88171.0,105
88181.0,105
88207.0,105
88212.0,105
88219.0,105
88235.0,105
88247.0,105
88260.0,105
88338.0,105
88341.0,105
88343.0,105
88359.0,105
88361.0,105
88372.0,105
88374.0,105
88379.0,105
88389.0,105
88392.0,105
88395.0,105
88400.0,105
88404.0,105
88443.0,105
88451.0,105
88454.0,105
88465.0,105
88488.0,105
88531.0,105
88534.0,105
88567.0,105
88570.0,105
88574.0,105
88581.0,105
88592.0,105
88595.0,105
88596.0,105
88601.0,105
88610.0,105
88650.0,105
88672.0,105
88685.0,105
88712.0,105
88735.0,105
88737.0,105
88746.0,105
88753.0,105
88763.0,105
88774.0,105
88782.0,105
88789.0,105
88802.0,105
88808.0,105
88894.0,105
88905.0,105
88942.0,105
88950.0,105
88972.0,105
88975.0,105
88986.0,105
88995.0,105
89020.0,105
89029.0,105
89038.0,105
89058.0,105
89137.0,105
89139.0,105
89147.0,105
89155.0,105
89162.0,105
89173.0,105
89188.0,105
89189.0,105
89207.0,105
89209.0,105
89227.0,105
89248.0,105
89258.0,105
89290.0,105
89317.0,105
89339.0,105
89340.0,105
89353.0,105
89363.0,105
89377.0,105
89380.0,105
89382.0,105
89398.0,105
89402.0,105
89402.0,105
89416.0,105
89436.0,105
89456.0,105
89480.0,105
89497.0,105
89506.0,105
89509.0,105
89510.0,105
89513.0,105
89522.0,105
89527.0,105
89539.0,105
89547.0,105
89562.0,105
89571.0,105
89573.0,105
89586.0,105
89595.0,105
89598.0,105
89634.0,105
89648.0,105
89651.0,105
89652.0,105
89670.0,105
89728.0,105
89759.0,105
89777.0,105
89798.0,105
89803.0,105
89806.0,105
89826.0,105
89846.0,105
89932.0,105
89963.0,105
89968.0,105
89982.0,105
90018.0,105
90035.0,105
90036.0,105
90070.0,105
90072.0,105
90091.0,105
90095.0,105
90174.0,105
90180.0,105
90191.0,105
90203.0,105
90224.0,105
90225.0,105
90237.0,105
90261.0,105
90263.0,105
90269.0,105
90277.0,105
90287.0,105
90340.0,105
90346.0,105
90380.0,105
90381.0,105
90434.0,105
90442.0,105
90452.0,105
90460.0,105
90487.0,105
90504.0,105
90512.0,105
90551.0,105
90590.0,105
90600.0,105
90605.0,105
90606.0,105
90628.0,105
90650.0,105
90655.0,105
90657.0,105
90676.0,105
90678.0,105
90695.0,105
90721.0,105
90730.0,105
90751.0,105
90768.0,105
90792.0,105
90807.0,105
90850.0,105
90868.0,105
90873.0,105
90886.0,105
90901.0,105
90908.0,105
90978.0,105
91032.0,105
91047.0,105
91059.0,105
91068.0,105
91086.0,105
91104.0,105
91114.0,105
91116.0,105
91117.0,105
91118.0,105
91152.0,105
91174.0,105
91214.0,105
91216.0,105
91224.0,105
91234.0,105
91237.0,105
91249.0,105
91274.0,105
91277.0,105
91310.0,105
91336.0,105
91336.0,105
91374.0,105
91379.0,105
91387.0,105
91393.0,105
91394.0,105
91408.0,105
91411.0,105
91426.0,105
91442.0,105
91449.0,105
91450.0,105
91465.0,105
91496.0,105
91502.0,105
91511.0,105
91517.0,105
91522.0,105
91561.0,105
91571.0,105
91584.0,105
91599.0,105
91602.0,105
91629.0,105
91630.0,105
91645.0,105
91667.0,105
91673.0,105
91702.0,105
91707.0,105
91716.0,105
91720.0,105
91749.0,105
91752.0,105
91831.0,105
91850.0,105
91852.0,105
91877.0,105
91919.0,105
91921.0,105
91931.0,105
91963.0,105
91989.0,105
91996.0,105
92011.0,105
92030.0,105
92056.0,105
92072.0,105
92085.0,105
92096.0,105
92098.0,105
92107.0,105
92184.0,105
92189.0,105
92224.0,105
92225.0,105
92237.0,105
92283.0,105
92309.0,105
92349.0,105
92368.0,105
92429.0,105
92457.0,105
92464.0,105
92481.0,105
92489.0,105
92500.0,105
92509.0,105
92514.0,105
92529.0,105
92538.0,105
92540.0,105
92551.0,105
92562.0,105
92567.0,105
92578.0,105
92581.0,105
92595.0,105
92598.0,105
92617.0,105
92628.0,105
92649.0,105
92659.0,105
92694.0,105
92698.0,105
92705.0,105
92710.0,105
92719.0,105
92744.0,105
92746.0,105
92751.0,105
92783.0,105
92784.0,105
92795.0,105
92818.0,105
92844.0,105
92845.0,105
92874.0,105
92879.0,105
92880.0,105
92914.0,105
92916.0,105
92981.0,105
92990.0,105
92998.0,105
93010.0,105
93023.0,105
93025.0,105
93049.0,105
93067.0,105
93124.0,105
93135.0,105
93143.0,105
93192.0,105
93195.0,105
93213.0,105
93220.0,105
93273.0,105
93290.0,105
93318.0,105
93345.0,105
93348.0,105
93361.0,105
93371.0,105
93374.0,105
93398.0,105
93422.0,105
93447.0,105
93497.0,105
93509.0,105
93511.0,105
93517.0,105
93538.0,105
93546.0,105
93553.0,105
93554.0,105
93558.0,105
93561.0,105
93576.0,105
93597.0,105
93598.0,105
93605.0,105
93612.0,105
93627.0,105
93637.0,105
93646.0,105
93662.0,105
93664.0,105
93722.0,105
93724.0,105
93751.0,105
93776.0,105
93786.0,105
93792.0,105
93808.0,105
93825.0,105
93872.0,105
93892.0,105
93905.0,105
93908.0,105
93922.0,105
93937.0,105
93940.0,105
93967.0,105
93976.0,105
93985.0,105
93995.0,105
93998.0,105
94008.0,105
94010.0,105
94034.0,105
94078.0,105
94090.0,105
94138.0,105
94148.0,105
94153.0,105
94187.0,105
94217.0,105
94243.0,105
94248.0,105
94272.0,105
94282.0,105
94323.0,105
94336.0,105
94352.0,105
94381.0,105
94404.0,105
94502.0,105
94511.0,105
94551.0,105
94590.0,105
94597.0,105
94599.0,105
94604.0,105
94628.0,105
94636.0,105
94640.0,105
94664.0,105
94685.0,105
94700.0,105
94705.0,105
94720.0,105
94732.0,105
94753.0,105
94771.0,105
94776.0,105
94781.0,105
94818.0,105
94824.0,105
94835.0,105
94843.0,105
94851.0,105
94861.0,105
94903.0,105
94907.0,105
94908.0,105
94910.0,105
94924.0,105
94926.0,105
95015.0,105
95058.0,105
95058.0,105
95084.0,105
95085.0,105
95098.0,105
95099.0,105
95106.0,105
95114.0,105
95121.0,105
95125.0,105
95141.0,105
95156.0,105
95179.0,105
95182.0,105
95184.0,105
95191.0,105
95206.0,105
95222.0,105
95233.0,105
95264.0,105
95302.0,105
95338.0,105
95343.0,105
95350.0,105
95358.0,105
95364.0,105
95390.0,105
95393.0,105
95403.0,105
95404.0,105
95430.0,105
95438.0,105
95443.0,105
95458.0,105
95463.0,105
95469.0,105
95511.0,105
95520.0,105
95521.0,105
95535.0,105
95582.0,105
95597.0,105
95611.0,105
95642.0,105
95645.0,105
95654.0,105
95678.0,105
95683.0,105
95700.0,105
95717.0,105
95737.0,105
95740.0,105
95760.0,105
95763.0,105
95770.0,105
95803.0,105
95823.0,105
95828.0,105
95838.0,105
95839.0,105
95843.0,105
95856.0,105
95868.0,105
95873.0,105
95900.0,105
95924.0,105
95953.0,105
95966.0,105
95985.0,105
95989.0,105
96001.0,105
96005.0,105
96029.0,105
96034.0,105
96060.0,105
96071.0,105
96090.0,105
96108.0,105
96113.0,105
96126.0,105
96128.0,105
96188.0,105
96203.0,105
96243.0,105
96259.0,105
96281.0,105
96293.0,105
96321.0,105
96323.0,105
96341.0,105
96350.0,105
96363.0,105
96366.0,105
96367.0,105
96429.0,105
96488.0,105
96509.0,105
96545.0,105
96560.0,105
96578.0,105
96580.0,105
96596.0,105
96605.0,105
96650.0,105
96685.0,105
96688.0,105
96690.0,105
96699.0,105
96727.0,105
96732.0,105
96742.0,105
96748.0,105
96751.0,105
96784.0,105
96795.0,105
96823.0,105
96827.0,105
96830.0,105
96841.0,105
96851.0,105
96852.0,105
96860.0,105
96871.0,105
96891.0,105
96901.0,105
96902.0,105
96932.0,105
96946.0,105
96953.0,105
96973.0,105
96979.0,105
96982.0,105
97002.0,105
97022.0,105
97070.0,105
97078.0,105
97083.0,105
97085.0,105
97113.0,105
97122.0,105
97123.0,105
97164.0,105
97174.0,105
97198.0,105
97220.0,105
97225.0,105
97226.0,105
97227.0,105
97241.0,105
97244.0,105
97249.0,105
97261.0,105
97267.0,105
97283.0,105
97283.0,105
97288.0,105
97292.0,105
97298.0,105
97315.0,105
97320.0,105
97354.0,105
97360.0,105
97361.0,105
97371.0,105
97389.0,105
97394.0,105
97425.0,105
97449.0,105
97453.0,105
97459.0,105
97471.0,105
97473.0,105
97479.0,105
97481.0,105
97482.0,105
97517.0,105
97529.0,105
97537.0,105
97550.0,105
97574.0,105
97586.0,105
97595.0,105
97624.0,105
97641.0,105
97669.0,105
97679.0,105
97703.0,105
97708.0,105
97741.0,105
97745.0,105
97757.0,105
97774.0,105
97814.0,105
97817.0,105
97820.0,105
97834.0,105
97839.0,105
97841.0,105
97867.0,105
97880.0,105
97907.0,105
97975.0,105
97980.0,105
97982.0,105
97983.0,105
98011.0,105
98024.0,105
98030.0,105
98042.0,105
98061.0,105
98062.0,105
98083.0,105
98084.0,105
98089.0,105
98108.0,105
98124.0,105
98132.0,105
98135.0,105
98140.0,105
98143.0,105
98194.0,105
98197.0,105
98213.0,105
98227.0,105
98234.0,105
98310.0,105
98330.0,105
98345.0,105
98348.0,105
98352.0,105
98382.0,105
98411.0,105
98416.0,105
98445.0,105
98449.0,105
98458.0,105
98469.0,105
98482.0,105
98502.0,105
98519.0,105
98541.0,105
98582.0,105
98589.0,105
98609.0,105
98619.0,105
98637.0,105
98647.0,105
98667.0,105
98675.0,105
98705.0,105
98710.0,105
98711.0,105
98726.0,105
98733.0,105
98751.0,105
98767.0,105
98772.0,105
98826.0,105
98828.0,105
98831.0,105
98854.0,105
98886.0,105
98896.0,105
98906.0,105
98922.0,105
98958.0,105
98980.0,105
98989.0,105
99013.0,105
99026.0,105
99035.0,105
99063.0,105
99068.0,105
99100.0,105
99116.0,105
99138.0,105
99184.0,105
99261.0,105
99289.0,105
99293.0,105
99294.0,105
99300.0,105
99334.0,105
99430.0,105
99455.0,105
99466.0,105
99476.0,105
99491.0,105
99495.0,105
99523.0,105
99564.0,105
99582.0,105
99596.0,105
99613.0,105
99617.0,105
99632.0,105
99642.0,105
99644.0,105
99664.0,105
99665.0,105
99666.0,105
99671.0,105
99675.0,105
99690.0,105
99695.0,105
99697.0,105
99707.0,105
99724.0,105
99741.0,105
99797.0,105
99820.0,105
99827.0,105
99848.0,105
99853.0,105
99861.0,105
99863.0,105
99889.0,105
99892.0,105
99915.0,105
99916.0,105
99926.0,105
99943.0,105
99953.0,105
99954.0,105
99955.0,105
100022.0,105
