Time,Free Slots
0.0,0
61.0,7
80.0,6
84.0,5
125.0,4
150.0,11
221.0,10
226.0,9
231.0,8
246.0,7
253.0,6
257.0,5
267.0,4
298.0,11
313.0,10
314.0,9
318.0,8
378.0,7
412.0,6
415.0,5
427.0,4
441.0,11
490.0,10
512.0,9
527.0,8
532.0,7
562.0,6
608.0,5
659.0,4
664.0,11
672.0,10
679.0,9
688.0,8
704.0,7
737.0,6
824.0,5
829.0,4
863.0,11
890.0,10
892.0,9
895.0,8
915.0,7
917.0,6
925.0,5
946.0,4
959.0,11
984.0,10
1001.0,9
1015.0,8
1027.0,7
1030.0,6
1051.0,5
1066.0,4
1072.0,11
1101.0,10
1103.0,9
1107.0,8
1141.0,7
1161.0,6
1183.0,7
1188.0,6
1204.0,5
1250.0,4
1253.0,11
1265.0,10
1305.0,9
1320.0,8
1326.0,7
1335.0,6
1343.0,5
1368.0,4
1396.0,11
1440.0,12
1446.0,11
1454.0,10
1455.0,9
1469.0,8
1476.0,7
1482.0,6
1496.0,5
1502.0,4
1531.0,11
1558.0,10
1579.0,9
1595.0,8
1632.0,7
1637.0,6
1655.0,5
1656.0,4
1662.0,11
1666.0,10
1676.0,9
1679.0,8
1682.0,7
1723.0,6
1724.0,7
1746.0,6
1763.0,5
1769.0,4
1815.0,11
1836.0,10
1845.0,9
1891.0,8
1922.0,7
1924.0,6
1970.0,5
1971.0,4
1993.0,11
1997.0,10
2021.0,9
2027.0,8
2033.0,7
2061.0,6
2099.0,5
2116.0,4
2126.0,11
2132.0,10
2142.0,9
2162.0,8
2176.0,7
2190.0,6
2216.0,5
2217.0,4
2221.0,11
2283.0,10
2293.0,9
2297.0,8
2346.0,9
2415.0,8
2454.0,7
2464.0,6
2472.0,5
2489.0,4
2513.0,11
2516.0,10
2537.0,9
2569.0,10
2609.0,11
2624.0,10
2652.0,9
2677.0,8
2684.0,7
2718.0,6
2767.0,5
2781.0,4
2802.0,11
2834.0,10
2843.0,9
2845.0,8
2846.0,7
2862.0,6
2880.0,5
2881.0,4
2890.0,11
2905.0,10
2910.0,9
2912.0,8
2928.0,7
2943.0,6
2949.0,7
3024.0,6
3032.0,5
3039.0,4
3041.0,11
3107.0,10
3131.0,9
3135.0,8
3141.0,7
3167.0,6
3174.0,5
3201.0,4
3220.0,11
3226.0,10
3226.0,11
3255.0,10
3258.0,9
3259.0,8
3284.0,7
3287.0,6
3300.0,5
3312.0,4
3332.0,11
3333.0,10
3353.0,9
3392.0,8
3396.0,7
3417.0,6
3435.0,5
3436.0,4
3453.0,5
3474.0,4
3490.0,11
3500.0,10
3548.0,9
3550.0,8
3551.0,7
3574.0,6
3582.0,5
3583.0,4
3590.0,11
3614.0,10
3656.0,9
3668.0,8
3689.0,9
3693.0,8
3726.0,7
3737.0,6
3767.0,5
3821.0,4
3833.0,11
3862.0,10
3909.0,9
3945.0,8
3991.0,7
3992.0,6
3994.0,5
4054.0,4
4072.0,11
4084.0,10
4092.0,9
4120.0,8
4124.0,7
4130.0,8
4152.0,9
4166.0,8
4182.0,7
4226.0,6
4229.0,5
4258.0,4
4261.0,11
4286.0,10
4321.0,9
4323.0,8
4346.0,7
4410.0,8
4420.0,7
4479.0,6
4507.0,5
4509.0,4
4526.0,11
4574.0,10
4579.0,9
4588.0,10
4601.0,9
4604.0,8
4625.0,7
4634.0,6
4643.0,7
4653.0,6
4694.0,5
4735.0,4
4761.0,5
4832.0,4
4877.0,11
4977.0,10
4994.0,9
5009.0,8
5026.0,7
5033.0,8
5053.0,7
5100.0,6
5107.0,5
5152.0,4
5172.0,11
5177.0,10
5186.0,9
5188.0,8
5272.0,7
5274.0,8
5290.0,7
5324.0,6
5328.0,5
5363.0,4
5377.0,11
5389.0,12
5400.0,11
5441.0,10
5442.0,9
5476.0,8
5480.0,7
5490.0,6
5494.0,5
5527.0,6
5540.0,5
5547.0,4
5588.0,11
5752.0,10
5769.0,9
5827.0,8
5833.0,7
5836.0,6
5855.0,5
5878.0,4
5887.0,11
5910.0,10
5940.0,9
5979.0,8
5996.0,7
6007.0,6
6008.0,5
6028.0,4
6033.0,11
6034.0,10
6052.0,9
6064.0,8
6073.0,7
6079.0,6
6090.0,7
6104.0,8
6124.0,7
6184.0,6
6208.0,5
6237.0,6
6243.0,5
6322.0,4
6330.0,11
6336.0,10
6339.0,9
6343.0,8
6364.0,7
6373.0,6
6386.0,5
6390.0,4
6391.0,11
6398.0,10
6400.0,9
6413.0,8
6423.0,7
6447.0,6
6480.0,5
6482.0,4
6533.0,11
6540.0,10
6568.0,9
6573.0,8
6587.0,7
6597.0,6
6625.0,5
6631.0,4
6677.0,11
6693.0,10
6705.0,9
6711.0,8
6721.0,7
6729.0,6
6737.0,5
6782.0,4
6805.0,11
6819.0,10
6835.0,9
6863.0,8
6866.0,7
6876.0,6
6893.0,5
6980.0,4
6986.0,11
6990.0,10
6994.0,9
7001.0,8
7047.0,7
7062.0,6
7143.0,5
7154.0,4
7195.0,11
7201.0,10
7224.0,9
7241.0,8
7248.0,7
7253.0,6
7262.0,5
7265.0,6
7271.0,5
7290.0,4
7308.0,11
7322.0,10
7324.0,9
7327.0,8
7420.0,7
7454.0,6
7474.0,5
7477.0,6
7496.0,5
7507.0,4
7561.0,11
7621.0,10
7629.0,11
7656.0,10
7660.0,9
7688.0,8
7716.0,7
7725.0,8
7757.0,7
7761.0,6
7779.0,5
7795.0,6
7810.0,5
7852.0,4
7886.0,11
7886.0,12
7896.0,11
7904.0,10
7918.0,9
7936.0,8
7964.0,9
7980.0,8
7997.0,7
8000.0,8
8006.0,7
8057.0,8
8066.0,7
8072.0,6
8098.0,7
8114.0,6
8146.0,5
8154.0,4
8182.0,11
8199.0,10
8212.0,9
8221.0,10
8241.0,11
8276.0,10
8314.0,9
8325.0,8
8329.0,7
8355.0,6
8376.0,5
8379.0,4
8392.0,5
8401.0,4
8449.0,11
8460.0,10
8519.0,9
8537.0,8
8556.0,7
8587.0,6
8598.0,7
8615.0,6
8667.0,5
8671.0,4
8690.0,11
8717.0,10
8769.0,9
8772.0,8
8809.0,7
8810.0,6
8849.0,7
8860.0,8
8863.0,7
8875.0,8
8886.0,7
8895.0,6
8896.0,5
8907.0,4
8958.0,11
8967.0,10
8972.0,9
8980.0,10
8993.0,9
8997.0,8
9008.0,7
9018.0,6
9022.0,5
9039.0,6
9061.0,5
9126.0,4
9137.0,11
9253.0,10
9272.0,9
9300.0,8
9346.0,7
9351.0,6
9364.0,5
9366.0,4
9379.0,11
9391.0,10
9408.0,9
9413.0,8
9472.0,7
9479.0,6
9490.0,5
9492.0,4
9494.0,5
9516.0,4
9522.0,11
9522.0,12
9545.0,11
9548.0,10
9552.0,9
9558.0,8
9564.0,7
9568.0,6
9603.0,7
9614.0,6
9619.0,5
9632.0,4
9651.0,5
9665.0,6
9667.0,5
9668.0,4
9686.0,11
9731.0,10
9740.0,9
9750.0,8
9757.0,7
9768.0,6
9780.0,5
9800.0,4
9829.0,5
9840.0,6
9844.0,5
9858.0,4
9879.0,11
9891.0,12
9892.0,11
9908.0,10
9911.0,9
9914.0,10
9951.0,9
9966.0,8
9973.0,7
10023.0,6
10041.0,5
10058.0,4
10094.0,11
10095.0,10
10142.0,9
10161.0,8
10183.0,7
10225.0,6
10233.0,7
10238.0,6
10243.0,7
10244.0,6
10271.0,5
10290.0,4
10300.0,11
10307.0,10
10309.0,11
10317.0,10
10330.0,9
10380.0,8
10386.0,9
10391.0,8
10398.0,7
10400.0,6
10419.0,5
10449.0,4
10449.0,5
10451.0,4
10465.0,11
10477.0,10
10512.0,9
10536.0,8
10554.0,7
10556.0,6
10559.0,5
10571.0,4
10587.0,11
10614.0,10
10636.0,9
10674.0,8
10688.0,7
10738.0,6
10776.0,7
10777.0,6
10829.0,5
10846.0,4
10847.0,11
10855.0,10
10856.0,9
10926.0,10
10939.0,9
10977.0,8
11013.0,7
11028.0,6
11030.0,7
11032.0,8
11035.0,7
11059.0,6
11061.0,5
11085.0,6
11085.0,7
11093.0,6
11120.0,5
11125.0,6
11145.0,5
11161.0,4
11165.0,5
11166.0,4
11167.0,11
11183.0,10
11216.0,9
11225.0,8
11236.0,7
11248.0,6
11256.0,7
11339.0,6
11350.0,5
11377.0,4
11380.0,11
11387.0,10
11393.0,9
11394.0,8
11406.0,7
11429.0,6
11489.0,5
11491.0,4
11534.0,11
11547.0,10
11551.0,9
11557.0,8
11578.0,7
11581.0,6
11593.0,7
11597.0,6
11602.0,5
11611.0,4
11633.0,11
11647.0,12
11681.0,12
11734.0,11
11738.0,10
11767.0,9
11771.0,8
11777.0,7
11781.0,6
11793.0,7
11811.0,6
11853.0,5
11856.0,4
11919.0,11
11953.0,10
11970.0,9
11981.0,8
11988.0,7
12002.0,6
12007.0,5
12009.0,4
12023.0,11
12041.0,10
12050.0,9
12056.0,8
12067.0,9
12091.0,8
12110.0,9
12132.0,8
12173.0,7
12210.0,6
12233.0,5
12243.0,4
12259.0,5
12261.0,6
12265.0,5
12288.0,6
12304.0,7
12305.0,6
12308.0,5
12336.0,4
12371.0,11
12386.0,10
12393.0,9
12473.0,8
12480.0,7
12481.0,6
12496.0,7
12499.0,6
12515.0,5
12524.0,4
12578.0,11
12634.0,10
12636.0,9
12661.0,8
12679.0,7
12699.0,6
12741.0,5
12770.0,4
12811.0,5
12814.0,4
12815.0,11
12823.0,10
12853.0,9
12865.0,8
12983.0,7
12996.0,6
13028.0,5
13033.0,4
13056.0,11
13063.0,10
13067.0,9
13105.0,8
13125.0,9
13146.0,8
13153.0,7
13164.0,6
13170.0,5
13171.0,4
13181.0,11
13194.0,10
13199.0,9
13229.0,8
13267.0,7
13272.0,6
13287.0,7
13288.0,6
13308.0,5
13322.0,4
13322.0,5
13325.0,4
13337.0,11
13351.0,10
13369.0,9
13401.0,8
13414.0,7
13414.0,8
13416.0,7
13430.0,6
13430.0,7
13437.0,6
13469.0,5
13477.0,6
13478.0,5
13481.0,4
13482.0,11
13568.0,12
13582.0,11
13593.0,10
13607.0,11
13608.0,10
13623.0,9
13632.0,8
13634.0,7
13636.0,6
13637.0,7
13661.0,6
13666.0,5
13669.0,4
13694.0,11
13750.0,10
13766.0,9
13807.0,8
13840.0,7
13874.0,6
13920.0,5
13954.0,4
13969.0,11
13975.0,12
14002.0,11
14004.0,10
14008.0,9
14013.0,8
14022.0,7
14054.0,6
14068.0,5
14094.0,4
14098.0,11
14114.0,12
14155.0,12
14207.0,12
14229.0,11
14252.0,10
14253.0,9
14259.0,8
14266.0,9
14292.0,8
14304.0,7
14314.0,6
14315.0,5
14333.0,4
14359.0,11
14376.0,10
14401.0,11
14412.0,10
14430.0,9
14435.0,8
14455.0,7
14458.0,6
14480.0,5
14506.0,6
14512.0,5
14516.0,4
14530.0,11
14544.0,10
14571.0,11
14576.0,10
14586.0,11
14604.0,10
14614.0,9
14620.0,8
14624.0,7
14628.0,8
14631.0,7
14644.0,6
14646.0,5
14661.0,4
14689.0,11
14697.0,12
14703.0,11
14728.0,10
14732.0,9
14759.0,8
14772.0,7
14805.0,6
14813.0,5
14846.0,6
14849.0,5
14851.0,4
14907.0,11
14910.0,10
14965.0,9
14980.0,8
14984.0,7
15052.0,6
15113.0,5
15133.0,4
15154.0,5
15169.0,4
15179.0,11
15191.0,12
15192.0,11
15197.0,10
15217.0,11
15240.0,10
15242.0,9
15254.0,8
15258.0,7
15293.0,6
15295.0,7
15297.0,6
15318.0,7
15338.0,6
15349.0,5
15355.0,6
15409.0,5
15432.0,4
15444.0,11
15447.0,12
15454.0,12
15476.0,11
15498.0,10
15499.0,9
15503.0,8
15510.0,9
15541.0,8
15568.0,7
15577.0,6
15579.0,7
15602.0,6
15616.0,5
15631.0,6
15643.0,5
15646.0,4
15647.0,11
15654.0,10
15657.0,11
15681.0,10
15693.0,9
15703.0,8
15705.0,7
15710.0,6
15728.0,7
15741.0,6
15781.0,5
15795.0,4
15804.0,11
15815.0,10
15830.0,9
15830.0,10
15831.0,11
15860.0,10
15886.0,9
15887.0,8
15888.0,7
15934.0,6
15987.0,5
16042.0,4
16045.0,11
16051.0,10
16059.0,9
16075.0,8
16094.0,7
16101.0,6
16104.0,5
16127.0,4
16142.0,11
16145.0,10
16151.0,9
16165.0,8
16181.0,7
16202.0,6
16221.0,5
16265.0,4
16270.0,11
16281.0,10
16328.0,9
16334.0,8
16341.0,7
16353.0,6
16356.0,5
16369.0,4
16373.0,11
16413.0,10
16416.0,9
16437.0,8
16453.0,7
16463.0,6
16477.0,5
16480.0,4
16481.0,11
16491.0,12
16517.0,11
16596.0,10
16612.0,11
16615.0,10
16633.0,9
16635.0,8
16659.0,7
16680.0,8
16688.0,7
16697.0,6
16712.0,5
16741.0,4
16744.0,5
16745.0,6
16761.0,5
16782.0,4
16783.0,5
16791.0,4
16814.0,11
16836.0,10
16837.0,9
16863.0,10
16865.0,9
16929.0,8
16946.0,7
16953.0,8
16969.0,7
16970.0,6
16981.0,7
16990.0,6
17022.0,5
17028.0,4
17032.0,11
17047.0,10
17064.0,11
17085.0,12
17122.0,11
17142.0,10
17171.0,9
17199.0,8
17203.0,8
17206.0,9
17231.0,8
17239.0,7
17248.0,6
17304.0,5
17311.0,4
17312.0,5
17324.0,4
17325.0,11
17339.0,11
17348.0,10
17351.0,11
17353.0,12
17392.0,11
17420.0,10
17446.0,11
17472.0,10
17481.0,11
17523.0,10
17524.0,11
17525.0,10
17557.0,11
17557.0,12
17565.0,11
17576.0,10
17600.0,9
17675.0,8
17710.0,7
17750.0,6
17764.0,5
17779.0,4
17793.0,5
17807.0,4
17811.0,11
17813.0,10
17816.0,9
17832.0,8
17844.0,7
17849.0,6
17859.0,7
17862.0,6
17867.0,5
17889.0,4
17891.0,11
17904.0,10
17996.0,9
18010.0,10
18034.0,9
18040.0,8
18043.0,7
18046.0,6
18048.0,5
18064.0,4
18085.0,5
18163.0,6
18182.0,5
18183.0,6
18203.0,5
18215.0,4
18259.0,11
18264.0,10
18275.0,9
18302.0,8
18303.0,7
18317.0,6
18324.0,5
18327.0,4
18332.0,11
18338.0,10
18371.0,9
18385.0,8
18385.0,9
18401.0,8
18403.0,7
18422.0,8
18423.0,9
18439.0,10
18453.0,9
18461.0,8
18474.0,7
18485.0,6
18488.0,5
18507.0,6
18516.0,7
18579.0,6
18587.0,5
18599.0,4
18636.0,11
18683.0,10
18704.0,9
18740.0,8
18750.0,9
18764.0,8
18770.0,8
18783.0,7
18785.0,8
18812.0,7
18835.0,6
18837.0,5
18839.0,4
18839.0,5
18840.0,4
18867.0,11
18875.0,10
18875.0,11
18901.0,10
18905.0,11
18910.0,10
18910.0,11
18913.0,10
18942.0,9
18943.0,8
19012.0,7
19042.0,6
19052.0,5
19055.0,4
19055.0,5
19063.0,4
19085.0,5
19101.0,4
19102.0,11
19131.0,12
19171.0,12
19178.0,11
19178.0,12
19197.0,11
19225.0,10
19247.0,9
19256.0,8
19262.0,7
19274.0,6
19293.0,5
19299.0,4
19304.0,11
19325.0,10
19359.0,9
19359.0,10
19379.0,9
19397.0,10
19403.0,9
19416.0,8
19437.0,7
19443.0,8
19465.0,7
19478.0,6
19481.0,7
19510.0,6
19537.0,7
19541.0,6
19567.0,5
19572.0,4
19588.0,11
19609.0,12
19625.0,11
19640.0,10
19657.0,9
19699.0,8
19710.0,7
19728.0,8
19741.0,7
19747.0,6
19844.0,5
19849.0,4
19855.0,5
19860.0,4
19887.0,11
19892.0,10
19923.0,9
19924.0,8
19925.0,7
19930.0,6
19940.0,5
19944.0,4
19986.0,11
19996.0,10
20022.0,9
20040.0,8
20051.0,7
20052.0,6
20061.0,5
20063.0,4
20077.0,11
20079.0,10
20096.0,9
20115.0,8
20148.0,7
20183.0,6
20185.0,5
20194.0,4
20219.0,11
20234.0,10
20238.0,9
20250.0,8
20251.0,7
20255.0,8
20282.0,7
20303.0,6
20337.0,7
20348.0,6
20379.0,5
20390.0,4
20400.0,11
20402.0,10
20418.0,11
20427.0,10
20428.0,9
20437.0,8
20464.0,9
20479.0,8
20536.0,7
20548.0,6
20579.0,5
20585.0,6
20618.0,5
20632.0,4
20634.0,11
20648.0,10
20675.0,9
20679.0,8
20682.0,7
20704.0,6
20706.0,5
20713.0,4
20719.0,3
20725.0,2
20754.0,1
20784.0,0
20794.0,0
20798.0,1
20800.0,0
20802.0,0
20803.0,1
20814.0,0
20861.0,0
20883.0,0
20900.0,0
20902.0,0
20905.0,0
20909.0,1
20947.0,0
20954.0,1
20983.0,2
20989.0,3
21006.0,2
21011.0,3
21028.0,2
21100.0,1
21109.0,0
21113.0,0
21119.0,0
21134.0,0
21136.0,1
21139.0,0
21165.0,0
21190.0,0
21192.0,0
21206.0,0
21241.0,0
21245.0,1
21265.0,2
21288.0,1
21299.0,0
21315.0,0
21330.0,0
21343.0,0
21374.0,0
21380.0,0
21384.0,0
21389.0,1
21401.0,0
21404.0,1
21447.0,0
21488.0,0
21493.0,0
21501.0,1
21529.0,0
21531.0,1
21533.0,0
21574.0,0
21581.0,1
21591.0,0
21595.0,1
21617.0,0
21627.0,0
21657.0,0
21668.0,1
21694.0,2
21709.0,1
21712.0,0
21730.0,1
21741.0,2
21762.0,1
21773.0,0
21789.0,0
21813.0,0
21821.0,0
21869.0,0
21895.0,0
21952.0,1
21952.0,2
21953.0,1
21957.0,2
21998.0,1
22002.0,2
22006.0,1
22026.0,0
22069.0,0
22084.0,0
22095.0,0
22118.0,0
22122.0,0
22134.0,0
22135.0,0
22150.0,0
22166.0,0
22180.0,1
22195.0,2
22222.0,1
22226.0,0
22262.0,1
22278.0,0
22286.0,0
22321.0,0
22330.0,0
22366.0,0
22370.0,0
22405.0,0
22411.0,0
22420.0,0
22448.0,0
22468.0,0
22505.0,0
22583.0,0
22586.0,0
22594.0,0
22596.0,0
22602.0,0
22618.0,1
22635.0,2
22672.0,1
22693.0,0
22708.0,0
22713.0,0
22721.0,0
22732.0,0
22741.0,1
22755.0,2
22774.0,3
22777.0,3
22807.0,2
22829.0,1
22831.0,0
22831.0,1
22846.0,2
22877.0,3
22881.0,2
22894.0,3
22901.0,2
22906.0,3
22946.0,2
22956.0,1
22959.0,0
22960.0,0
23011.0,0
23051.0,0
23058.0,0
23080.0,1
23094.0,2
23100.0,3
23133.0,2
23181.0,1
23199.0,2
23207.0,1
23214.0,0
23217.0,0
23222.0,0
23233.0,1
23239.0,0
23252.0,0
23266.0,0
23271.0,1
23279.0,0
23280.0,0
23319.0,0
23337.0,0
23339.0,0
23342.0,1
23348.0,0
23349.0,0
23408.0,0
23457.0,1
23472.0,0
23508.0,0
23511.0,0
23530.0,0
23560.0,1
23596.0,0
23613.0,0
23623.0,0
23625.0,1
23637.0,0
23650.0,0
23656.0,1
23668.0,0
23688.0,0
23696.0,0
23713.0,0
23728.0,0
23738.0,0
23741.0,0
23760.0,1
23779.0,0
23794.0,0
23796.0,0
23798.0,0
23805.0,1
23806.0,0
23813.0,0
23822.0,0
23827.0,0
23834.0,0
23849.0,0
23850.0,0
23851.0,0
23860.0,0
23877.0,0
23884.0,0
23895.0,0
23895.0,1
23915.0,0
23922.0,0
23924.0,1
23939.0,0
23966.0,1
23991.0,0
23994.0,0
24005.0,0
24016.0,0
24042.0,0
24050.0,0
24078.0,0
24113.0,1
24114.0,0
24116.0,0
24118.0,0
24142.0,0
24152.0,0
24162.0,0
24169.0,0
24173.0,1
24175.0,0
24184.0,0
24199.0,0
24207.0,1
24213.0,0
24216.0,1
24217.0,0
24222.0,0
24224.0,1
24266.0,2
24308.0,1
24311.0,0
24313.0,0
24317.0,0
24328.0,0
24342.0,0
24343.0,0
24360.0,0
24387.0,0
24425.0,0
24437.0,0
24444.0,0
24476.0,0
24509.0,0
24548.0,0
24560.0,0
24578.0,0
24597.0,0
24621.0,0
24621.0,1
24625.0,0
24626.0,0
24629.0,1
24638.0,0
24639.0,0
24643.0,0
24660.0,0
24662.0,0
24670.0,0
24689.0,0
24694.0,0
24707.0,0
24711.0,0
24712.0,0
24779.0,0
24780.0,0
24790.0,0
24791.0,0
24795.0,0
24801.0,1
24804.0,1
24841.0,0
24851.0,1
24854.0,0
24864.0,1
24914.0,2
24958.0,1
24977.0,0
24994.0,1
25001.0,0
25011.0,0
25020.0,0
25024.0,0
25040.0,0
25053.0,0
25076.0,1
25084.0,0
25089.0,0
25098.0,0
25166.0,0
25175.0,0
25178.0,0
25198.0,0
25209.0,0
25252.0,0
25257.0,0
25260.0,1
25269.0,2
25274.0,1
25275.0,0
25291.0,0
25297.0,0
25346.0,1
25353.0,2
25358.0,3
25384.0,2
25425.0,1
25457.0,0
25489.0,0
25494.0,0
25531.0,1
25535.0,0
25604.0,0
25615.0,1
25655.0,0
25659.0,0
25665.0,1
25670.0,0
25673.0,0
25680.0,1
25694.0,0
25735.0,0
25746.0,0
25763.0,0
25775.0,1
25786.0,0
25806.0,1
25838.0,2
25841.0,1
25853.0,0
25898.0,0
25941.0,0
25956.0,0
26009.0,0
26022.0,0
26048.0,0
26051.0,0
26060.0,0
26061.0,0
26067.0,1
26099.0,0
26131.0,1
26174.0,0
26224.0,1
26254.0,1
26290.0,0
26291.0,0
26327.0,0
26331.0,0
26361.0,0
26367.0,0
26391.0,1
26411.0,0
26425.0,0
26436.0,0
26438.0,0
26441.0,0
26501.0,0
26513.0,0
26564.0,1
26572.0,0
26586.0,0
26603.0,0
26611.0,1
26613.0,0
26620.0,0
26627.0,0
26630.0,0
26657.0,1
26665.0,2
26680.0,3
26684.0,2
26728.0,3
26739.0,2
26741.0,2
26762.0,1
26781.0,0
26802.0,0
26846.0,0
26852.0,0
26858.0,1
26878.0,0
26901.0,0
26927.0,0
26949.0,0
26960.0,1
26975.0,0
27005.0,0
27019.0,0
27022.0,0
27024.0,0
27028.0,0
27032.0,1
27041.0,0
27043.0,1
27047.0,2
27047.0,3
27054.0,2
27056.0,1
27056.0,2
27057.0,1
27085.0,0
27088.0,0
27095.0,0
27103.0,0
27147.0,0
27148.0,1
27150.0,0
27197.0,1
27229.0,0
27264.0,1
27288.0,0
27296.0,0
27298.0,1
27323.0,0
27327.0,0
27349.0,0
27378.0,0
27403.0,0
27406.0,0
27417.0,0
27427.0,1
27436.0,0
27450.0,0
27456.0,0
27463.0,1
27469.0,0
27473.0,1
27473.0,2
27475.0,1
27486.0,0
27521.0,0
27524.0,0
27546.0,0
27557.0,0
27589.0,1
27612.0,0
27619.0,0
27641.0,0
27649.0,0
27660.0,0
27665.0,0
27672.0,0
27674.0,0
27684.0,0
27689.0,1
27715.0,0
27724.0,1
27726.0,2
27736.0,1
27737.0,0
27748.0,0
27759.0,0
27764.0,0
27778.0,1
27791.0,0
27806.0,0
27814.0,0
27844.0,0
27874.0,0
27919.0,1
27920.0,0
27921.0,0
27953.0,1
27960.0,0
27967.0,0
27982.0,0
27992.0,0
28000.0,0
28000.0,1
28072.0,0
28074.0,1
28075.0,0
28100.0,0
28106.0,1
28116.0,0
28119.0,1
28127.0,0
28133.0,0
28147.0,0
28160.0,0
28189.0,0
28224.0,1
28255.0,0
28268.0,0
28270.0,1
28271.0,2
28273.0,1
28279.0,0
28283.0,0
28314.0,0
28318.0,0
28339.0,0
28362.0,0
28371.0,0
28376.0,0
28378.0,1
28423.0,0
28425.0,0
28426.0,0
28433.0,0
28438.0,1
28471.0,0
28502.0,1
28508.0,0
28529.0,0
28531.0,1
28538.0,0
28551.0,0
28563.0,0
28567.0,0
28572.0,0
28610.0,0
28613.0,0
28629.0,1
28642.0,2
28647.0,1
28648.0,2
28653.0,1
28718.0,0
28722.0,1
28759.0,2
28839.0,1
28846.0,0
28865.0,0
28885.0,0
28890.0,0
28934.0,0
28938.0,1
28989.0,0
29003.0,1
29015.0,0
29079.0,1
29083.0,0
29109.0,0
29130.0,0
29134.0,0
29164.0,0
29165.0,0
29174.0,0
29180.0,0
29186.0,0
29212.0,0
29220.0,1
29224.0,2
29227.0,1
29228.0,0
29250.0,0
29257.0,0
29301.0,0
29308.0,1
29309.0,0
29312.0,0
29319.0,1
29348.0,0
29352.0,0
29354.0,1
29409.0,1
29418.0,0
29424.0,0
29433.0,0
29437.0,0
29439.0,1
29490.0,0
29505.0,0
29506.0,0
29510.0,0
29517.0,0
29535.0,0
29553.0,0
29558.0,0
29575.0,1
29582.0,2
29591.0,1
29625.0,0
29650.0,1
29661.0,0
29674.0,0
29679.0,0
29684.0,0
29697.0,0
29723.0,1
29725.0,0
29782.0,0
29793.0,0
29830.0,0
29854.0,0
29876.0,0
29918.0,0
29921.0,0
29925.0,1
29926.0,0
29939.0,0
29956.0,1
29957.0,0
29967.0,1
29969.0,0
29975.0,0
29979.0,0
29983.0,1
29984.0,0
30053.0,0
30075.0,0
30076.0,0
30106.0,1
30113.0,2
30121.0,1
30141.0,0
30146.0,1
30151.0,0
30174.0,0
30198.0,1
30282.0,0
30292.0,0
30314.0,0
30330.0,0
30334.0,0
30339.0,0
30352.0,1
30353.0,0
30365.0,0
30372.0,1
30385.0,0
30385.0,1
30394.0,2
30398.0,3
30401.0,2
30416.0,1
30471.0,0
30495.0,0
30508.0,0
30532.0,0
30572.0,0
30605.0,0
30614.0,0
30667.0,0
30669.0,1
30672.0,2
30691.0,3
30699.0,2
30716.0,3
30722.0,2
30733.0,3
30747.0,2
30751.0,1
30767.0,0
30778.0,1
30779.0,0
30780.0,0
30851.0,0
30857.0,0
30891.0,0
30960.0,0
30975.0,0
31000.0,0
31015.0,1
31033.0,0
31042.0,1
31043.0,2
31048.0,3
31059.0,2
31100.0,1
31108.0,0
31142.0,0
31150.0,1
31161.0,0
31182.0,1
31202.0,0
31238.0,0
31239.0,0
31241.0,0
31248.0,0
31257.0,0
31266.0,0
31277.0,0
31308.0,0
31320.0,0
31329.0,0
31339.0,0
31360.0,0
31381.0,0
31392.0,0
31395.0,0
31395.0,1
31402.0,0
31440.0,0
31481.0,1
31496.0,0
31536.0,0
31567.0,1
31578.0,0
31596.0,0
31603.0,1
31612.0,0
31619.0,0
31633.0,0
31640.0,0
31710.0,0
31712.0,0
31767.0,0
31773.0,1
31775.0,0
31795.0,0
31802.0,0
31870.0,0
31884.0,0
31893.0,1
31898.0,0
31912.0,1
31919.0,0
31934.0,0
31960.0,1
31963.0,0
32009.0,0
32021.0,0
32064.0,0
32080.0,0
32082.0,1
32097.0,0
32105.0,1
32106.0,0
32112.0,0
32132.0,0
32176.0,0
32213.0,0
32236.0,0
32239.0,0
32244.0,0
32251.0,1
32256.0,0
32279.0,1
32291.0,0
32303.0,0
32304.0,0
32324.0,0
32330.0,0
32332.0,0
32374.0,0
32375.0,0
32380.0,0
32386.0,0
32399.0,0
32418.0,0
32420.0,0
32430.0,0
32457.0,1
32485.0,0
32492.0,0
32508.0,0
32528.0,0
32555.0,0
32557.0,0
32608.0,0
32624.0,0
32630.0,0
32634.0,1
32643.0,0
32656.0,1
32669.0,0
32675.0,0
32685.0,0
32687.0,1
32706.0,0
32708.0,1
32710.0,0
32717.0,0
32718.0,0
32732.0,0
32746.0,0
32749.0,0
32760.0,0
32767.0,0
32771.0,0
32772.0,0
32776.0,1
32819.0,0
32842.0,0
32843.0,1
32850.0,0
32856.0,0
32865.0,0
32872.0,1
32873.0,0
32881.0,1
32913.0,0
32916.0,0
32963.0,1
32971.0,0
32986.0,0
33028.0,0
33038.0,0
33052.0,0
33092.0,0
33129.0,0
33157.0,0
33176.0,0
33191.0,0
33199.0,1
33199.0,2
33223.0,1
33226.0,0
33227.0,0
33253.0,0
33254.0,1
33258.0,0
33259.0,0
33280.0,0
33304.0,1
33312.0,0
33313.0,1
33319.0,0
33338.0,0
33340.0,0
33346.0,0
33411.0,0
33428.0,0
33440.0,0
33464.0,0
33468.0,0
33479.0,0
33499.0,0
33502.0,0
33505.0,0
33509.0,0
33512.0,0
33514.0,1
33560.0,0
33575.0,0
33576.0,0
33578.0,0
33595.0,0
33619.0,0
33620.0,0
33636.0,0
33671.0,0
33672.0,0
33674.0,1
33685.0,2
33717.0,1
33722.0,0
33727.0,0
33752.0,1
33765.0,2
33767.0,1
33800.0,0
33805.0,0
33809.0,0
33820.0,1
33847.0,2
33863.0,1
33865.0,0
33867.0,0
33900.0,0
33992.0,0
34018.0,1
34026.0,0
34035.0,0
34037.0,0
34050.0,0
34072.0,0
34073.0,0
34077.0,0
34095.0,1
34096.0,0
34109.0,0
34111.0,1
34126.0,2
34128.0,1
34146.0,0
34150.0,0
34174.0,1
34189.0,0
34212.0,0
34231.0,0
34240.0,1
34245.0,0
34273.0,0
34285.0,0
34302.0,1
34324.0,0
34342.0,0
34346.0,0
34372.0,0
34377.0,0
34383.0,0
34395.0,0
34410.0,0
34412.0,0
34418.0,0
34422.0,1
34425.0,0
34444.0,1
34451.0,0
34458.0,0
34479.0,0
34486.0,0
34510.0,0
34529.0,0
34551.0,0
34582.0,0
34587.0,0
34612.0,0
34620.0,0
34624.0,1
34631.0,0
34650.0,0
34674.0,1
34691.0,0
34713.0,0
34759.0,0
34767.0,0
34781.0,0
34879.0,1
34917.0,0
34935.0,0
34937.0,0
34945.0,0
34978.0,0
35099.0,0
35100.0,0
35103.0,0
35112.0,0
35129.0,0
35133.0,0
35151.0,1
35152.0,0
35172.0,0
35173.0,0
35193.0,0
35213.0,0
35231.0,0
35325.0,0
35337.0,0
35339.0,0
35347.0,1
35366.0,0
35419.0,0
35435.0,0
35522.0,0
35544.0,1
35565.0,0
35591.0,0
35593.0,0
35616.0,0
35622.0,0
35626.0,1
35630.0,0
35652.0,0
35654.0,0
35666.0,0
35675.0,1
35679.0,0
35698.0,0
35723.0,0
35746.0,0
35750.0,0
35781.0,0
35798.0,0
35806.0,1
35816.0,0
35821.0,1
35839.0,2
35855.0,1
35866.0,0
35872.0,0
35884.0,1
35929.0,0
35935.0,1
35953.0,0
35953.0,1
35955.0,0
35967.0,0
35986.0,0
36029.0,0
36034.0,0
36078.0,0
36105.0,0
36129.0,0
36138.0,1
36139.0,0
36159.0,0
36172.0,0
36174.0,0
36176.0,0
36200.0,0
36210.0,1
36266.0,0
36276.0,0
36281.0,0
36294.0,0
36297.0,0
36301.0,0
36330.0,0
36342.0,0
36349.0,0
36375.0,1
36383.0,0
36386.0,0
36395.0,0
36397.0,0
36431.0,0
36440.0,0
36444.0,0
36458.0,0
36475.0,0
36478.0,0
36493.0,0
36513.0,0
36519.0,0
36527.0,1
36540.0,0
36575.0,0
36586.0,0
36612.0,0
36635.0,0
36675.0,0
36691.0,0
36731.0,0
36748.0,1
36783.0,2
36793.0,1
36807.0,0
36821.0,0
36858.0,0
36898.0,0
36906.0,0
36935.0,0
36940.0,0
36944.0,0
36962.0,0
36966.0,0
36983.0,1
37000.0,0
37022.0,0
37039.0,0
37046.0,0
37051.0,0
37058.0,0
37073.0,0
37129.0,1
37133.0,0
37165.0,0
37167.0,0
37205.0,0
37209.0,0
37214.0,0
37233.0,0
37256.0,1
37263.0,0
37274.0,0
37304.0,0
37324.0,0
37328.0,0
37337.0,0
37351.0,0
37352.0,0
37357.0,0
37369.0,0
37382.0,1
37405.0,2
37418.0,1
37422.0,0
37434.0,0
37455.0,0
37582.0,1
37589.0,2
37600.0,1
37603.0,0
37604.0,1
37609.0,0
37624.0,0
37626.0,0
37649.0,1
37673.0,2
37687.0,1
37688.0,0
37692.0,0
37700.0,1
37704.0,0
37716.0,0
37718.0,0
37721.0,0
37722.0,0
37728.0,1
37738.0,0
37748.0,0
37751.0,0
37757.0,0
37774.0,0
37784.0,0
37785.0,0
37800.0,0
37806.0,0
37807.0,0
37830.0,0
37837.0,0
37860.0,0
37898.0,0
37942.0,0
37949.0,0
38016.0,0
38042.0,0
38062.0,0
38067.0,0
38070.0,1
38072.0,0
38072.0,1
38079.0,0
38097.0,0
38115.0,1
38120.0,0
38173.0,0
38175.0,0
38194.0,0
38263.0,0
38277.0,0
38290.0,0
38318.0,0
38336.0,0
38371.0,0
38373.0,0
38378.0,0
38389.0,0
38408.0,0
38433.0,1
38481.0,0
38505.0,0
38510.0,0
38510.0,1
38519.0,0
38555.0,0
38582.0,0
38589.0,0
38597.0,0
38609.0,0
38612.0,0
38659.0,0
38672.0,0
38686.0,1
38698.0,0
38740.0,1
38740.0,2
38757.0,1
38768.0,0
38803.0,1
38811.0,0
38847.0,0
38850.0,0
38863.0,0
38882.0,0
38942.0,1
38944.0,0
38971.0,0
38979.0,0
38993.0,1
38996.0,0
39013.0,0
39066.0,0
39069.0,1
39146.0,0
39152.0,1
39222.0,0
39231.0,0
39233.0,0
39236.0,0
39246.0,1
39266.0,0
39271.0,0
39284.0,1
39296.0,0
39319.0,1
39332.0,0
39342.0,0
39350.0,0
39352.0,0
39366.0,0
39372.0,0
39406.0,0
39416.0,0
39424.0,0
39427.0,0
39451.0,0
39452.0,0
39457.0,0
39463.0,1
39485.0,0
39490.0,0
39502.0,1
39504.0,0
39507.0,0
39517.0,0
39562.0,1
39563.0,2
39565.0,1
39581.0,0
39617.0,0
39636.0,0
39642.0,0
39651.0,0
39674.0,0
39676.0,0
39681.0,0
39682.0,0
39717.0,1
39727.0,0
39728.0,1
39731.0,0
39771.0,1
39777.0,0
39804.0,0
39809.0,0
39851.0,0
39864.0,1
39885.0,0
39896.0,0
39904.0,0
39912.0,1
39924.0,0
39959.0,0
39979.0,0
39982.0,1
39995.0,2
40033.0,1
40043.0,0
40049.0,0
40056.0,0
40063.0,1
40071.0,0
40079.0,0
40079.0,1
40086.0,0
40163.0,0
40174.0,0
40178.0,0
40183.0,1
40216.0,0
40222.0,0
40227.0,1
40234.0,0
40235.0,0
40236.0,0
40257.0,1
40260.0,0
40264.0,0
40270.0,0
40286.0,0
40290.0,0
40301.0,0
40347.0,0
40357.0,0
40358.0,0
40368.0,0
40377.0,1
40383.0,0
40420.0,0
40423.0,0
40451.0,0
40464.0,1
40475.0,0
40476.0,0
40486.0,0
40504.0,0
40535.0,0
40536.0,0
40547.0,0
40563.0,0
40588.0,0
40635.0,0
40651.0,0
40663.0,0
40696.0,0
40698.0,0
40702.0,1
40756.0,0
40768.0,0
40774.0,0
40789.0,1
40809.0,2
40814.0,1
40816.0,0
40828.0,0
40839.0,0
40843.0,0
40876.0,0
40880.0,0
40883.0,0
40887.0,1
40898.0,0
40900.0,0
40910.0,0
40915.0,0
40922.0,0
40968.0,0
40974.0,0
40980.0,0
41015.0,0
41041.0,0
41050.0,1
41054.0,0
41063.0,0
41070.0,0
41169.0,0
41239.0,0
41259.0,1
41291.0,0
41309.0,0
41316.0,0
41329.0,0
41336.0,1
41347.0,0
41348.0,1
41365.0,0
41370.0,0
41394.0,0
41411.0,0
41412.0,0
41413.0,0
41494.0,0
41510.0,1
41515.0,0
41521.0,0
41524.0,0
41570.0,0
41602.0,1
41640.0,0
41663.0,0
41668.0,0
41682.0,1
41691.0,0
41700.0,1
41707.0,0
41713.0,0
41719.0,0
41728.0,0
41737.0,1
41747.0,2
41749.0,1
41768.0,0
41769.0,0
41775.0,0
41778.0,1
41784.0,0
41831.0,1
41844.0,0
41846.0,0
41847.0,0
41859.0,0
41863.0,0
41885.0,0
41887.0,0
41905.0,0
41919.0,0
41921.0,0
41930.0,0
41941.0,0
41953.0,0
41967.0,1
41977.0,0
41982.0,1
41988.0,0
42029.0,1
42052.0,0
42084.0,0
42111.0,1
42112.0,0
42117.0,0
42138.0,0
42139.0,0
42141.0,0
42147.0,1
42164.0,0
42167.0,0
42175.0,0
42203.0,1
42224.0,0
42235.0,0
42266.0,0
42267.0,0
42276.0,0
42277.0,0
42282.0,0
42283.0,1
42316.0,2
42333.0,1
42335.0,0
42345.0,0
42355.0,0
42357.0,0
42360.0,0
42440.0,0
42448.0,1
42452.0,0
42464.0,1
42478.0,0
42486.0,1
42514.0,2
42573.0,3
42607.0,2
42615.0,1
42624.0,0
42638.0,1
42646.0,0
42667.0,0
42685.0,0
42710.0,0
42725.0,0
42752.0,1
42779.0,0
42784.0,0
42791.0,0
42811.0,0
42816.0,0
42844.0,0
42883.0,1
42897.0,0
42913.0,0
42915.0,0
42933.0,0
42939.0,0
42974.0,0
42988.0,0
42994.0,0
43014.0,0
43038.0,0
43045.0,1
43048.0,2
43051.0,1
43075.0,2
43096.0,1
43101.0,0
43118.0,0
43167.0,0
43175.0,0
43205.0,0
43214.0,0
43225.0,0
43238.0,0
43260.0,0
43293.0,0
43296.0,0
43366.0,0
43368.0,0
43383.0,0
43405.0,0
43418.0,0
43429.0,0
43472.0,0
43482.0,0
43494.0,0
43495.0,0
43496.0,1
43553.0,0
43615.0,0
43617.0,0
43628.0,1
43646.0,0
43648.0,0
43655.0,1
43665.0,0
43692.0,0
43694.0,0
43713.0,0
43731.0,0
43764.0,0
43766.0,0
43777.0,0
43798.0,1
43814.0,2
43822.0,1
43826.0,0
43845.0,0
43861.0,0
43902.0,1
43917.0,0
43920.0,0
43922.0,0
43942.0,0
43973.0,0
44030.0,0
44031.0,0
44058.0,1
44072.0,2
44076.0,1
44077.0,0
44092.0,0
44109.0,0
44147.0,1
44161.0,0
44222.0,0
44303.0,0
44337.0,0
44340.0,0
44346.0,0
44361.0,1
44363.0,0
44393.0,0
44410.0,1
44415.0,0
44416.0,0
44448.0,0
44452.0,1
44461.0,0
44478.0,0
44498.0,0
44517.0,0
44581.0,0
44600.0,0
44620.0,0
44625.0,0
44628.0,0
44644.0,1
44644.0,2
44659.0,1
44660.0,0
44681.0,1
44693.0,0
44698.0,0
44708.0,0
44719.0,0
44733.0,0
44770.0,0
44785.0,0
44787.0,0
44804.0,0
44813.0,0
44821.0,1
44822.0,0
44823.0,0
44839.0,0
44840.0,0
44877.0,0
44879.0,0
44882.0,0
44897.0,0
44906.0,0
44930.0,0
44934.0,0
44951.0,0
44952.0,0
44963.0,0
44973.0,1
44987.0,0
44988.0,0
44992.0,0
45028.0,0
45055.0,1
45082.0,0
45092.0,0
45092.0,1
45095.0,0
45127.0,0
45139.0,0
45143.0,1
45143.0,2
45195.0,1
45202.0,0
45233.0,0
45236.0,0
45239.0,1
45244.0,0
45249.0,1
45275.0,2
45286.0,1
45308.0,0
45363.0,1
45389.0,0
45396.0,1
45423.0,0
45434.0,0
45441.0,1
45474.0,0
45476.0,0
45480.0,0
45496.0,0
45511.0,0
45514.0,0
45525.0,0
45529.0,0
45572.0,0
45581.0,0
45647.0,1
45666.0,1
45668.0,2
45677.0,1
45691.0,0
45692.0,0
45700.0,1
45716.0,0
45718.0,1
45719.0,0
45731.0,1
45748.0,0
45776.0,0
45785.0,0
45802.0,0
45819.0,0
45826.0,1
45858.0,0
45865.0,0
45877.0,1
45880.0,0
45891.0,0
45906.0,0
45907.0,0
45914.0,0
45915.0,0
45972.0,0
45985.0,0
46005.0,0
46016.0,0
46032.0,0
46048.0,1
46062.0,2
46063.0,1
46081.0,0
46100.0,0
46112.0,0
46161.0,0
46165.0,0
46167.0,0
46170.0,1
46178.0,0
46186.0,0
46196.0,1
46216.0,0
46218.0,0
46233.0,0
46240.0,0
46243.0,0
46274.0,0
46295.0,0
46328.0,0
46329.0,0
46337.0,0
46373.0,1
46390.0,0
46413.0,0
46451.0,0
46515.0,1
46529.0,2
46536.0,1
46538.0,0
46584.0,0
46589.0,0
46629.0,0
46652.0,0
46681.0,0
46689.0,0
46694.0,0
46704.0,0
46715.0,1
46723.0,0
46753.0,0
46807.0,0
46821.0,1
46824.0,0
46851.0,0
46856.0,0
46864.0,0
46885.0,0
46891.0,0
46898.0,0
46929.0,0
46930.0,0
46939.0,1
46951.0,0
46973.0,1
46985.0,2
46990.0,1
47000.0,0
47002.0,0
47005.0,0
47013.0,0
47055.0,0
47095.0,0
47124.0,0
47136.0,0
47148.0,1
47171.0,0
47185.0,0
47200.0,0
47208.0,0
47248.0,0
47309.0,0
47331.0,0
47365.0,0
47373.0,0
47376.0,0
47404.0,0
47410.0,0
47414.0,0
47440.0,0
47478.0,0
47479.0,0
47482.0,1
47498.0,0
47524.0,0
47543.0,0
47549.0,0
47579.0,1
47600.0,0
47604.0,1
47641.0,0
47665.0,0
47708.0,0
47711.0,0
47755.0,0
47821.0,0
47841.0,0
47847.0,0
47855.0,0
47865.0,0
47866.0,0
47906.0,0
47941.0,1
47950.0,0
47965.0,0
48008.0,0
48023.0,0
48058.0,0
48105.0,1
48107.0,0
48126.0,0
48137.0,0
48142.0,0
48163.0,0
48176.0,0
48204.0,0
48212.0,0
48263.0,0
48322.0,1
48340.0,0
48373.0,1
48375.0,0
48386.0,0
48387.0,0
48425.0,0
48429.0,0
48431.0,0
48446.0,0
48451.0,1
48484.0,2
48487.0,1
48496.0,0
48516.0,0
48519.0,0
48623.0,0
48625.0,0
48626.0,0
48659.0,0
48671.0,0
48686.0,0
48727.0,0
48758.0,0
48843.0,0
48848.0,1
48905.0,0
48935.0,1
48941.0,0
49038.0,0
49041.0,0
49050.0,0
49061.0,0
49096.0,0
49132.0,0
49139.0,0
49140.0,1
49146.0,0
49151.0,0
49158.0,0
49168.0,0
49216.0,0
49225.0,0
49279.0,0
49287.0,1
49295.0,0
49303.0,0
49334.0,0
49355.0,0
49357.0,0
49362.0,0
49378.0,0
49441.0,0
49461.0,0
49481.0,1
49510.0,0
49520.0,1
49535.0,0
49590.0,0
49598.0,0
49625.0,1
49630.0,0
49637.0,0
49644.0,0
49647.0,1
49651.0,0
49655.0,0
49669.0,0
49681.0,0
49690.0,1
49696.0,2
49700.0,1
49702.0,0
49713.0,0
49717.0,0
49720.0,1
49730.0,0
49782.0,1
49783.0,0
49789.0,0
49793.0,1
49795.0,0
49796.0,1
49797.0,2
49800.0,1
49810.0,0
49819.0,0
49824.0,0
49859.0,0
49861.0,1
49880.0,2
49899.0,1
49911.0,2
49924.0,3
49954.0,2
49958.0,3
49962.0,2
49967.0,3
49988.0,2
49991.0,1
49992.0,2
50006.0,1
50026.0,2
50029.0,1
50035.0,0
50056.0,0
50080.0,0
50115.0,0
50128.0,0
50132.0,0
50156.0,0
50176.0,1
50200.0,0
50224.0,0
50226.0,0
50232.0,0
50234.0,0
50242.0,0
50291.0,0
50305.0,0
50308.0,0
50313.0,1
50317.0,0
50318.0,0
50322.0,1
50338.0,0
50355.0,0
50360.0,0
50379.0,0
50410.0,1
50420.0,0
50429.0,0
50456.0,0
50499.0,0
50505.0,0
50511.0,0
50526.0,0
50562.0,1
50571.0,0
50583.0,0
50592.0,0
50609.0,0
50643.0,0
50655.0,0
50665.0,0
50722.0,0
50733.0,0
50750.0,1
50753.0,0
50757.0,1
50788.0,2
50790.0,1
50813.0,0
50841.0,0
50854.0,0
50862.0,1
50888.0,0
50890.0,1
50895.0,0
50911.0,0
50923.0,1
50928.0,0
50949.0,0
50954.0,1
50959.0,0
50966.0,1
51012.0,0
51023.0,0
51033.0,1
51037.0,2
51049.0,1
51054.0,0
51055.0,0
51061.0,0
51098.0,0
51102.0,0
51121.0,0
51151.0,0
51169.0,0
51190.0,0
51236.0,0
51244.0,0
51248.0,0
51263.0,1
51276.0,0
51285.0,0
51287.0,0
51325.0,0
51337.0,0
51362.0,0
51376.0,0
51383.0,1
51388.0,0
51396.0,0
51436.0,0
51437.0,0
51448.0,1
51471.0,0
51473.0,1
51474.0,2
51489.0,1
51491.0,0
51494.0,0
51510.0,0
51529.0,0
51539.0,0
51599.0,0
51610.0,1
51662.0,0
51680.0,0
51702.0,0
51721.0,0
51737.0,0
51752.0,0
51776.0,0
51785.0,1
51787.0,0
51809.0,0
51816.0,0
51825.0,0
51877.0,0
51885.0,0
51886.0,0
51895.0,0
51896.0,0
51923.0,0
51925.0,0
51940.0,0
51946.0,0
51958.0,0
51961.0,0
51967.0,0
51982.0,0
51984.0,0
51987.0,0
51989.0,0
51992.0,0
52004.0,0
52011.0,0
52012.0,0
52030.0,0
52039.0,0
52042.0,0
52045.0,0
52113.0,0
52154.0,0
52179.0,0
52199.0,0
52213.0,0
52220.0,0
52251.0,0
52272.0,1
52286.0,0
52305.0,0
52311.0,0
52350.0,0
52365.0,0
52366.0,0
52376.0,0
52377.0,0
52378.0,1
52432.0,0
52435.0,0
52465.0,0
52508.0,0
52527.0,0
52554.0,1
52557.0,0
52562.0,0
52591.0,0
52599.0,0
52621.0,0
52628.0,1
52634.0,0
52635.0,0
52648.0,0
52694.0,0
52723.0,1
52732.0,2
52735.0,1
52765.0,0
52782.0,0
52783.0,0
52817.0,0
52819.0,0
52864.0,0
52868.0,1
52900.0,0
52904.0,1
52959.0,0
52984.0,0
53007.0,0
53016.0,1
53026.0,0
53033.0,0
53058.0,0
53059.0,0
53096.0,0
53112.0,1
53144.0,0
53146.0,0
53153.0,0
53235.0,0
53261.0,0
53271.0,0
53283.0,0
53287.0,0
53292.0,0
53321.0,0
53340.0,0
53368.0,0
53370.0,0
53383.0,0
53392.0,0
53394.0,0
53415.0,0
53438.0,1
53457.0,0
53468.0,0
53479.0,0
53480.0,0
53502.0,0
53512.0,0
53523.0,0
53572.0,0
53590.0,0
53630.0,0
53643.0,0
53683.0,0
53683.0,1
53712.0,2
53714.0,1
53728.0,0
53744.0,0
53787.0,0
53823.0,0
53825.0,0
53840.0,0
53853.0,0
53861.0,0
53864.0,0
53880.0,0
53895.0,1
53901.0,0
53910.0,0
53919.0,0
53931.0,0
53933.0,1
53978.0,0
54003.0,0
54005.0,0
54031.0,0
54035.0,0
54036.0,1
54037.0,0
54040.0,0
54049.0,0
54056.0,1
54059.0,2
54059.0,3
54060.0,2
54061.0,1
54106.0,0
54122.0,0
54132.0,0
54177.0,0
54197.0,0
54242.0,0
54263.0,1
54274.0,0
54276.0,1
54290.0,0
54340.0,1
54341.0,0
54358.0,1
54365.0,0
54385.0,0
54457.0,1
54500.0,2
54518.0,1
54522.0,0
54537.0,0
54545.0,0
54547.0,0
54553.0,1
54611.0,0
54627.0,0
54628.0,1
54629.0,0
54679.0,0
54689.0,1
54693.0,0
54709.0,0
54715.0,0
54739.0,0
54847.0,0
54863.0,0
54874.0,0
54950.0,0
54956.0,0
54964.0,1
54970.0,0
54975.0,0
54994.0,1
55032.0,0
55068.0,1
55087.0,2
55097.0,1
55101.0,0
55110.0,0
55123.0,0
55141.0,1
55160.0,0
55163.0,1
55173.0,2
55182.0,1
55188.0,0
55203.0,0
55204.0,0
55219.0,0
55288.0,0
55307.0,0
55322.0,1
55328.0,2
55345.0,1
55354.0,0
55363.0,1
55373.0,0
55380.0,0
55386.0,1
55427.0,0
55496.0,0
55502.0,0
55531.0,0
55548.0,1
55560.0,0
55564.0,0
55575.0,1
55582.0,0
55584.0,0
55594.0,0
55602.0,0
55610.0,0
55618.0,0
55629.0,0
55644.0,0
55647.0,1
55653.0,0
55679.0,0
55681.0,0
55683.0,0
55710.0,0
55738.0,0
55745.0,1
55747.0,2
55785.0,1
55790.0,0
55852.0,0
55857.0,0
55877.0,0
55880.0,0
55883.0,0
55886.0,1
55897.0,0
55902.0,0
55912.0,0
55974.0,0
55980.0,0
55988.0,0
56003.0,0
56043.0,0
56052.0,0
56060.0,0
56085.0,0
56096.0,0
56120.0,0
56128.0,0
56135.0,0
56161.0,0
56249.0,0
56263.0,0
56271.0,1
56321.0,0
56322.0,0
56349.0,1
56356.0,0
56365.0,0
56409.0,0
56429.0,0
56431.0,0
56441.0,0
56445.0,1
56450.0,0
56458.0,0
56471.0,0
56487.0,0
56524.0,1
56525.0,0
56527.0,1
56549.0,2
56579.0,1
56609.0,0
56630.0,0
56648.0,0
56661.0,0
56662.0,0
56664.0,0
56671.0,0
56674.0,0
56706.0,0
56709.0,0
56751.0,0
56761.0,0
56764.0,1
56785.0,0
56821.0,0
56823.0,0
56825.0,0
56828.0,0
56838.0,0
56857.0,0
56882.0,0
56909.0,0
56922.0,0
56930.0,1
57052.0,0
57059.0,0
57060.0,0
57086.0,0
57156.0,0
57160.0,1
57162.0,0
57183.0,0
57186.0,0
57267.0,0
57279.0,0
57288.0,0
57312.0,0
57313.0,1
57315.0,0
57315.0,1
57328.0,0
57349.0,0
57364.0,0
57436.0,0
57449.0,0
57472.0,0
57498.0,0
57506.0,0
57526.0,0
57528.0,1
57547.0,0
57592.0,0
57593.0,0
57605.0,1
57618.0,0
57628.0,1
57634.0,0
57656.0,0
57671.0,1
57677.0,0
57682.0,0
57731.0,0
57760.0,0
57772.0,0
57780.0,1
57798.0,2
57807.0,1
57808.0,0
57809.0,1
57827.0,0
57832.0,0
57834.0,0
57856.0,0
57871.0,1
57873.0,0
57886.0,0
57908.0,1
57917.0,0
57924.0,0
57951.0,0
57969.0,0
57991.0,0
57992.0,1
58001.0,0
58004.0,0
58004.0,1
58015.0,0
58044.0,1
58064.0,0
58067.0,0
58085.0,0
58116.0,0
58152.0,0
58180.0,0
58187.0,0
58195.0,0
58196.0,0
58200.0,0
58204.0,0
58218.0,0
58223.0,0
58252.0,0
58301.0,0
58322.0,0
58326.0,0
58345.0,0
58353.0,0
58364.0,0
58364.0,1
58371.0,0
58380.0,0
58386.0,0
58393.0,0
58396.0,0
58441.0,0
58444.0,1
58509.0,0
58514.0,1
58573.0,0
58581.0,0
58589.0,0
58593.0,0
58604.0,0
58608.0,0
58629.0,0
58632.0,0
58684.0,0
58693.0,0
58709.0,0
58730.0,0
58732.0,1
58739.0,0
58752.0,0
58769.0,0
58852.0,0
58865.0,1
58889.0,0
58929.0,0
58939.0,1
58968.0,2
58992.0,1
59025.0,0
59056.0,0
59066.0,0
59078.0,0
59086.0,0
59142.0,0
59146.0,0
59148.0,0
59160.0,1
59173.0,2
59175.0,1
59188.0,0
59224.0,1
59250.0,0
59276.0,0
59286.0,0
59290.0,0
59296.0,0
59306.0,0
59307.0,1
59310.0,0
59359.0,0
59394.0,0
59399.0,0
59421.0,0
59422.0,0
59471.0,1
59476.0,0
59503.0,1
59579.0,0
59583.0,0
59586.0,0
59617.0,0
59620.0,1
59622.0,0
59656.0,0
59674.0,1
59679.0,1
59702.0,2
59713.0,1
59765.0,0
59799.0,1
59806.0,0
59808.0,0
59825.0,0
59826.0,1
59840.0,0
59843.0,0
59844.0,1
59852.0,2
59879.0,1
59888.0,0
59890.0,0
59906.0,0
59919.0,0
59931.0,0
59950.0,0
59960.0,0
59961.0,1
59981.0,0
59985.0,0
59986.0,0
59992.0,0
60019.0,0
60022.0,0
60034.0,1
60060.0,0
60091.0,1
60099.0,2
60139.0,1
60168.0,0
60169.0,0
60187.0,0
60202.0,0
60212.0,0
60213.0,1
60225.0,0
60231.0,0
60249.0,0
60255.0,0
60291.0,0
60297.0,0
60320.0,0
60334.0,0
60354.0,0
60356.0,0
60424.0,1
60463.0,2
60477.0,1
60512.0,0
60527.0,1
60539.0,0
60553.0,0
60557.0,1
60562.0,0
60568.0,0
60577.0,0
60593.0,0
60609.0,0
60619.0,0
60639.0,0
60670.0,0
60674.0,0
60693.0,0
60699.0,1
60727.0,2
60738.0,1
60740.0,0
60762.0,0
60780.0,0
60848.0,0
60869.0,0
60881.0,0
60895.0,1
60918.0,0
60963.0,0
60972.0,0
61049.0,0
61061.0,1
61088.0,0
61093.0,0
61100.0,0
61106.0,0
61149.0,0
61158.0,0
61159.0,0
61192.0,0
61194.0,1
61198.0,0
61211.0,0
61218.0,1
61231.0,0
61238.0,1
61248.0,0
61282.0,0
61284.0,0
61307.0,1
61341.0,2
61371.0,1
61416.0,0
61417.0,1
61419.0,0
61454.0,0
61459.0,0
61481.0,0
61497.0,1
61498.0,0
61558.0,1
61562.0,0
61580.0,0
61581.0,0
61582.0,0
61583.0,0
61637.0,0
61672.0,0
61688.0,0
61690.0,0
61702.0,1
61726.0,0
61755.0,0
61759.0,0
61763.0,0
61782.0,0
61783.0,0
61800.0,1
61848.0,2
61850.0,1
61856.0,0
61891.0,0
61905.0,0
61918.0,0
61934.0,1
61950.0,0
61952.0,0
61991.0,0
61994.0,0
62001.0,0
62004.0,0
62007.0,0
62016.0,0
62022.0,0
62028.0,0
62070.0,0
62105.0,0
62111.0,1
62114.0,0
62118.0,0
62147.0,0
62162.0,0
62204.0,0
62218.0,1
62279.0,0
62290.0,0
62300.0,0
62304.0,1
62318.0,0
62354.0,0
62363.0,0
62363.0,1
62372.0,0
62381.0,1
62401.0,0
62413.0,1
62422.0,0
62428.0,0
62436.0,0
62449.0,0
62450.0,0
62451.0,0
62466.0,1
62475.0,0
62543.0,0
62549.0,0
62562.0,0
62567.0,0
62568.0,0
62598.0,0
62601.0,0
62615.0,1
62643.0,0
62682.0,0
62719.0,0
62720.0,1
62724.0,1
62732.0,0
62750.0,1
62751.0,0
62759.0,1
62798.0,2
62802.0,1
62804.0,0
62862.0,0
62872.0,0
62888.0,0
62913.0,0
62949.0,0
62980.0,1
63004.0,2
63004.0,3
63027.0,2
63030.0,1
63039.0,0
63086.0,1
63113.0,2
63144.0,3
63147.0,4
63153.0,5
63181.0,6
63183.0,5
63212.0,6
63216.0,5
63220.0,6
63227.0,5
63256.0,4
63258.0,3
63261.0,2
63266.0,1
63273.0,2
63293.0,3
63296.0,4
63316.0,5
63349.0,4
63358.0,3
63388.0,2
63400.0,3
63404.0,2
63418.0,1
63438.0,0
63477.0,1
63493.0,0
63495.0,0
63496.0,0
63513.0,0
63522.0,1
63522.0,2
63523.0,1
63559.0,2
63567.0,1
63568.0,0
63577.0,1
63579.0,0
63591.0,1
63678.0,0
63682.0,0
63699.0,0
63702.0,1
63706.0,0
63739.0,1
63754.0,0
63758.0,0
63766.0,0
63771.0,0
63833.0,0
63842.0,1
63875.0,0
63883.0,0
63887.0,0
63907.0,0
63908.0,1
63964.0,0
63967.0,0
63968.0,1
64005.0,0
64007.0,0
64018.0,0
64040.0,0
64092.0,0
64100.0,1
64109.0,0
64111.0,0
64114.0,0
64123.0,0
64156.0,0
64166.0,0
64170.0,0
64195.0,0
64205.0,0
64219.0,0
64225.0,1
64252.0,0
64311.0,1
64311.0,2
64321.0,1
64322.0,0
64348.0,1
64370.0,2
64374.0,1
64412.0,0
64434.0,0
64448.0,0
64479.0,1
64481.0,0
64483.0,0
64504.0,1
64508.0,2
64527.0,1
64534.0,0
64559.0,1
64561.0,0
64565.0,0
64566.0,0
64582.0,0
64604.0,0
64609.0,0
64621.0,0
64648.0,1
64704.0,0
64722.0,1
64736.0,0
64739.0,0
64760.0,0
64813.0,0
64829.0,0
64851.0,0
64861.0,0
64862.0,0
64866.0,1
64883.0,0
64909.0,0
64926.0,0
64938.0,0
64951.0,0
64961.0,0
64969.0,0
65012.0,0
65014.0,0
65022.0,0
65034.0,0
65065.0,0
65077.0,0
65087.0,0
65107.0,0
65121.0,1
65136.0,0
65143.0,0
65166.0,0
65173.0,1
65198.0,2
65216.0,1
65217.0,0
65222.0,0
65232.0,1
65241.0,0
65246.0,0
65257.0,0
65259.0,0
65285.0,0
65300.0,0
65328.0,0
65330.0,0
65333.0,1
65340.0,0
65355.0,0
65361.0,1
65396.0,0
65398.0,0
65477.0,0
65502.0,0
65511.0,0
65517.0,1
65534.0,0
65604.0,0
65614.0,0
65617.0,1
65627.0,0
65640.0,1
65653.0,0
65665.0,0
65666.0,1
65666.0,2
65678.0,1
65684.0,2
65688.0,1
65696.0,0
65724.0,1
65733.0,0
65756.0,0
65782.0,1
65783.0,0
65792.0,0
65819.0,1
65864.0,0
65880.0,0
65886.0,0
65906.0,0
65934.0,0
65934.0,1
65951.0,0
65962.0,0
65986.0,0
65989.0,0
65993.0,1
66001.0,0
66040.0,0
66049.0,0
66083.0,1
66125.0,0
66169.0,0
66177.0,0
66191.0,0
66227.0,1
66234.0,2
66243.0,1
66254.0,0
66266.0,0
66280.0,0
66310.0,1
66315.0,2
66316.0,3
66324.0,2
66325.0,3
66331.0,4
66339.0,3
66344.0,4
66351.0,3
66355.0,2
66363.0,1
66385.0,2
66394.0,1
66403.0,2
66419.0,1
66460.0,2
66475.0,1
66492.0,0
66495.0,0
66511.0,0
66512.0,0
66513.0,0
66529.0,0
66543.0,0
66560.0,0
66676.0,0
66684.0,0
66689.0,0
66700.0,0
66709.0,0
66733.0,0
66740.0,0
66742.0,0
66744.0,0
66774.0,0
66779.0,0
66809.0,1
66835.0,0
66879.0,1
66931.0,0
66934.0,0
66937.0,0
66951.0,0
66952.0,0
66966.0,0
66976.0,0
67002.0,0
67010.0,0
67015.0,0
67018.0,0
67019.0,0
67050.0,0
67052.0,0
67053.0,0
67059.0,0
67086.0,1
67136.0,0
67159.0,0
67190.0,0
67223.0,0
67224.0,0
67229.0,1
67255.0,0
67259.0,0
67264.0,0
67269.0,0
67400.0,0
67437.0,0
67474.0,0
67520.0,0
67521.0,1
67522.0,0
67528.0,0
67572.0,0
67591.0,0
67616.0,0
67624.0,1
67631.0,0
67633.0,0
67647.0,0
67659.0,0
67674.0,0
67675.0,0
67680.0,0
67700.0,1
67702.0,0
67712.0,0
67762.0,1
67765.0,2
67773.0,1
67786.0,0
67791.0,1
67800.0,0
67802.0,0
67808.0,1
67817.0,2
67828.0,1
67829.0,0
67872.0,0
67897.0,0
67904.0,0
67911.0,0
67921.0,1
67978.0,0
67980.0,0
67991.0,0
67993.0,0
68025.0,0
68033.0,0
68072.0,0
68079.0,0
68085.0,0
68103.0,0
68122.0,0
68155.0,0
68158.0,0
68174.0,0
68182.0,0
68211.0,0
68212.0,0
68239.0,0
68239.0,1
68249.0,0
68275.0,0
68278.0,0
68286.0,1
68301.0,0
68302.0,0
68303.0,0
68306.0,1
68330.0,0
68354.0,0
68355.0,1
68356.0,0
68358.0,1
68373.0,0
68382.0,0
68400.0,0
68412.0,0
68438.0,0
68444.0,1
68457.0,0
68490.0,1
68501.0,0
68547.0,0
68552.0,0
68587.0,1
68628.0,0
68632.0,0
68643.0,0
68651.0,0
68659.0,0
68671.0,0
68699.0,0
68728.0,0
68756.0,0
68759.0,0
68792.0,0
68794.0,0
68834.0,0
68840.0,0
68855.0,0
68861.0,0
68869.0,0
68870.0,0
68879.0,0
68881.0,0
68886.0,0
68919.0,0
68947.0,0
68956.0,0
68963.0,0
68991.0,0
68999.0,0
69034.0,0
69046.0,0
69050.0,1
69097.0,0
69103.0,0
69138.0,0
69149.0,0
69161.0,0
69166.0,0
69168.0,1
69170.0,0
69182.0,0
69184.0,0
69186.0,0
69219.0,0
69225.0,0
69234.0,0
69251.0,0
69252.0,0
69265.0,0
69308.0,1
69311.0,0
69344.0,0
69347.0,1
69351.0,2
69431.0,1
69431.0,2
69442.0,3
69456.0,4
69458.0,3
69469.0,2
69486.0,1
69488.0,0
69500.0,0
69512.0,0
69517.0,1
69524.0,0
69528.0,0
69535.0,0
69564.0,0
69583.0,1
69589.0,0
69597.0,0
69638.0,0
69642.0,0
69649.0,0
69657.0,0
69659.0,1
69662.0,2
69664.0,1
69678.0,0
69686.0,0
69728.0,0
69753.0,0
69761.0,1
69777.0,0
69785.0,0
69793.0,0
69800.0,0
69808.0,0
69823.0,0
69826.0,0
69839.0,0
69850.0,0
69872.0,1
69884.0,0
69892.0,0
69894.0,0
69926.0,0
69929.0,0
69937.0,0
69954.0,1
69983.0,2
70008.0,1
70010.0,0
70023.0,1
70091.0,0
70125.0,0
70130.0,0
70141.0,0
70143.0,0
70194.0,0
70198.0,0
70218.0,0
70229.0,0
70252.0,1
70271.0,2
70287.0,3
70291.0,2
70293.0,1
70298.0,0
70310.0,0
70312.0,0
70317.0,0
70366.0,1
70397.0,0
70405.0,0
70412.0,0
70433.0,0
70444.0,0
70481.0,1
70483.0,0
70491.0,0
70495.0,0
70510.0,0
70559.0,1
70561.0,0
70570.0,0
70582.0,0
70587.0,0
70594.0,0
70599.0,0
70612.0,0
70622.0,0
70654.0,1
70666.0,2
70675.0,1
70688.0,0
70690.0,1
70737.0,0
70747.0,0
70793.0,0
70794.0,0
70805.0,0
70810.0,0
70831.0,0
70833.0,0
70837.0,0
70866.0,1
70880.0,0
70907.0,0
70938.0,1
70957.0,2
70962.0,1
70966.0,0
71015.0,0
71026.0,0
71027.0,0
71028.0,0
71044.0,1
71045.0,0
71066.0,0
71087.0,0
71089.0,0
71092.0,0
71092.0,1
71105.0,0
71135.0,0
71143.0,0
71184.0,0
71185.0,0
71199.0,0
71214.0,1
71220.0,0
71221.0,0
71232.0,0
71234.0,0
71235.0,0
71244.0,0
71267.0,0
71324.0,0
71325.0,1
71330.0,2
71339.0,1
71341.0,2
71362.0,1
71365.0,0
71367.0,0
71374.0,1
71387.0,0
71406.0,0
71417.0,0
71429.0,0
71465.0,0
71466.0,0
71482.0,0
71490.0,0
71519.0,1
71527.0,0
71540.0,0
71541.0,0
71547.0,0
71549.0,0
71567.0,0
71616.0,0
71636.0,0
71641.0,0
71671.0,0
71681.0,0
71682.0,0
71687.0,0
71720.0,0
71725.0,0
71766.0,0
71768.0,0
71796.0,0
71796.0,1
71830.0,0
71862.0,0
71876.0,0
71894.0,0
71960.0,1
71964.0,0
71971.0,0
71974.0,0
71979.0,1
71989.0,2
72023.0,1
72026.0,2
72038.0,1
72060.0,0
72071.0,0
72075.0,0
72085.0,0
72086.0,0
72100.0,0
72115.0,0
72129.0,0
72132.0,0
72138.0,0
72187.0,0
72194.0,0
72202.0,1
72233.0,0
72252.0,0
72266.0,0
72271.0,0
72280.0,0
72281.0,1
72283.0,2
72285.0,1
72290.0,0
72304.0,0
72311.0,1
72332.0,0
72338.0,1
72367.0,0
72377.0,0
72381.0,1
72382.0,0
72402.0,0
72404.0,0
72456.0,0
72459.0,0
72477.0,0
72478.0,0
72486.0,0
72509.0,1
72523.0,2
72528.0,1
72548.0,0
72550.0,0
72556.0,0
72567.0,0
72618.0,0
72623.0,0
72668.0,0
72671.0,1
72673.0,0
72690.0,0
72693.0,0
72736.0,0
72750.0,0
72757.0,0
72805.0,0
72816.0,1
72829.0,0
72833.0,0
72844.0,0
72860.0,1
72880.0,0
72883.0,0
72886.0,0
72888.0,0
72893.0,1
72919.0,0
72924.0,0
72944.0,0
72947.0,0
72992.0,0
73027.0,0
73040.0,0
73041.0,0
73052.0,1
73058.0,2
73065.0,1
73069.0,2
73075.0,1
73078.0,2
73092.0,3
73094.0,4
73096.0,3
73109.0,2
73115.0,1
73136.0,0
73159.0,1
73166.0,0
73187.0,1
73191.0,0
73200.0,1
73230.0,0
73244.0,0
73255.0,0
73285.0,0
73317.0,0
73337.0,1
73346.0,0
73347.0,1
73347.0,2
73366.0,1
73380.0,0
73384.0,0
73400.0,0
73430.0,0
73474.0,0
73489.0,1
73492.0,0
73495.0,0
73500.0,0
73511.0,0
73543.0,0
73547.0,0
73562.0,0
73576.0,0
73581.0,1
73587.0,0
73590.0,1
73607.0,2
73629.0,1
73656.0,2
73662.0,1
73670.0,0
73670.0,1
73712.0,0
73714.0,1
73742.0,2
73745.0,1
73757.0,0
73769.0,0
73785.0,0
73798.0,0
73830.0,0
73839.0,1
73839.0,2
73851.0,1
73899.0,0
73915.0,0
73916.0,0
73956.0,0
73990.0,0
74036.0,0
74040.0,1
74087.0,0
74104.0,0
74105.0,0
74117.0,0
74122.0,0
74123.0,0
74125.0,0
74135.0,0
74144.0,0
74154.0,0
74154.0,0
74198.0,1
74211.0,2
74212.0,1
74232.0,0
74242.0,1
74254.0,2
74255.0,1
74256.0,2
74275.0,1
74277.0,0
74297.0,0
74312.0,0
74319.0,0
74342.0,0
74356.0,1
74358.0,0
74372.0,0
74446.0,0
74449.0,1
74463.0,0
74484.0,0
74496.0,0
74540.0,0
74590.0,0
74598.0,0
74599.0,0
74614.0,0
74624.0,0
74715.0,0
74737.0,0
74797.0,0
74813.0,0
74838.0,0
74843.0,0
74848.0,0
74858.0,1
74870.0,2
74888.0,1
74907.0,0
74928.0,1
74943.0,0
74949.0,0
74956.0,0
74972.0,0
74983.0,0
74997.0,0
75004.0,0
75017.0,0
75074.0,0
75075.0,0
75091.0,0
75109.0,0
75120.0,1
75179.0,0
75204.0,0
75221.0,1
75234.0,0
75262.0,0
75272.0,1
75282.0,0
75291.0,0
75300.0,1
75324.0,0
75347.0,1
75368.0,0
75387.0,0
75389.0,0
75400.0,0
75402.0,0
75406.0,0
75423.0,0
75431.0,0
75454.0,0
75506.0,1
75518.0,0
75519.0,0
75526.0,0
75535.0,1
75537.0,0
75580.0,0
75583.0,1
75589.0,0
75613.0,0
75624.0,0
75629.0,0
75655.0,0
75700.0,1
75711.0,0
75719.0,1
75721.0,0
75731.0,1
75742.0,0
75766.0,1
75782.0,0
75787.0,0
75793.0,0
75813.0,1
75837.0,0
75848.0,0
75858.0,0
75866.0,0
75888.0,0
75901.0,0
75906.0,0
75952.0,0
75958.0,0
75961.0,0
75963.0,0
75984.0,0
75999.0,0
76009.0,1
76015.0,0
76018.0,0
76030.0,0
76049.0,0
76144.0,0
76186.0,1
76197.0,0
76203.0,0
76213.0,0
76214.0,0
76223.0,1
76233.0,0
76255.0,0
76264.0,0
76265.0,0
76280.0,0
76294.0,0
76295.0,0
76307.0,0
76310.0,0
76321.0,0
76324.0,1
76335.0,0
76347.0,1
76351.0,0
76413.0,1
76446.0,0
76457.0,0
76474.0,0
76476.0,0
76514.0,0
76537.0,0
76573.0,0
76576.0,0
76576.0,1
76603.0,0
76627.0,1
76635.0,2
76643.0,1
76648.0,0
76697.0,1
76697.0,2
76770.0,1
76806.0,2
76806.0,3
76809.0,2
76844.0,1
76848.0,0
76850.0,1
76852.0,0
76867.0,0
76894.0,0
76913.0,0
76929.0,0
76936.0,0
76939.0,0
76953.0,0
76978.0,0
76987.0,0
76998.0,0
77000.0,0
77003.0,0
77091.0,1
77092.0,0
77098.0,0
77098.0,1
77123.0,0
77134.0,0
77147.0,0
77159.0,0
77174.0,0
77197.0,0
77208.0,1
77230.0,0
77256.0,0
77259.0,0
77301.0,1
77303.0,0
77304.0,0
77320.0,0
77348.0,0
77352.0,0
77378.0,0
77403.0,0
77414.0,0
77417.0,0
77440.0,0
77467.0,0
77469.0,0
77506.0,0
77552.0,0
77609.0,0
77645.0,1
77646.0,0
77653.0,0
77657.0,0
77675.0,0
77704.0,0
77721.0,0
77727.0,1
77747.0,0
77752.0,0
77756.0,0
77767.0,0
77779.0,0
77807.0,0
77819.0,0
77836.0,0
77856.0,0
77860.0,1
77865.0,0
77882.0,1
77894.0,0
77922.0,0
77927.0,0
77941.0,1
78024.0,0
78025.0,0
78025.0,1
78045.0,0
78046.0,0
78055.0,0
78062.0,0
78086.0,0
78091.0,0
78109.0,0
78113.0,0
78143.0,0
78147.0,1
78173.0,0
78175.0,1
78198.0,0
78219.0,0
78239.0,0
78253.0,0
78260.0,0
78284.0,0
78293.0,0
78310.0,0
78322.0,0
78326.0,1
78344.0,0
78411.0,0
78413.0,0
78427.0,0
78429.0,1
78443.0,0
78473.0,0
78481.0,0
78518.0,0
78561.0,0
78579.0,0
78602.0,0
78626.0,0
78633.0,0
78648.0,0
78661.0,1
78670.0,0
78671.0,0
78684.0,0
78685.0,1
78700.0,2
78737.0,1
78747.0,0
78759.0,0
78821.0,0
78857.0,0
78873.0,1
78909.0,0
78943.0,1
78958.0,2
79012.0,1
79014.0,0
79040.0,1
79044.0,0
79056.0,0
79072.0,0
79076.0,0
79110.0,0
79131.0,0
79136.0,0
79138.0,0
79142.0,0
79150.0,0
79169.0,0
79177.0,0
79197.0,1
79219.0,0
79225.0,0
79241.0,1
79243.0,2
79255.0,1
79275.0,0
79283.0,1
79285.0,0
79313.0,1
79326.0,2
79331.0,1
79333.0,0
79334.0,0
79358.0,1
79358.0,2
79376.0,1
79378.0,2
79388.0,1
79414.0,0
79439.0,0
79447.0,0
79448.0,0
79481.0,0
79490.0,0
79496.0,1
79497.0,0
79498.0,0
79512.0,0
79564.0,0
79582.0,0
79587.0,0
79609.0,0
79610.0,0
79614.0,0
79621.0,0
79624.0,0
79632.0,0
79635.0,0
79647.0,0
79674.0,1
79675.0,0
79677.0,0
79689.0,0
79704.0,0
79709.0,0
79761.0,1
79778.0,0
79788.0,0
79815.0,0
79848.0,0
79854.0,1
79863.0,0
79865.0,0
79876.0,0
79910.0,0
79918.0,1
79931.0,0
79936.0,0
79955.0,1
79996.0,0
80003.0,0
80008.0,1
80021.0,0
80033.0,0
80041.0,1
80045.0,0
80055.0,1
80056.0,0
80080.0,0
80088.0,0
80099.0,0
80105.0,0
80110.0,0
80115.0,0
80135.0,0
80208.0,0
80217.0,0
80218.0,0
80219.0,0
80263.0,0
80264.0,1
80268.0,0
80280.0,1
80288.0,0
80290.0,1
80291.0,0
80304.0,0
80348.0,0
80365.0,0
80371.0,1
80383.0,2
80394.0,1
80405.0,0
80420.0,0
80432.0,0
80470.0,0
80484.0,0
80492.0,0
80528.0,1
80533.0,0
80544.0,0
80566.0,1
80663.0,0
80674.0,0
80683.0,1
80695.0,2
80709.0,1
80712.0,0
80720.0,1
80722.0,0
80728.0,0
80731.0,0
80742.0,0
80767.0,0
80767.0,1
80769.0,0
80773.0,0
80776.0,1
80816.0,0
80820.0,0
80850.0,0
80850.0,1
80859.0,0
80862.0,0
80880.0,0
80885.0,0
80893.0,1
80893.0,2
80914.0,1
80915.0,0
80918.0,1
80922.0,0
80947.0,0
80949.0,1
80956.0,0
80958.0,0
80960.0,0
80976.0,0
81012.0,0
81013.0,0
81021.0,0
81034.0,0
81035.0,0
81036.0,0
81047.0,0
81082.0,1
81103.0,0
81151.0,0
81155.0,0
81177.0,0
81184.0,1
81209.0,0
81209.0,1
81214.0,0
81219.0,0
81220.0,0
81250.0,1
81263.0,0
81300.0,0
81306.0,0
81314.0,0
81321.0,0
81334.0,0
81337.0,0
81361.0,0
81413.0,0
81423.0,0
81429.0,0
81430.0,0
81442.0,0
81445.0,0
81448.0,1
81451.0,0
81478.0,1
81498.0,0
81543.0,0
81566.0,0
81577.0,1
81580.0,2
81591.0,1
81598.0,0
81602.0,1
81608.0,0
81641.0,0
81642.0,0
81662.0,1
81665.0,0
81668.0,0
81703.0,0
81707.0,0
81731.0,0
81780.0,1
81787.0,0
81812.0,0
81815.0,0
81816.0,0
81819.0,0
81823.0,0
81847.0,0
81858.0,0
81864.0,0
81881.0,0
81887.0,0
81891.0,0
81892.0,0
81899.0,0
81901.0,1
81918.0,0
81929.0,0
81934.0,0
81942.0,1
81953.0,2
81959.0,1
81977.0,0
81991.0,0
81995.0,0
81998.0,0
82014.0,0
82020.0,1
82047.0,0
82091.0,0
82103.0,0
82104.0,0
82109.0,1
82178.0,2
82201.0,1
82224.0,2
82226.0,3
82231.0,2
82249.0,1
82268.0,0
82298.0,1
82338.0,2
82339.0,1
82358.0,0
82358.0,1
82372.0,0
82402.0,0
82410.0,0
82429.0,0
82432.0,1
82439.0,0
82445.0,0
82461.0,0
82461.0,1
82481.0,0
82503.0,0
82504.0,0
82538.0,0
82559.0,1
82565.0,0
82584.0,0
82594.0,0
82596.0,0
82606.0,0
82663.0,1
82670.0,0
82695.0,0
82705.0,0
82706.0,0
82757.0,0
82763.0,0
82798.0,0
82856.0,0
82860.0,0
82870.0,0
82901.0,0
82904.0,0
82918.0,0
82928.0,0
82952.0,0
82957.0,0
82990.0,0
82998.0,0
83005.0,0
83032.0,0
83034.0,0
83038.0,0
83051.0,0
83073.0,1
83107.0,2
83148.0,3
83152.0,2
83190.0,1
83195.0,2
83208.0,3
83218.0,2
83229.0,1
83234.0,0
83242.0,0
83249.0,0
83251.0,0
83262.0,0
83270.0,0
83272.0,1
83278.0,0
83280.0,0
83282.0,0
83284.0,1
83313.0,0
83313.0,1
83330.0,0
83345.0,0
83353.0,0
83364.0,0
83380.0,1
83385.0,0
83431.0,0
83448.0,0
83451.0,0
83466.0,0
83479.0,0
83497.0,0
83513.0,0
83545.0,0
83549.0,0
83566.0,0
83571.0,1
83572.0,2
83583.0,1
83606.0,0
83624.0,0
83656.0,0
83733.0,0
83738.0,0
83747.0,1
83753.0,2
83793.0,1
83802.0,0
83873.0,1
83875.0,0
83905.0,0
83910.0,0
83911.0,0
83912.0,0
83922.0,0
83946.0,0
83949.0,0
83967.0,0
83995.0,0
83995.0,1
84006.0,0
84007.0,0
84082.0,0
84090.0,0
84128.0,0
84129.0,0
84144.0,0
84168.0,0
84173.0,0
84177.0,0
84210.0,1
84211.0,0
84231.0,1
84253.0,0
84267.0,1
84269.0,0
84273.0,1
84278.0,0
84283.0,0
84292.0,0
84307.0,0
84314.0,0
84333.0,0
84341.0,0
84362.0,0
84369.0,1
84383.0,0
84407.0,0
84419.0,0
84454.0,0
84497.0,0
84501.0,1
84514.0,0
84534.0,0
84538.0,0
84545.0,1
84546.0,2
84559.0,1
84573.0,0
84589.0,0
84604.0,1
84621.0,0
84634.0,0
84662.0,0
84663.0,0
84684.0,0
84686.0,0
84702.0,0
84710.0,0
84726.0,0
84730.0,0
84733.0,0
84746.0,0
84775.0,0
84784.0,0
84807.0,1
84810.0,0
84822.0,0
84850.0,0
84860.0,0
84865.0,0
84866.0,1
84878.0,0
84882.0,0
84921.0,0
84935.0,0
84944.0,0
84946.0,0
84948.0,0
84974.0,0
84999.0,0
85011.0,0
85053.0,0
85074.0,1
85090.0,0
85128.0,1
85144.0,0
85149.0,0
85155.0,0
85165.0,0
85244.0,0
85257.0,0
85258.0,0
85275.0,0
85279.0,0
85285.0,0
85286.0,0
85294.0,0
85380.0,0
85383.0,0
85401.0,0
85426.0,0
85441.0,1
85447.0,0
85448.0,0
85449.0,0
85459.0,1
85464.0,0
85475.0,0
85499.0,0
85539.0,0
85570.0,0
85573.0,0
85585.0,0
85586.0,0
85589.0,1
85597.0,0
85599.0,1
85605.0,0
85608.0,1
85655.0,0
85688.0,0
85694.0,0
85709.0,0
85710.0,0
85717.0,0
85721.0,0
85746.0,0
85768.0,0
85776.0,0
85831.0,1
85837.0,0
85891.0,0
85894.0,0
85899.0,1
85921.0,2
85936.0,1
85940.0,0
85943.0,0
85953.0,0
85961.0,1
85984.0,2
85999.0,3
86013.0,2
86076.0,3
86093.0,2
86101.0,1
86109.0,0
86181.0,0
86208.0,0
86227.0,0
86234.0,0
86256.0,0
86277.0,0
86280.0,1
86286.0,0
86331.0,0
86338.0,1
86376.0,0
86388.0,0
86400.0,0
86401.0,0
86432.0,0
86453.0,0
86454.0,0
86485.0,0
86493.0,0
86533.0,0
86537.0,1
86580.0,0
86603.0,0
86625.0,0
86637.0,0
86640.0,1
86650.0,0
86653.0,0
86655.0,0
86666.0,0
86689.0,0
86697.0,0
86708.0,1
86744.0,0
86790.0,0
86833.0,0
86849.0,0
86853.0,0
86896.0,1
86903.0,0
86913.0,0
86920.0,0
86922.0,0
86926.0,0
86928.0,0
86958.0,0
86964.0,0
86977.0,0
87006.0,0
87029.0,0
87030.0,0
87054.0,0
87078.0,1
87094.0,0
87103.0,0
87121.0,0
87125.0,1
87145.0,0
87151.0,1
87155.0,0
87166.0,0
87172.0,0
87214.0,0
87263.0,0
87266.0,0
87272.0,0
87275.0,1
87327.0,2
87330.0,1
87334.0,0
87338.0,0
87376.0,0
87395.0,0
87418.0,0
87425.0,1
87435.0,2
87458.0,1
87459.0,2
87465.0,1
87476.0,0
87510.0,0
87523.0,0
87542.0,0
87546.0,0
87554.0,1
87561.0,0
87573.0,0
87575.0,0
87580.0,0
87591.0,0
87606.0,0
87609.0,1
87613.0,0
87621.0,1
87626.0,0
87669.0,0
87680.0,0
87688.0,0
87694.0,1
87697.0,0
87711.0,1
87715.0,0
87749.0,0
87752.0,0
87757.0,0
87765.0,0
87790.0,0
87794.0,0
87828.0,0
87842.0,0
87847.0,1
87850.0,0
87865.0,1
87867.0,0
87872.0,0
87894.0,0
87895.0,0
87914.0,0
87932.0,0
87950.0,0
87986.0,0
87992.0,0
88007.0,0
88021.0,0
88021.0,1
88047.0,0
88054.0,0
88066.0,0
88083.0,0
88104.0,1
88128.0,0
88142.0,0
88171.0,0
88181.0,0
88207.0,0
88212.0,0
88219.0,0
88235.0,0
88247.0,1
88260.0,0
88338.0,0
88341.0,1
88343.0,0
88359.0,0
88361.0,1
88372.0,0
88374.0,0
88379.0,0
88389.0,1
88392.0,0
88395.0,0
88400.0,0
88404.0,0
88443.0,0
88451.0,0
88454.0,0
88465.0,1
88488.0,0
88531.0,0
88534.0,1
88567.0,0
88570.0,0
88574.0,0
88581.0,0
88592.0,0
88595.0,0
88596.0,0
88601.0,1
88610.0,0
88650.0,0
88672.0,0
88685.0,0
88712.0,0
88735.0,0
88737.0,0
88746.0,0
88753.0,1
88763.0,2
88774.0,1
88782.0,0
88789.0,1
88802.0,0
88808.0,0
88894.0,0
88905.0,1
88942.0,0
88950.0,0
88972.0,1
88975.0,0
88986.0,0
88995.0,0
89020.0,0
89029.0,0
89038.0,0
89058.0,0
89137.0,1
89139.0,0
89147.0,0
89155.0,0
89162.0,0
89173.0,0
89188.0,0
89189.0,0
89207.0,0
89209.0,0
89227.0,0
89248.0,1
89258.0,0
89290.0,1
89317.0,0
89339.0,0
89340.0,0
89353.0,0
89363.0,0
89377.0,1
89380.0,0
89382.0,0
89398.0,0
89402.0,1
89402.0,2
89416.0,1
89436.0,2
89456.0,1
89480.0,0
89497.0,0
89506.0,0
89509.0,0
89510.0,0
89513.0,0
89522.0,0
89527.0,0
89539.0,0
89547.0,0
89562.0,0
89571.0,1
89573.0,0
89586.0,1
89595.0,2
89598.0,1
89634.0,0
89648.0,0
89651.0,0
89652.0,1
89670.0,0
89728.0,0
89759.0,0
89777.0,1
89798.0,0
89803.0,1
89806.0,2
89826.0,1
89846.0,0
89932.0,0
89963.0,0
89968.0,0
89982.0,0
90018.0,0
90035.0,0
90036.0,0
90070.0,0
90072.0,1
90091.0,0
90095.0,0
90174.0,0
90180.0,0
90191.0,0
90203.0,1
90224.0,0
90225.0,0
90237.0,1
90261.0,2
90263.0,3
90269.0,4
90277.0,3
90287.0,2
90340.0,1
90346.0,0
90380.0,1
90381.0,0
90434.0,1
90442.0,0
90452.0,1
90460.0,0
90487.0,1
90504.0,0
90512.0,0
90551.0,0
90590.0,0
90600.0,0
90605.0,1
90606.0,0
90628.0,0
90650.0,0
90655.0,1
90657.0,0
90676.0,0
90678.0,0
90695.0,0
90721.0,0
90730.0,0
90751.0,0
90768.0,0
90792.0,0
90807.0,0
90850.0,1
90868.0,0
90873.0,0
90886.0,0
90901.0,0
90908.0,0
90978.0,1
91032.0,0
91047.0,0
91059.0,0
91068.0,0
91086.0,0
91104.0,0
91114.0,0
91116.0,0
91117.0,0
91118.0,1
91152.0,0
91174.0,0
91214.0,0
91216.0,1
91224.0,0
91234.0,0
91237.0,0
91249.0,0
91274.0,0
91277.0,0
91310.0,1
91336.0,0
91336.0,1
91374.0,0
91379.0,0
91387.0,0
91393.0,0
91394.0,0
91408.0,0
91411.0,1
91426.0,0
91442.0,0
91449.0,0
91450.0,1
91465.0,0
91496.0,1
91502.0,2
91511.0,3
91517.0,2
91522.0,1
91561.0,0
91571.0,0
91584.0,0
91599.0,0
91602.0,0
91629.0,0
91630.0,1
91645.0,0
91667.0,0
91673.0,1
91702.0,0
91707.0,0
91716.0,0
91720.0,1
91749.0,0
91752.0,0
91831.0,0
91850.0,0
91852.0,0
91877.0,0
91919.0,0
91921.0,0
91931.0,0
91963.0,0
91989.0,0
91996.0,0
92011.0,0
92030.0,1
92056.0,0
92072.0,0
92085.0,0
92096.0,0
92098.0,1
92107.0,0
92184.0,1
92189.0,0
92224.0,1
92225.0,0
92237.0,1
92283.0,0
92309.0,0
92349.0,1
92368.0,0
92429.0,0
92457.0,0
92464.0,0
92481.0,0
92489.0,0
92500.0,0
92509.0,1
92514.0,0
92529.0,0
92538.0,0
92540.0,1
92551.0,0
92562.0,0
92567.0,1
92578.0,0
92581.0,1
92595.0,0
92598.0,0
92617.0,0
92628.0,0
92649.0,0
92659.0,0
92694.0,0
92698.0,0
92705.0,0
92710.0,0
92719.0,1
92744.0,2
92746.0,1
92751.0,0
92783.0,0
92784.0,0
92795.0,0
92818.0,0
92844.0,0
92845.0,0
92874.0,0
92879.0,1
92880.0,0
92914.0,0
92916.0,0
92981.0,0
92990.0,0
92998.0,1
93010.0,0
93023.0,0
93025.0,0
93049.0,0
93067.0,0
93124.0,0
93135.0,0
93143.0,0
93192.0,0
93195.0,0
93213.0,0
93220.0,0
93273.0,0
93290.0,0
93318.0,1
93345.0,0
93348.0,0
93361.0,0
93371.0,0
93374.0,0
93398.0,0
93422.0,0
93447.0,0
93497.0,0
93509.0,0
93511.0,0
93517.0,1
93538.0,0
93546.0,0
93553.0,0
93554.0,1
93558.0,0
93561.0,0
93576.0,0
93597.0,0
93598.0,0
93605.0,0
93612.0,0
93627.0,0
93637.0,0
93646.0,0
93662.0,0
93664.0,0
93722.0,0
93724.0,0
93751.0,0
93776.0,0
93786.0,1
93792.0,0
93808.0,0
93825.0,0
93872.0,0
93892.0,0
93905.0,1
93908.0,0
93922.0,0
93937.0,0
93940.0,0
93967.0,0
93976.0,0
93985.0,0
93995.0,0
93998.0,0
94008.0,0
94010.0,0
94034.0,1
94078.0,0
94090.0,0
94138.0,0
94148.0,1
94153.0,0
94187.0,0
94217.0,0
94243.0,0
94248.0,0
94272.0,0
94282.0,1
94323.0,2
94336.0,1
94352.0,0
94381.0,0
94404.0,0
94502.0,1
94511.0,2
94551.0,1
94590.0,0
94597.0,0
94599.0,1
94604.0,0
94628.0,0
94636.0,1
94640.0,0
94664.0,0
94685.0,0
94700.0,1
94705.0,0
94720.0,0
94732.0,0
94753.0,1
94771.0,0
94776.0,0
94781.0,0
94818.0,1
94824.0,0
94835.0,0
94843.0,0
94851.0,0
94861.0,0
94903.0,0
94907.0,0
94908.0,1
94910.0,2
94924.0,1
94926.0,2
95015.0,1
95058.0,2
95058.0,3
95084.0,2
95085.0,1
95098.0,0
95099.0,0
95106.0,0
95114.0,0
95121.0,0
95125.0,1
95141.0,0
95156.0,0
95179.0,0
95182.0,0
95184.0,0
95191.0,0
95206.0,0
95222.0,0
95233.0,0
95264.0,0
95302.0,0
95338.0,0
95343.0,0
95350.0,0
95358.0,0
95364.0,0
95390.0,0
95393.0,0
95403.0,0
95404.0,0
95430.0,0
95438.0,0
95443.0,0
95458.0,1
95463.0,0
95469.0,0
95511.0,0
95520.0,0
95521.0,0
95535.0,0
95582.0,0
95597.0,1
95611.0,0
95642.0,1
95645.0,2
95654.0,1
95678.0,0
95683.0,0
95700.0,0
95717.0,1
95737.0,0
95740.0,1
95760.0,2
95763.0,1
95770.0,0
95803.0,0
95823.0,0
95828.0,0
95838.0,0
95839.0,0
95843.0,0
95856.0,0
95868.0,0
95873.0,0
95900.0,0
95924.0,0
95953.0,1
95966.0,0
95985.0,0
95989.0,0
96001.0,0
96005.0,1
96029.0,0
96034.0,0
96060.0,0
96071.0,0
96090.0,0
96108.0,0
96113.0,1
96126.0,0
96128.0,0
96188.0,0
96203.0,0
96243.0,1
96259.0,0
96281.0,1
96293.0,0
96321.0,0
96323.0,1
96341.0,0
96350.0,0
96363.0,0
96366.0,0
96367.0,0
96429.0,0
96488.0,0
96509.0,0
96545.0,0
96560.0,0
96578.0,0
96580.0,0
96596.0,0
96605.0,0
96650.0,0
96685.0,0
96688.0,0
96690.0,0
96699.0,0
96727.0,0
96732.0,0
96742.0,0
96748.0,1
96751.0,0
96784.0,0
96795.0,0
96823.0,0
96827.0,1
96830.0,0
96841.0,0
96851.0,0
96852.0,0
96860.0,1
96871.0,0
96891.0,0
96901.0,1
96902.0,0
96932.0,0
96946.0,0
96953.0,0
96973.0,1
96979.0,0
96982.0,0
97002.0,0
97022.0,1
97070.0,0
97078.0,1
97083.0,0
97085.0,0
97113.0,0
97122.0,0
97123.0,0
97164.0,1
97174.0,0
97198.0,0
97220.0,0
97225.0,0
97226.0,0
97227.0,0
97241.0,0
97244.0,0
97249.0,0
97261.0,1
97267.0,2
97283.0,1
97283.0,2
97288.0,1
97292.0,0
97298.0,0
97315.0,0
97320.0,0
97354.0,0
97360.0,0
97361.0,0
97371.0,0
97389.0,1
97394.0,0
97425.0,0
97449.0,0
97453.0,0
97459.0,0
97471.0,1
97473.0,0
97479.0,0
97481.0,1
97482.0,0
97517.0,0
97529.0,0
97537.0,0
97550.0,0
97574.0,1
97586.0,0
97595.0,0
97624.0,1
97641.0,0
97669.0,0
97679.0,0
97703.0,1
97708.0,0
97741.0,0
97745.0,0
97757.0,0
97774.0,0
97814.0,0
97817.0,0
97820.0,1
97834.0,0
97839.0,0
97841.0,1
97867.0,0
97880.0,0
97907.0,0
97975.0,0
97980.0,0
97982.0,0
97983.0,1
98011.0,0
98024.0,0
98030.0,1
98042.0,2
98061.0,1
98062.0,0
98083.0,0
98084.0,0
98089.0,0
98108.0,1
98124.0,0
98132.0,1
98135.0,0
98140.0,1
98143.0,0
98194.0,1
98197.0,0
98213.0,0
98227.0,1
98234.0,0
98310.0,0
98330.0,1
98345.0,0
98348.0,1
98352.0,0
98382.0,0
98411.0,1
98416.0,0
98445.0,0
98449.0,0
98458.0,0
98469.0,0
98482.0,0
98502.0,0
98519.0,1
98541.0,2
98582.0,3
98589.0,4
98609.0,3
98619.0,2
98637.0,1
98647.0,2
98667.0,3
98675.0,4
98705.0,3
98710.0,2
98711.0,1
98726.0,0
98733.0,0
98751.0,0
98767.0,0
98772.0,1
98826.0,0
98828.0,0
98831.0,1
98854.0,0
98886.0,0
98896.0,0
98906.0,1
98922.0,0
98958.0,0
98980.0,0
98989.0,1
99013.0,0
99026.0,0
99035.0,0
99063.0,0
99068.0,0
99100.0,0
99116.0,0
99138.0,0
99184.0,0
99261.0,0
99289.0,1
99293.0,2
99294.0,1
99300.0,0
99334.0,0
99430.0,0
99455.0,0
99466.0,0
99476.0,0
99491.0,0
99495.0,0
99523.0,1
99564.0,2
99582.0,1
99596.0,0
99613.0,0
99617.0,0
99632.0,0
99642.0,0
99644.0,1
99664.0,2
99665.0,3
99666.0,2
99671.0,1
99675.0,0
99690.0,0
99695.0,0
99697.0,0
99707.0,0
99724.0,0
99741.0,0
99797.0,0
99820.0,0
99827.0,0
99848.0,1
99853.0,2
99861.0,1
99863.0,0
99889.0,0
99892.0,0
99915.0,0
99916.0,0
99926.0,0
99943.0,0
99953.0,0
99954.0,0
99955.0,0
100022.0,0
