Time,Session ID
138476.0,3124
138480.0,3125
138527.0,3128
138689.0,3132
138720.0,3133
138745.0,3135
138788.0,3137
138794.0,3138
138836.0,3139
138910.0,3141
139053.0,3147
139075.0,3148
139276.0,3152
139326.0,3153
139327.0,3154
139554.0,3158
139780.0,3161
139825.0,3162
139830.0,3163
139833.0,3164
140075.0,3170
140079.0,3171
140089.0,3172
140171.0,3175
140176.0,3176
140180.0,3177
140265.0,3178
140311.0,3179
140352.0,3180
140372.0,3181
140378.0,3182
141200.0,3201
141292.0,3204
141834.0,3214
141856.0,3215
141891.0,3216
141907.0,3217
141919.0,3218
142456.0,3228
142472.0,3229
142578.0,3231
142662.0,3234
142682.0,3235
142710.0,3236
142720.0,3237
142732.0,3238
142744.0,3239
143445.0,3252
143463.0,3254
143800.0,3260
143855.0,3261
144357.0,3272
144378.0,3273
144508.0,3276
146387.0,3314
146403.0,3315
146465.0,3318
146869.0,3325
146950.0,3326
146970.0,3327
147293.0,3332
147317.0,3333
147336.0,3334
147366.0,3335
147413.0,3336
147531.0,3338
147532.0,3339
147546.0,3340
147664.0,3342
148717.0,3358
148728.0,3359
148996.0,3362
149061.0,3363
149070.0,3364
149208.0,3366
149390.0,3368
149404.0,3369
149413.0,3370
149469.0,3371
149478.0,3372
149501.0,3375
150457.0,3393
150873.0,3402
150875.0,3403
150894.0,3404
151072.0,3407
151641.0,3422
151658.0,3423
152323.0,3436
152763.0,3444
152772.0,3445
152860.0,3448
152891.0,3449
152922.0,3450
152928.0,3451
152932.0,3452
153037.0,3454
153038.0,3455
153080.0,3457
153109.0,3458
153118.0,3459
153201.0,3461
153211.0,3462
153340.0,3464
153343.0,3465
153400.0,3467
153410.0,3468
153433.0,3470
153446.0,3471
153551.0,3473
153579.0,3474
153740.0,3477
153770.0,3478
153786.0,3479
155025.0,3505
155162.0,3509
155164.0,3510
156900.0,3543
156962.0,3544
156983.0,3545
157997.0,3563
158001.0,3564
158505.0,3573
158517.0,3574
158571.0,3575
158599.0,3576
158620.0,3577
158742.0,3580
158754.0,3581
158865.0,3584
158873.0,3585
158993.0,3589
159061.0,3591
159062.0,3592
159134.0,3593
159304.0,3598
159333.0,3600
159337.0,3601
159342.0,3602
159476.0,3604
159532.0,3605
159625.0,3608
159627.0,3609
159914.0,3614
160053.0,3617
160125.0,3618
160182.0,3619
160225.0,3620
160231.0,3621
160390.0,3622
160424.0,3623
160615.0,3626
160637.0,3627
160679.0,3628
160682.0,3629
160686.0,3630
160783.0,3633
160867.0,3635
160892.0,3636
160893.0,3637
160994.0,3638
161000.0,3639
161033.0,3641
161044.0,3642
161106.0,3644
161132.0,3645
161143.0,3646
161206.0,3648
161209.0,3649
163005.0,3677
164067.0,3696
164957.0,3711
164966.0,3712
165019.0,3713
165150.0,3715
165170.0,3716
166048.0,3731
166063.0,3732
166298.0,3740
166364.0,3741
166390.0,3742
166405.0,3743
166448.0,3744
166458.0,3745
166553.0,3746
166565.0,3747
167141.0,3756
167149.0,3757
167155.0,3758
167171.0,3759
167402.0,3762
167447.0,3764
167449.0,3765
167456.0,3766
167488.0,3768
167731.0,3772
167752.0,3773
167792.0,3774
167930.0,3776
168284.0,3784
168357.0,3785
168563.0,3788
168817.0,3793
168882.0,3794
168898.0,3795
169870.0,3815
169928.0,3818
170105.0,3823
170117.0,3824
170173.0,3825
170335.0,3829
170390.0,3831
170426.0,3832
170441.0,3833
170586.0,3837
170608.0,3838
170630.0,3839
170718.0,3840
170730.0,3841
170832.0,3843
170836.0,3844
171292.0,3852
171298.0,3853
171312.0,3854
171388.0,3855
171435.0,3857
171451.0,3858
171575.0,3860
171678.0,3861
172356.0,3874
172362.0,3875
172613.0,3878
172657.0,3879
172712.0,3882
172713.0,3883
172753.0,3884
173792.0,3899
173797.0,3900
173803.0,3901
173849.0,3902
173871.0,3903
173877.0,3904
173888.0,3905
173949.0,3907
173988.0,3908
174003.0,3910
174020.0,3911
174077.0,3912
174161.0,3914
174287.0,3918
174487.0,3924
174720.0,3926
174736.0,3927
447301.0,9816
447327.0,9817
447341.0,9818
447350.0,9819
447371.0,9820
447633.0,9826
447768.0,9829
447794.0,9830
447834.0,9831
447859.0,9832
447892.0,9833
447900.0,9834
447931.0,9835
452806.0,9924
452850.0,9925
452916.0,9926
452993.0,9928
453038.0,9929
453067.0,9930
453131.0,9931
453336.0,9937
453399.0,9938
453409.0,9939
453422.0,9940
453512.0,9943
453802.0,9952
454274.0,9959
454275.0,9960
454388.0,9963
454424.0,9964
454429.0,9965
454484.0,9967
454498.0,9968
454507.0,9969
454519.0,9970
454570.0,9971
454590.0,9972
455628.0,9998
455691.0,9999
455705.0,10000
456095.0,10006
456492.0,10014
456511.0,10015
456578.0,10016
456599.0,10017
457054.0,10025
457068.0,10026
457233.0,10029
457244.0,10030
457259.0,10031
457568.0,10037
457572.0,10038
457582.0,10039
457591.0,10040
457732.0,10042
457814.0,10044
458424.0,10054
458720.0,10061
458744.0,10062
458822.0,10064
458870.0,10065
459406.0,10077
459439.0,10078
459494.0,10080
459900.0,10091
460093.0,10093
460214.0,10095
460299.0,10096
460458.0,10099
460486.0,10100
460498.0,10101
460789.0,10112
460985.0,10116
460997.0,10117
461049.0,10118
461073.0,10119
461084.0,10120
461085.0,10121
461091.0,10122
461797.0,10133
461936.0,10135
461964.0,10137
462194.0,10140
462200.0,10141
462295.0,10143
462607.0,10148
462700.0,10150
462716.0,10151
462732.0,10152
462932.0,10156
462968.0,10157
463445.0,10165
464061.0,10180
464157.0,10181
464179.0,10182
464184.0,10183
466094.0,10216
466099.0,10217
466140.0,10219
466147.0,10220
467920.0,10262
467936.0,10263
469082.0,10290
469134.0,10291
469149.0,10292
472151.0,10346
472434.0,10351
473331.0,10364
475745.0,10409
475771.0,10410
475778.0,10411
475781.0,10412
475786.0,10413
475832.0,10414
475841.0,10415
475850.0,10416
475863.0,10417
475888.0,10418
475982.0,10420
476036.0,10421
476449.0,10429
476461.0,10430
476646.0,10433
476940.0,10440
476965.0,10441
477005.0,10442
477383.0,10448
477390.0,10449
477451.0,10450
477510.0,10451
477723.0,10455
477806.0,10457
477812.0,10458
478531.0,10474
478563.0,10475
478579.0,10476
478588.0,10477
478590.0,10478
478591.0,10479
478614.0,10480
478678.0,10482
478707.0,10483
479343.0,10496
479355.0,10497
479356.0,10498
479387.0,10499
479422.0,10501
479585.0,10503
479620.0,10504
479650.0,10505
479656.0,10506
479719.0,10508
479829.0,10510
479839.0,10511
479841.0,10512
479854.0,10513
479864.0,10514
479885.0,10515
481813.0,10549
481958.0,10554
482052.0,10555
482192.0,10556
482201.0,10558
482275.0,10560
482369.0,10562
482379.0,10563
482402.0,10564
482407.0,10565
482519.0,10568
482521.0,10569
482540.0,10570
482541.0,10571
482563.0,10572
482568.0,10573
482672.0,10576
521456.0,11404
521521.0,11406
521574.0,11407
521582.0,11408
521695.0,11411
521708.0,11412
522378.0,11427
522468.0,11429
522686.0,11432
522734.0,11434
523375.0,11448
523386.0,11449
523453.0,11451
523496.0,11452
523542.0,11454
523617.0,11455
523623.0,11456
523638.0,11457
523650.0,11458
523658.0,11459
523676.0,11460
523988.0,11466
523990.0,11467
524005.0,11468
524029.0,11469
524045.0,11471
524066.0,11472
524104.0,11473
524331.0,11478
524338.0,11479
524437.0,11481
524541.0,11483
524545.0,11484
524547.0,11485
524595.0,11487
524680.0,11490
524693.0,11491
524705.0,11492
524722.0,11493
524734.0,11494
524805.0,11496
524835.0,11498
524861.0,11499
524909.0,11501
525054.0,11503
525207.0,11506
525214.0,11507
525239.0,11508
525301.0,11510
525310.0,11511
525455.0,11514
525559.0,11517
525578.0,11518
525597.0,11519
525689.0,11520
526481.0,11536
526532.0,11537
526559.0,11538
527519.0,11557
527520.0,11558
527577.0,11560
527645.0,11563
527663.0,11564
527794.0,11566
527795.0,11567
527900.0,11570
528029.0,11574
528104.0,11575
528135.0,11576
528207.0,11577
528725.0,11589
529209.0,11596
529240.0,11597
529242.0,11598
529264.0,11600
529286.0,11601
529716.0,11607
529732.0,11608
530171.0,11615
530262.0,11617
530299.0,11618
530349.0,11619
530408.0,11622
530420.0,11623
534088.0,11681
534102.0,11682
534107.0,11683
534229.0,11686
534245.0,11687
534276.0,11688
534327.0,11689
534351.0,11690
534386.0,11692
534412.0,11693
534422.0,11694
534699.0,11704
534708.0,11705
534720.0,11706
534772.0,11707
534787.0,11708
534945.0,11713
535061.0,11715
535124.0,11716
535334.0,11720
535423.0,11721
535567.0,11724
535583.0,11725
535630.0,11726
535834.0,11731
535842.0,11732
535883.0,11733
536030.0,11736
536037.0,11737
536047.0,11738
536366.0,11746
536410.0,11747
536467.0,11749
536509.0,11751
536558.0,11752
536566.0,11753
536646.0,11755
536710.0,11756
536742.0,11757
536817.0,11759
536818.0,11760
536956.0,11762
536959.0,11763
537021.0,11764
539583.0,11804
539636.0,11806
539748.0,11808
539770.0,11809
539779.0,11810
540995.0,11831
541135.0,11835
541139.0,11836
541142.0,11837
541228.0,11839
541300.0,11840
541525.0,11846
541539.0,11847
541933.0,11855
543701.0,11892
543702.0,11893
543804.0,11896
543914.0,11899
544310.0,11905
544325.0,11906
544335.0,11907
544351.0,11908
544360.0,11909
544440.0,11910
544505.0,11913
544547.0,11914
544548.0,11915
544633.0,11917
544803.0,11920
546291.0,11950
547622.0,11977
547720.0,11979
547733.0,11980
547796.0,11982
547805.0,11983
547868.0,11984
548018.0,11987
556721.0,12201
556864.0,12205
556978.0,12207
557068.0,12209
557123.0,12210
557235.0,12212
557323.0,12213
557546.0,12216
557576.0,12217
557725.0,12219
557727.0,12220
557795.0,12221
557819.0,12222
558372.0,12235
558381.0,12236
558447.0,12237
558453.0,12238
558566.0,12240
558611.0,12241
558615.0,12242
558686.0,12243
558691.0,12244
558784.0,12246
558807.0,12247
558825.0,12248
558836.0,12249
559059.0,12251
559079.0,12252
559092.0,12253
559115.0,12254
559219.0,12255
559232.0,12256
559501.0,12262
559542.0,12264
559579.0,12265
559627.0,12268
559648.0,12270
559726.0,12272
559727.0,12273
559738.0,12274
559742.0,12275
559746.0,12276
567700.0,12424
567722.0,12426
567820.0,12428
568109.0,12436
569015.0,12455
569146.0,12457
569456.0,12463
569599.0,12465
569786.0,12468
570305.0,12479
570339.0,12480
570346.0,12481
570372.0,12482
571090.0,12499
571429.0,12509
571438.0,12510
571458.0,12511
571463.0,12512
571479.0,12513
571499.0,12514
571501.0,12515
571516.0,12516
571802.0,12522
572018.0,12526
572204.0,12530
572272.0,12533
572367.0,12535
572456.0,12539
572513.0,12540
572928.0,12549
572937.0,12550
572939.0,12551
575040.0,12587
575049.0,12588
575997.0,12605
575998.0,12606
575999.0,12607
576088.0,12609
576149.0,12611
576159.0,12612
576178.0,12613
576677.0,12622
576737.0,12624
576759.0,12625
576785.0,12626
576823.0,12628
576841.0,12629
577051.0,12632
577055.0,12633
577094.0,12634
577101.0,12635
577104.0,12636
577128.0,12637
577159.0,12638
577183.0,12639
577219.0,12640
577575.0,12644
577648.0,12645
577666.0,12646
577667.0,12647
577679.0,12648
577692.0,12649
577782.0,12652
577813.0,12653
577837.0,12655
577978.0,12657
578133.0,12660
578157.0,12661
578373.0,12665
578431.0,12667
578443.0,12668
578615.0,12671
579071.0,12682
579199.0,12683
579345.0,12689
579431.0,12691
579468.0,12693
579494.0,12694
579870.0,12701
579921.0,12702
579926.0,12703
579954.0,12704
580514.0,12715
580971.0,12724
581134.0,12728
581142.0,12729
581152.0,12730
581239.0,12732
582046.0,12750
582089.0,12751
582449.0,12753
583016.0,12760
583020.0,12761
583067.0,12762
583222.0,12765
583258.0,12766
583447.0,12769
583480.0,12770
583573.0,12771
583576.0,12772
583577.0,12773
583695.0,12776
584419.0,12784
584457.0,12785
584473.0,12786
584478.0,12787
585274.0,12804
585275.0,12805
585283.0,12806
589355.0,12890
589394.0,12891
589407.0,12892
589841.0,12897
589848.0,12898
589850.0,12899
589872.0,12900
589881.0,12901
589905.0,12902
590056.0,12905
590062.0,12906
590137.0,12908
590177.0,12910
590807.0,12920
590821.0,12921
591014.0,12926
591026.0,12927
591228.0,12931
591283.0,12932
591874.0,12943
591902.0,12944
591965.0,12946
591985.0,12947
592001.0,12948
592030.0,12950
592132.0,12954
592725.0,12963
592786.0,12964
593282.0,12976
595293.0,13012
595358.0,13013
596004.0,13025
596039.0,13026
596047.0,13027
596053.0,13028
596112.0,13029
596633.0,13039
596642.0,13040
596645.0,13041
596647.0,13042
596780.0,13046
596817.0,13047
596849.0,13048
596884.0,13049
597001.0,13051
597059.0,13052
597722.0,13061
597724.0,13062
597915.0,13066
598099.0,13069
598451.0,13079
598525.0,13081
598562.0,13083
598619.0,13084
598648.0,13085
598650.0,13086
599284.0,13100
599302.0,13101
599423.0,13103
599447.0,13104
599455.0,13105
599479.0,13106
599511.0,13107
599837.0,13113
599884.0,13114
599888.0,13115
599910.0,13116
600113.0,13119
600134.0,13120
600153.0,13121
600194.0,13122
600291.0,13124
600357.0,13126
600769.0,13138
600782.0,13139
600803.0,13140
600902.0,13142
600909.0,13143
600910.0,13144
600928.0,13145
601035.0,13147
601063.0,13148
601325.0,13155
601401.0,13156
601411.0,13157
601452.0,13159
602692.0,13183
602929.0,13186
603025.0,13189
603035.0,13190
603181.0,13194
826244.0,18023
826262.0,18025
826285.0,18026
826290.0,18027
827003.0,18037
827270.0,18043
827308.0,18044
827312.0,18045
827323.0,18046
828005.0,18059
828078.0,18060
828114.0,18063
828126.0,18064
828142.0,18065
828143.0,18066
828198.0,18068
828208.0,18069
828211.0,18070
828297.0,18073
828415.0,18074
828419.0,18075
828801.0,18080
828878.0,18082
829172.0,18088
829304.0,18090
829553.0,18094
829567.0,18095
829590.0,18096
829630.0,18097
829653.0,18098
829743.0,18101
829807.0,18102
829986.0,18104
829999.0,18105
830056.0,18106
830092.0,18108
830097.0,18109
830111.0,18110
830122.0,18111
830139.0,18112
830307.0,18115
830324.0,18116
830343.0,18117
830369.0,18118
830374.0,18119
830413.0,18120
830555.0,18123
830586.0,18124
830621.0,18125
832377.0,18153
832524.0,18158
832555.0,18159
832573.0,18160
832575.0,18161
832636.0,18162
832640.0,18163
832726.0,18164
832736.0,18165
832748.0,18166
832762.0,18167
832791.0,18168
832799.0,18169
832935.0,18172
833047.0,18173
833323.0,18177
833381.0,18180
833585.0,18182
833834.0,18185
834046.0,18190
834709.0,18202
834783.0,18204
834810.0,18205
834904.0,18207
834985.0,18209
835037.0,18211
835069.0,18212
835147.0,18213
835152.0,18214
835171.0,18215
835213.0,18216
836130.0,18231
836148.0,18233
836154.0,18234
836187.0,18235
836193.0,18236
836493.0,18243
836534.0,18244
836542.0,18245
836549.0,18246
836621.0,18247
836624.0,18248
837032.0,18256
837069.0,18257
837078.0,18258
837291.0,18261
837338.0,18262
837746.0,18270
837753.0,18271
837772.0,18272
837776.0,18273
837886.0,18275
837925.0,18277
837939.0,18278
838014.0,18279
838189.0,18283
838220.0,18284
838268.0,18285
838282.0,18286
838450.0,18289
838512.0,18290
838535.0,18291
838573.0,18292
839605.0,18313
839615.0,18314
840227.0,18323
840264.0,18324
840269.0,18325
840275.0,18326
840309.0,18328
840323.0,18329
840333.0,18330
840377.0,18331
840411.0,18332
840460.0,18334
841140.0,18344
841177.0,18346
841191.0,18347
841357.0,18351
841362.0,18352
841881.0,18362
841892.0,18363
842306.0,18371
842322.0,18372
842343.0,18373
842410.0,18375
842416.0,18376
842432.0,18377
842442.0,18378
842444.0,18379
842632.0,18384
842662.0,18385
842770.0,18387
843547.0,18408
843614.0,18410
843964.0,18419
844012.0,18420
844078.0,18422
844094.0,18423
844131.0,18424
844197.0,18425
844297.0,18428
844305.0,18429
844317.0,18431
844613.0,18436
844777.0,18439
846584.0,18474
846666.0,18476
846703.0,18478
847192.0,18488
847282.0,18490
847290.0,18491
847296.0,18492
847394.0,18493
847407.0,18494
847431.0,18495
847675.0,18502
848140.0,18513
848190.0,18514
848203.0,18515
848207.0,18516
848247.0,18517
848266.0,18518
848310.0,18519
848398.0,18522
849654.0,18542
849658.0,18543
851012.0,18569
851126.0,18570
851148.0,18571
851173.0,18572
855465.0,18647
855952.0,18653
856123.0,18657
856150.0,18658
856188.0,18660
856211.0,18662
856256.0,18663
856323.0,18664
856559.0,18669
856642.0,18671
856670.0,18672
856700.0,18673
1103767.0,24031
1103825.0,24033
1103841.0,24034
1103849.0,24035
1104435.0,24048
1104626.0,24051
1104627.0,24052
1104827.0,24056
1105609.0,24074
1105617.0,24075
1106027.0,24083
1106028.0,24084
1106054.0,24085
1106061.0,24086
1106109.0,24088
1106146.0,24089
1106361.0,24094
1106386.0,24095
1106387.0,24096
1106396.0,24097
1106529.0,24100
1106926.0,24110
1106984.0,24113
1106994.0,24114
1107023.0,24116
1107062.0,24117
1107065.0,24118
1107347.0,24123
1107349.0,24124
1107371.0,24125
1107380.0,24126
1107413.0,24127
1107425.0,24128
1107921.0,24139
1108516.0,24155
1108872.0,24160
1108907.0,24161
1109050.0,24164
1109106.0,24165
1109111.0,24166
1109174.0,24167
1109176.0,24168
1109258.0,24169
1109297.0,24170
1109342.0,24171
1109387.0,24172
1109470.0,24173
1109496.0,24174
1109548.0,24177
1109551.0,24178
1109598.0,24179
1109606.0,24180
1109668.0,24183
1109693.0,24184
1109694.0,24185
1109721.0,24186
1109757.0,24187
1109758.0,24188
1109822.0,24189
1109839.0,24190
1109855.0,24191
1109898.0,24192
1109910.0,24193
1110023.0,24195
1110172.0,24198
1110198.0,24200
1110226.0,24201
1110351.0,24204
1110539.0,24207
1110624.0,24209
1110691.0,24210
1110721.0,24211
1110729.0,24212
1110770.0,24213
1110887.0,24214
1110922.0,24215
1110982.0,24216
1110994.0,24217
1111019.0,24218
1111458.0,24226
1111482.0,24227
1111514.0,24228
1111575.0,24229
1112007.0,24239
1112011.0,24240
1112145.0,24243
1112147.0,24244
1112204.0,24245
1112444.0,24251
1112574.0,24253
1112593.0,24254
1112608.0,24255
1112614.0,24256
1112617.0,24257
1112619.0,24258
1112643.0,24259
1112646.0,24260
1112761.0,24263
1112772.0,24264
1112801.0,24265
1113809.0,24282
1113829.0,24283
1113960.0,24286
1113965.0,24287
1113975.0,24288
1114159.0,24291
1114181.0,24292
1115964.0,24327
1115966.0,24328
1115987.0,24329
1116085.0,24331
1116170.0,24334
1116245.0,24335
1116268.0,24337
1116361.0,24338
1116382.0,24339
1116396.0,24340
1116410.0,24341
1116486.0,24344
1116639.0,24346
1116659.0,24347
1117091.0,24352
1117733.0,24364
1117737.0,24365
1117747.0,24366
1117810.0,24369
1311425.0,28566
1311591.0,28569
1311602.0,28570
1311932.0,28578
1311945.0,28579
1311962.0,28580
1311978.0,28581
1311985.0,28582
1312032.0,28584
1312261.0,28586
1312421.0,28590
1312427.0,28591
1312876.0,28599
1313108.0,28605
1313160.0,28606
1313226.0,28607
1313227.0,28608
1313233.0,28609
1313320.0,28610
1313998.0,28620
1314032.0,28621
1314041.0,28622
1314058.0,28623
1314136.0,28626
1314145.0,28627
1314739.0,28637
1314827.0,28639
1315495.0,28654
1315564.0,28655
1315565.0,28656
1315584.0,28657
1315664.0,28659
1315677.0,28660
1315751.0,28663
1315777.0,28664
1317080.0,28698
1317089.0,28699
1317293.0,28703
1317366.0,28705
1317380.0,28706
1317423.0,28707
1317533.0,28710
1317534.0,28711
1317539.0,28712
1317860.0,28716
1318425.0,28726
1318523.0,28729
1318536.0,28730
1318607.0,28731
1318743.0,28733
1318789.0,28735
1318859.0,28736
1318903.0,28737
1318905.0,28738
1319183.0,28746
1319717.0,28757
1319720.0,28758
1319742.0,28759
1321653.0,28792
1322843.0,28819
1335817.0,29115
1335974.0,29119
1337139.0,29145
1337172.0,29147
1338027.0,29162
1338186.0,29165
1338445.0,29170
1340856.0,29220
1342302.0,29248
1342307.0,29249
1342325.0,29250
1342464.0,29251
1342866.0,29260
1342889.0,29261
1342973.0,29262
1343438.0,29274
1343455.0,29275
1343504.0,29276
1343530.0,29277
1343541.0,29278
1343644.0,29281
1343662.0,29282
1343698.0,29283
1344066.0,29291
1344072.0,29292
1344100.0,29294
1344139.0,29295
1344289.0,29297
1344317.0,29298
1344318.0,29299
1344357.0,29300
1344470.0,29302
1344489.0,29303
1344499.0,29304
1344545.0,29305
1344568.0,29307
1344795.0,29309
1344981.0,29312
1345002.0,29313
1345071.0,29317
1345452.0,29325
1345454.0,29326
1345541.0,29328
1345556.0,29329
1345606.0,29331
1345693.0,29334
1346646.0,29355
1346651.0,29356
1347015.0,29364
1347890.0,29384
1347903.0,29385
1347938.0,29386
1349714.0,29420
1349762.0,29421
1349820.0,29424
1349872.0,29425
1349898.0,29426
1351418.0,29453
1351426.0,29454
1351484.0,29455
1351530.0,29456
1351595.0,29459
1351597.0,29460
1351598.0,29461
1351726.0,29462
1351855.0,29466
1351935.0,29469
1351978.0,29470
1351984.0,29471
1352143.0,29473
1352357.0,29478
1352412.0,29479
1352506.0,29481
1352528.0,29482
1352551.0,29483
1352583.0,29484
1352624.0,29486
1353141.0,29493
1353172.0,29494
1353207.0,29495
1353239.0,29496
1353242.0,29497
1353298.0,29498
1353301.0,29499
1353420.0,29503
1353436.0,29504
1353652.0,29508
1353672.0,29509
1353723.0,29511
1377858.0,30035
1377916.0,30036
1377959.0,30038
1377967.0,30039
1378025.0,30040
1378304.0,30048
1378305.0,30049
1378306.0,30050
1378842.0,30058
1378901.0,30060
1378905.0,30061
1379018.0,30064
1379366.0,30069
1379380.0,30070
1379553.0,30074
1379556.0,30075
1379935.0,30081
1380189.0,30088
1380191.0,30089
1380419.0,30094
1380427.0,30095
1380450.0,30096
1380534.0,30098
1381136.0,30111
1381142.0,30112
1381628.0,30119
1381726.0,30121
1381773.0,30122
1381814.0,30124
1381824.0,30125
1381884.0,30126
1381901.0,30127
1382106.0,30136
1382133.0,30137
1382847.0,30153
1382911.0,30155
1382933.0,30156
1382978.0,30157
1384336.0,30181
1384346.0,30182
1384401.0,30183
1384420.0,30184
1384975.0,30192
1385007.0,30193
1385022.0,30194
1385233.0,30196
1385251.0,30197
1385288.0,30198
1385318.0,30199
1385333.0,30200
1385391.0,30202
1385751.0,30206
1386071.0,30214
1386104.0,30216
1386166.0,30217
1386189.0,30218
1386388.0,30221
1386699.0,30228
1386705.0,30229
1386794.0,30231
1386899.0,30233
1386972.0,30235
1386982.0,30236
1387162.0,30239
1387402.0,30245
1387421.0,30246
1388414.0,30262
1388450.0,30263
1388636.0,30265
1388817.0,30267
1388844.0,30268
1388862.0,30269
1388876.0,30270
1388921.0,30271
1389014.0,30273
1389018.0,30274
1389020.0,30275
1389081.0,30276
1389096.0,30278
1389142.0,30279
1389263.0,30281
1389748.0,30294
1389758.0,30295
1389784.0,30296
1389788.0,30297
1390212.0,30304
1390252.0,30305
1390259.0,30306
1390331.0,30308
1390349.0,30309
1390369.0,30310
1390414.0,30311
1390423.0,30312
1390498.0,30313
1390520.0,30314
1390543.0,30315
1390548.0,30316
1390620.0,30318
1390645.0,30319
1390654.0,30320
1390744.0,30321
1390745.0,30322
1390832.0,30325
1390885.0,30328
1390908.0,30330
1390930.0,30331
1390963.0,30332
1391357.0,30341
1391361.0,30342
1391380.0,30344
1391382.0,30345
1391393.0,30346
1391394.0,30347
1391403.0,30348
1391411.0,30349
1391440.0,30350
1392324.0,30368
1392412.0,30370
1392723.0,30376
1392735.0,30377
1392748.0,30378
1392944.0,30383
1393000.0,30384
1393143.0,30387
1393379.0,30393
1393421.0,30394
1393476.0,30395
1393509.0,30396
1393656.0,30400
1393727.0,30401
1393759.0,30402
1393761.0,30403
1393908.0,30409
1394259.0,30410
1394267.0,30411
1394275.0,30412
1394281.0,30413
1394308.0,30414
1394310.0,30415
1394311.0,30416
1394327.0,30417
1394596.0,30422
1394679.0,30424
1394786.0,30426
1394800.0,30427
1394907.0,30430
1394918.0,30431
1395009.0,30432
1396221.0,30460
1396415.0,30465
1396416.0,30466
1396477.0,30467
1396851.0,30473
1396977.0,30475
1397056.0,30477
1397173.0,30479
1397176.0,30480
1397491.0,30487
1397527.0,30489
1397530.0,30490
1397644.0,30494
1397647.0,30495
1397832.0,30497
1397897.0,30500
1397913.0,30501
1397932.0,30502
1397991.0,30504
1398053.0,30505
1398187.0,30507
1399557.0,30533
1399570.0,30534
1399608.0,30535
1399684.0,30537
1399738.0,30538
1399747.0,30539
1399838.0,30540
1401522.0,30571
1402338.0,30592
1402594.0,30595
1402705.0,30599
1402706.0,30600
1405939.0,30661
1405948.0,30662
1405955.0,30663
1406011.0,30664
1406026.0,30665
1406232.0,30669
1406485.0,30674
1406493.0,30675
1406879.0,30682
1406904.0,30683
1406971.0,30684
1407057.0,30686
1407108.0,30687
1407257.0,30690
1407306.0,30692
1407319.0,30693
1407361.0,30695
1407395.0,30697
1407447.0,30698
1407572.0,30700
1407577.0,30701
1407612.0,30702
1407986.0,30710
1408001.0,30711
1408072.0,30713
1408084.0,30714
1408086.0,30715
1408624.0,30726
1408642.0,30727
1408796.0,30729
1408798.0,30730
1408804.0,30731
1408807.0,30732
1408880.0,30733
1408910.0,30735
1408922.0,30736
1408961.0,30737
1409062.0,30741
1409080.0,30742
1409192.0,30745
1409260.0,30747
1409322.0,30750
1409323.0,30751
1409333.0,30752
1409339.0,30753
1409345.0,30754
1409937.0,30768
1409972.0,30769
1410101.0,30773
1410119.0,30774
1410120.0,30775
1411557.0,30799
1411831.0,30803
1411837.0,30804
1412987.0,30827
1416077.0,30882
1416102.0,30883
1416108.0,30884
1416246.0,30886
1416276.0,30887
1416289.0,30888
1416379.0,30890
1416683.0,30895
1417925.0,30915
1417960.0,30916
1418075.0,30919
1418285.0,30923
1418355.0,30925
1418447.0,30926
1418488.0,30927
1418607.0,30929
1418658.0,30930
1419443.0,30946
1419547.0,30950
1419636.0,30951
1419662.0,30952
1419701.0,30953
1419773.0,30955
1419873.0,30956
1419880.0,30957
1419900.0,30958
1419954.0,30959
1419980.0,30960
1420833.0,30975
1422650.0,31006
1422663.0,31007
1422761.0,31009
1422836.0,31013
1425815.0,31070
1425878.0,31072
1425884.0,31073
1426519.0,31082
1426522.0,31083
1426577.0,31084
1426629.0,31085
1426646.0,31086
1426647.0,31087
1426676.0,31088
1426709.0,31089
1426712.0,31090
1426753.0,31091
1426775.0,31093
1426838.0,31094
1426899.0,31095
1426909.0,31096
1427133.0,31101
1427136.0,31102
1427988.0,31117
1428008.0,31118
1428410.0,31126
1428494.0,31128
1428620.0,31129
1428623.0,31130
1428637.0,31131
1428666.0,31132
1428690.0,31133
1429499.0,31152
1429575.0,31153
1429584.0,31154
1429587.0,31155
1430353.0,31165
1430396.0,31166
1430413.0,31167
1430522.0,31169
1430589.0,31172
1431063.0,31183
1431071.0,31184
1431085.0,31185
1431128.0,31186
1431136.0,31187
1431167.0,31188
1431194.0,31189
1431198.0,31190
1431217.0,31191
1431231.0,31192
1431238.0,31193
1431958.0,31211
1432358.0,31220
1432369.0,31221
1432394.0,31222
1432401.0,31223
1432415.0,31224
1432422.0,31225
1432590.0,31227
1432609.0,31228
1432739.0,31230
1432756.0,31231
1433368.0,31242
1433427.0,31243
1433448.0,31244
1433466.0,31245
1433493.0,31246
1433541.0,31247
1433757.0,31252
1433810.0,31254
1433832.0,31255
1433956.0,31257
1433972.0,31258
1434007.0,31259
1434051.0,31260
1434056.0,31261
1434117.0,31262
1434118.0,31263
1434168.0,31264
1434278.0,31268
1434285.0,31269
1434376.0,31272
1434377.0,31273
1434384.0,31274
1434440.0,31275
1434466.0,31276
1434511.0,31277
1434528.0,31278
1434712.0,31282
1434790.0,31284
1434838.0,31285
1434946.0,31286
1434974.0,31287
1434990.0,31288
1435006.0,31289
1435063.0,31291
1435067.0,31292
1435140.0,31293
1435804.0,31308
1435835.0,31309
1436220.0,31315
1436265.0,31317
1436319.0,31318
1436407.0,31320
1436415.0,31321
1436425.0,31322
1436483.0,31323
1436511.0,31324
1436700.0,31328
1436782.0,31330
1437097.0,31338
1437104.0,31339
1437576.0,31349
1437812.0,31353
1437846.0,31354
1438221.0,31360
1438276.0,31362
1438313.0,31363
1438398.0,31367
1438423.0,31368
1438649.0,31373
1438757.0,31377
1438784.0,31378
1438813.0,31379
1438828.0,31380
1438834.0,31381
1438956.0,31385
1438963.0,31386
1438970.0,31387
1439571.0,31400
1439745.0,31402
1439782.0,31403
1440203.0,31410
1440228.0,31412
1440340.0,31414
1440690.0,31421
1440802.0,31425
1440878.0,31426
1440892.0,31427
1440904.0,31428
1440917.0,31429
1441381.0,31439
1441451.0,31443
1441579.0,31446
1441580.0,31447
1442410.0,31462
1442414.0,31463
1442472.0,31464
1442481.0,31465
1442855.0,31470
1443013.0,31473
1443014.0,31474
1443043.0,31475
1443044.0,31476
1443054.0,31477
1443173.0,31481
1443196.0,31482
1443206.0,31483
1443274.0,31485
1443298.0,31487
1443380.0,31488
1443410.0,31489
1443464.0,31491
1445930.0,31538
1445972.0,31539
1445990.0,31540
1446002.0,31541
1446104.0,31543
1446234.0,31546
1446238.0,31547
1446292.0,31549
1446400.0,31550
1446659.0,31554
1446701.0,31555
1447200.0,31567
1447204.0,31568
1448578.0,31593
1448638.0,31594
1448648.0,31595
1448697.0,31597
1448705.0,31598
1449135.0,31611
1449149.0,31612
1449151.0,31613
1449169.0,31614
1449197.0,31615
1449250.0,31616
1449266.0,31617
1449302.0,31618
1449328.0,31619
1449642.0,31624
1449657.0,31625
1449680.0,31626
1449688.0,31627
1449739.0,31628
1450458.0,31644
1450590.0,31648
1450591.0,31649
1450649.0,31650
1450979.0,31662
1451003.0,31663
1451861.0,31680
1451949.0,31684
1451969.0,31685
1452042.0,31687
1452077.0,31689
1452170.0,31692
1452231.0,31693
1452257.0,31694
1452263.0,31695
1452281.0,31696
1452320.0,31697
1452379.0,31699
1453006.0,31714
1453107.0,31717
1453110.0,31718
1453138.0,31720
1453154.0,31721
1453159.0,31722
1453306.0,31725
1453333.0,31726
1453776.0,31737
1453778.0,31738
1453849.0,31740
1453858.0,31741
1453941.0,31744
1454003.0,31745
1454278.0,31752
1454328.0,31754
1454351.0,31755
1454431.0,31757
1454467.0,31758
1454534.0,31759
1454556.0,31760
1454571.0,31761
1454715.0,31763
1454845.0,31765
1454863.0,31766
1454910.0,31768
1455122.0,31772
1455140.0,31773
1455190.0,31776
1455215.0,31778
1455222.0,31779
1455227.0,31780
1455387.0,31786
1455440.0,31787
1455453.0,31788
1455504.0,31790
1455553.0,31791
1455614.0,31793
1455627.0,31794
1455632.0,31795
1455653.0,31796
1455661.0,31797
1455669.0,31798
1455854.0,31801
1455919.0,31803
1456171.0,31808
1456174.0,31809
1456185.0,31810
1456190.0,31811
1456342.0,31814
1456792.0,31822
1457082.0,31828
1457093.0,31829
1457408.0,31833
1457472.0,31834
1457686.0,31840
1457692.0,31841
1459158.0,31865
1459446.0,31873
1459543.0,31876
1459681.0,31881
1459698.0,31883
1459733.0,31884
1459760.0,31885
1459851.0,31887
1459859.0,31888
1461567.0,31922
1461640.0,31924
1461679.0,31925
1461793.0,31927
1462432.0,31937
1462449.0,31938
1462462.0,31939
1462481.0,31940
1462509.0,31941
1462640.0,31942
1462670.0,31943
1462757.0,31945
1462848.0,31947
1462941.0,31949
1463303.0,31954
1463309.0,31955
1463311.0,31956
1463334.0,31957
1463501.0,31959
1463752.0,31964
1463757.0,31965
1463886.0,31969
1463898.0,31970
1463915.0,31971
1464700.0,31990
1464706.0,31991
1464731.0,31992
1464767.0,31994
1465536.0,32010
1465694.0,32014
1465772.0,32016
1465884.0,32019
1465887.0,32020
1465973.0,32023
1465999.0,32024
1466092.0,32026
1466146.0,32027
1466989.0,32044
1467365.0,32054
1468651.0,32078
1468763.0,32081
1468879.0,32084
1468980.0,32086
1469073.0,32087
1469097.0,32088
1469322.0,32094
1469539.0,32097
1469549.0,32098
1469579.0,32099
1469593.0,32100
1469920.0,32107
1469952.0,32109
1469955.0,32110
1469975.0,32111
1469986.0,32112
1470092.0,32113
1470123.0,32114
1470387.0,32121
1470684.0,32126
1470714.0,32127
1470838.0,32129
1470842.0,32130
1470891.0,32131
1470933.0,32132
1471015.0,32134
1471106.0,32135
1471114.0,32136
1471368.0,32140
1471693.0,32146
1471792.0,32148
1471972.0,32150
1471975.0,32151
1471997.0,32152
1472084.0,32153
1472300.0,32160
1472314.0,32161
1472351.0,32162
1472398.0,32163
1472730.0,32171
1477342.0,32251
1477404.0,32252
1477424.0,32253
1477430.0,32254
1477489.0,32256
1477589.0,32258
1478738.0,32275
1478907.0,32276
1748087.0,38127
1748128.0,38128
1748256.0,38131
1748267.0,38132
1748297.0,38133
1748789.0,38144
1748799.0,38145
1748838.0,38146
1748872.0,38147
1749085.0,38150
1749117.0,38151
1749208.0,38153
1749238.0,38154
1749283.0,38155
1749301.0,38156
1749334.0,38157
1749526.0,38158
1750510.0,38182
1750551.0,38183
1750575.0,38185
1750590.0,38186
1750678.0,38188
1750833.0,38194
1750947.0,38196
1751059.0,38198
2323325.0,50570
2323406.0,50572
2324197.0,50591
2324338.0,50593
2324347.0,50594
2324384.0,50595
2324399.0,50596
2324414.0,50597
2324686.0,50601
2324719.0,50602
2324720.0,50603
2324731.0,50604
2324772.0,50605
2325078.0,50611
2325097.0,50612
2325104.0,50613
2325108.0,50614
2325133.0,50615
2325165.0,50617
2325171.0,50618
2325353.0,50621
2325368.0,50622
2325579.0,50627
2325597.0,50628
2325654.0,50631
2325731.0,50632
2325742.0,50633
2325745.0,50634
2325784.0,50636
2326141.0,50643
2326257.0,50647
2327891.0,50677
2328094.0,50683
2328099.0,50684
2328420.0,50693
2328422.0,50694
2328507.0,50697
2328519.0,50698
2328551.0,50699
2328694.0,50702
2328709.0,50703
2328715.0,50704
2328866.0,50707
2328892.0,50709
2328895.0,50710
2328903.0,50711
2328908.0,50712
2328931.0,50713
2328945.0,50714
2329725.0,50726
2330261.0,50738
2330418.0,50740
2330460.0,50741
2330470.0,50742
2330513.0,50743
2330631.0,50746
2330651.0,50747
2330671.0,50748
2330708.0,50749
2330722.0,50750
2330735.0,50751
2330748.0,50752
2330778.0,50753
2330782.0,50754
2331010.0,50757
2331028.0,50758
2331748.0,50773
2331757.0,50774
2331828.0,50776
2331856.0,50777
2331983.0,50780
2332010.0,50782
2332025.0,50783
2332102.0,50784
2332206.0,50788
2332389.0,50795
2332680.0,50801
2334868.0,50843
2334922.0,50844
2335006.0,50846
2335664.0,50858
2335698.0,50859
2335713.0,50860
2335837.0,50865
2335930.0,50867
2335937.0,50868
2335955.0,50869
2335994.0,50870
2336008.0,50871
2336048.0,50872
2336072.0,50873
2336469.0,50882
2336593.0,50885
2336687.0,50887
2336688.0,50888
2336696.0,50889
2336735.0,50890
2336748.0,50891
2336758.0,50892
2337116.0,50896
2337120.0,50897
2338371.0,50922
2338399.0,50923
2338503.0,50925
2338546.0,50927
2338772.0,50932
2339528.0,50949
2339547.0,50950
2339570.0,50951
2339621.0,50952
2339650.0,50953
2339720.0,50955
2339770.0,50956
2339789.0,50957
2339800.0,50958
2339847.0,50960
2339876.0,50962
2340080.0,50969
2340171.0,50972
2340262.0,50973
2340264.0,50974
2340290.0,50975
2340766.0,50987
2340937.0,50990
2340983.0,50991
2340991.0,50992
2342945.0,51033
2342989.0,51034
2343088.0,51036
2343102.0,51037
2343114.0,51038
2343216.0,51040
2343241.0,51041
2343322.0,51043
2343358.0,51044
2343408.0,51045
2343472.0,51047
2343506.0,51048
2344653.0,51070
2344683.0,51071
2344702.0,51072
2345582.0,51088
2346168.0,51097
2346186.0,51098
2346236.0,51099
2346252.0,51100
2346340.0,51101
2346566.0,51105
2346569.0,51106
2346592.0,51107
2346667.0,51108
2346689.0,51109
2346830.0,51111
2346889.0,51113
2346901.0,51114
2346973.0,51117
2346988.0,51118
2349062.0,51162
2349111.0,51164
2349129.0,51165
2349145.0,51166
2349276.0,51167
2349299.0,51168
2349357.0,51169
2349365.0,51170
2349596.0,51174
2349624.0,51175
2349629.0,51176
2349689.0,51177
2349764.0,51179
2349771.0,51180
2349776.0,51181
2349794.0,51182
2349795.0,51183
2350335.0,51193
2350460.0,51195
2350679.0,51200
2350744.0,51201
2350914.0,51206
2350936.0,51207
2350967.0,51208
2351108.0,51211
2351126.0,51212
2351173.0,51213
2351210.0,51214
2351262.0,51215
2351283.0,51216
2351352.0,51217
2351377.0,51219
2351400.0,51220
2351407.0,51221
2351437.0,51222
2351960.0,51229
2352017.0,51230
2352254.0,51235
2352271.0,51236
2352490.0,51240
2352514.0,51242
2352558.0,51243
2352806.0,51248
2352871.0,51251
2352985.0,51253
2353063.0,51256
2353071.0,51257
2353074.0,51258
2353164.0,51260
2353928.0,51273
2354058.0,51274
2354122.0,51275
2354183.0,51276
2354310.0,51277
2354449.0,51279
2354557.0,51281
2354609.0,51282
2354648.0,51283
2354670.0,51285
2354673.0,51286
2354730.0,51287
2354746.0,51288
2354908.0,51291
2354960.0,51292
2355208.0,51298
2355221.0,51299
2355297.0,51301
2355567.0,51310
2355581.0,51311
2355631.0,51312
2355654.0,51313
2355665.0,51314
2355689.0,51315
2355728.0,51318
2356147.0,51327
2356470.0,51336
2356721.0,51344
2356723.0,51345
2357155.0,51354
2357156.0,51355
2357215.0,51356
2357218.0,51357
2357219.0,51358
2357247.0,51359
2357330.0,51361
2357344.0,51362
2357387.0,51364
2357532.0,51367
2357566.0,51368
2357576.0,51369
2357590.0,51370
2357664.0,51371
2357979.0,51375
2357992.0,51376
2358019.0,51377
2358033.0,51378
2358247.0,51385
2358255.0,51386
2358276.0,51387
2358349.0,51388
2358384.0,51389
2358417.0,51390
2359243.0,51405
2359287.0,51406
2359288.0,51407
2359308.0,51408
2359503.0,51413
2359821.0,51419
2359844.0,51420
2359851.0,51421
2359908.0,51422
2359971.0,51423
2359973.0,51424
2360433.0,51431
2360449.0,51432
2360462.0,51433
2360498.0,51434
2360502.0,51435
2360518.0,51436
2360821.0,51445
2360833.0,51446
2360837.0,51447
2360865.0,51448
2361705.0,51463
2361707.0,51464
2361735.0,51465
2362891.0,51482
2362895.0,51483
2363085.0,51486
2363135.0,51487
2363155.0,51488
2363285.0,51494
2363299.0,51495
2363717.0,51501
2363732.0,51502
2363747.0,51503
2363766.0,51504
2363768.0,51505
2364062.0,51513
2364158.0,51516
2364332.0,51518
2364500.0,51521
2364808.0,51524
2364923.0,51530
2364940.0,51531
2365018.0,51532
2365222.0,51537
2365640.0,51544
2365645.0,51545
2366206.0,51557
2366225.0,51558
2366280.0,51560
2366314.0,51561
2366395.0,51562
2366517.0,51566
2366600.0,51568
2366871.0,51573
2367586.0,51585
2367596.0,51586
2367674.0,51588
2367691.0,51589
2367763.0,51590
2367842.0,51591
2367846.0,51592
2367862.0,51593
2367869.0,51594
2367888.0,51595
2367911.0,51596
2367927.0,51598
2367937.0,51599
2367938.0,51600
2368055.0,51604
2368075.0,51605
2368080.0,51606
2368108.0,51607
2368110.0,51608
2368190.0,51610
2368360.0,51613
2368464.0,51614
2368987.0,51625
2369003.0,51626
2369056.0,51628
2369194.0,51630
2369298.0,51633
2369299.0,51634
2369333.0,51635
2369335.0,51636
2369356.0,51638
2369467.0,51639
2369556.0,51640
2369636.0,51642
2369716.0,51643
2369927.0,51646
2369972.0,51648
2369974.0,51649
2370054.0,51650
2370103.0,51651
2370106.0,51652
2412875.0,52599
2412952.0,52603
2413132.0,52606
2413831.0,52621
2414588.0,52631
2414637.0,52633
2414642.0,52634
2414670.0,52635
2414674.0,52636
2414675.0,52637
2414681.0,52638
2414686.0,52639
2414862.0,52641
2414964.0,52642
2416049.0,52655
2416064.0,52656
2416077.0,52657
2416382.0,52661
2416480.0,52664
2416508.0,52665
2416515.0,52666
2416584.0,52668
2416938.0,52673
2416969.0,52674
2418700.0,52705
2418750.0,52706
2418818.0,52707
2418837.0,52708
2418879.0,52710
2418899.0,52711
2418942.0,52712
2418986.0,52713
2418994.0,52714
2419073.0,52717
2419085.0,52718
2419109.0,52720
2419148.0,52721
2420295.0,52748
2420316.0,52749
2420396.0,52751
2420413.0,52752
2420475.0,52754
2421141.0,52769
2421229.0,52771
2421420.0,52775
2421431.0,52776
2421436.0,52777
2421458.0,52778
2421667.0,52783
2421686.0,52784
2421761.0,52786
2421805.0,52787
2421823.0,52788
2421927.0,52789
2421960.0,52791
2421996.0,52792
2422011.0,52793
2422042.0,52796
2422054.0,52797
2422119.0,52799
2422147.0,52800
2422162.0,52802
2422210.0,52805
2422281.0,52807
2422309.0,52808
2422391.0,52810
2422536.0,52814
2422594.0,52815
2422625.0,52816
2422658.0,52817
2424943.0,52858
2424966.0,52859
2425010.0,52860
2425763.0,52873
2425834.0,52877
2425839.0,52878
2425848.0,52879
2425858.0,52880
2425902.0,52882
2426376.0,52890
2426433.0,52892
2426461.0,52893
2426615.0,52896
2426618.0,52897
2426628.0,52898
2426631.0,52899
2426642.0,52900
2426702.0,52901
2426723.0,52902
2426737.0,52903
2426752.0,52905
2426782.0,52907
2427020.0,52912
2427051.0,52913
2427060.0,52914
2427160.0,52915
2427175.0,52916
2427351.0,52922
2427442.0,52924
2427457.0,52925
2427464.0,52926
2427510.0,52927
2427513.0,52928
2428591.0,52950
2428597.0,52951
2428839.0,52957
2428929.0,52958
2428958.0,52959
2428960.0,52960
2428979.0,52961
2428983.0,52962
2428987.0,52963
2429095.0,52965
2429334.0,52969
2429354.0,52970
2429377.0,52971
2429603.0,52975
2429677.0,52977
2429951.0,52983
2430063.0,52987
2430121.0,52988
2430181.0,52989
2430194.0,52990
2430201.0,52991
2430276.0,52993
2430286.0,52994
2430649.0,52999
2430731.0,53001
2430734.0,53002
2430736.0,53003
2430747.0,53004
2430780.0,53006
2431085.0,53011
2431091.0,53012
2431115.0,53013
2431150.0,53014
2431156.0,53015
2431391.0,53019
2431434.0,53021
2431503.0,53023
2431608.0,53024
2431625.0,53025
2431677.0,53026
2431907.0,53032
2431940.0,53034
2432129.0,53038
2432473.0,53043
2432532.0,53045
2432848.0,53053
2432851.0,53054
2432880.0,53055
2432898.0,53056
2433028.0,53058
2433120.0,53059
2433123.0,53060
2433175.0,53061
2433265.0,53063
2433482.0,53070
2433794.0,53076
2433856.0,53077
2433885.0,53079
2434053.0,53083
2434097.0,53084
2434167.0,53087
2434335.0,53089
2434376.0,53090
2434402.0,53091
2434429.0,53093
2434446.0,53094
2434464.0,53095
2434908.0,53101
2436013.0,53121
2436073.0,53122
2436891.0,53139
2437047.0,53142
2437057.0,53143
2437162.0,53145
2437474.0,53153
2437609.0,53156
2437612.0,53157
2437624.0,53158
2437647.0,53159
2437681.0,53160
2437696.0,53161
2438770.0,53183
2439415.0,53197
2439508.0,53198
2439637.0,53201
2439639.0,53202
2439653.0,53203
2439662.0,53204
2439728.0,53206
2439896.0,53210
2439973.0,53213
2440383.0,53220
2440389.0,53221
2440419.0,53222
2440455.0,53224
2440564.0,53226
2440567.0,53227
2440598.0,53228
2440615.0,53229
2440627.0,53230
2440628.0,53231
2440641.0,53232
2440648.0,53233
2440689.0,53234
2440754.0,53237
2440912.0,53240
2440979.0,53241
2441048.0,53243
2441127.0,53245
2441224.0,53247
2441234.0,53248
2441287.0,53250
2441289.0,53251
2441313.0,53252
2441459.0,53255
2441462.0,53256
2441573.0,53258
2441615.0,53260
2441661.0,53262
2442340.0,53274
2442375.0,53275
2442414.0,53276
2442417.0,53277
2442449.0,53278
2442523.0,53281
2444367.0,53314
2444400.0,53315
2444904.0,53324
2444910.0,53325
2445107.0,53328
2445571.0,53339
2445591.0,53340
2445594.0,53341
2445622.0,53342
2446036.0,53349
2446039.0,53350
2446043.0,53351
2446067.0,53352
2446092.0,53353
2446446.0,53359
2446449.0,53360
2446464.0,53361
2446465.0,53362
2446468.0,53363
2446553.0,53365
2449021.0,53407
2449132.0,53411
2449148.0,53412
2449336.0,53416
2449348.0,53417
2449368.0,53420
2449411.0,53421
2450003.0,53433
2450025.0,53434
2450261.0,53439
2450266.0,53440
2450317.0,53441
2450358.0,53442
2450381.0,53443
2450392.0,53444
2450437.0,53445
2450452.0,53446
2450473.0,53447
2450506.0,53448
2450563.0,53449
2450566.0,53450
2450600.0,53452
2450697.0,53453
2450717.0,53454
2450788.0,53456
2450789.0,53457
2451548.0,53471
2451550.0,53472
2451553.0,53473
2452101.0,53483
2452185.0,53486
2452199.0,53487
2452207.0,53488
2452546.0,53494
2452612.0,53495
2453131.0,53505
2453215.0,53509
2453224.0,53510
2453342.0,53514
2453350.0,53515
2453357.0,53516
2454086.0,53529
2454105.0,53530
2454151.0,53531
2454160.0,53532
2454168.0,53533
2454320.0,53537
2454347.0,53538
2454754.0,53546
2454844.0,53547
2455226.0,53554
2455827.0,53567
2455841.0,53568
2455864.0,53569
2455892.0,53570
2455917.0,53573
2456026.0,53574
2456092.0,53575
2456227.0,53577
2456252.0,53578
2456300.0,53579
2456352.0,53581
2456381.0,53582
2456565.0,53587
2456566.0,53588
2456721.0,53592
2456727.0,53593
2456805.0,53594
2456915.0,53596
2456935.0,53597
2457007.0,53600
2457135.0,53601
2457143.0,53602
2457235.0,53606
2457237.0,53607
2457298.0,53608
2457344.0,53609
2457381.0,53610
2457636.0,53616
2457640.0,53617
2457672.0,53618
2457705.0,53619
2457725.0,53620
2457764.0,53621
2457773.0,53622
2457988.0,53627
2460712.0,53682
2460753.0,53683
2460973.0,53688
2460979.0,53689
2461000.0,53690
2461002.0,53691
2461108.0,53694
2461122.0,53695
2461160.0,53696
2461590.0,53707
2462187.0,53716
2462254.0,53717
2462667.0,53724
2462668.0,53725
2462943.0,53733
2462987.0,53734
2463036.0,53735
2463133.0,53736
2463170.0,53738
2463188.0,53739
2463311.0,53741
2463451.0,53746
2463470.0,53748
2463475.0,53749
2463489.0,53750
2463491.0,53751
2463618.0,53752
2464226.0,53760
2464789.0,53773
2465150.0,53779
2465364.0,53782
2465421.0,53783
2465741.0,53790
2466043.0,53796
2466044.0,53797
2872631.0,62649
2872788.0,62653
2873001.0,62658
2874661.0,62688
2874723.0,62689
2874757.0,62690
2877856.0,62741
2877890.0,62742
2878279.0,62749
2878288.0,62750
2878316.0,62751
2878546.0,62757
2878583.0,62759
2879448.0,62775
2879500.0,62776
2879542.0,62777
2880391.0,62794
2880420.0,62796
2880623.0,62800
2880648.0,62801
2880667.0,62803
2880684.0,62804
2880719.0,62805
2880735.0,62806
2880860.0,62808
2881173.0,62814
2882428.0,62840
2884192.0,62868
2884234.0,62869
2884260.0,62870
2884312.0,62871
2884323.0,62872
2884371.0,62873
2884903.0,62885
2884910.0,62886
2884943.0,62888
2885155.0,62891
2885198.0,62892
2885230.0,62893
2885273.0,62894
2885287.0,62895
2885295.0,62896
2885302.0,62897
2885341.0,62898
2885372.0,62899
2885516.0,62903
2885545.0,62904
2885667.0,62908
2885670.0,62909
2885713.0,62911
2885731.0,62912
2885736.0,62913
2885847.0,62915
2885877.0,62916
2885913.0,62917
2886230.0,62921
2886261.0,62922
2886481.0,62926
2886518.0,62927
2886585.0,62929
2886651.0,62930
2886674.0,62931
2886675.0,62932
2886769.0,62933
2886823.0,62934
2886827.0,62935
2886938.0,62937
2886944.0,62938
2887320.0,62946
2887433.0,62948
2887493.0,62951
2887840.0,62958
2888208.0,62965
2888222.0,62966
2888753.0,62975
2888766.0,62976
2888781.0,62977
2888793.0,62978
2888826.0,62979
2889471.0,62994
2889518.0,62995
2889561.0,62996
2889600.0,62997
2889656.0,62998
2890352.0,63010
2890360.0,63011
2890380.0,63012
2890611.0,63014
2890715.0,63017
2890767.0,63018
2891295.0,63028
2891363.0,63029
2891428.0,63030
2893216.0,63056
2893217.0,63057
2893233.0,63058
2893373.0,63059
2893397.0,63060
2893454.0,63062
2893471.0,63063
2893504.0,63064
2893791.0,63067
2893834.0,63069
2894036.0,63072
2894062.0,63073
2894078.0,63074
2894101.0,63075
2894132.0,63076
2894148.0,63077
2894360.0,63082
2894415.0,63083
2894423.0,63084
2894439.0,63085
2894447.0,63086
2894457.0,63087
2894508.0,63089
2894519.0,63090
2894576.0,63092
2894707.0,63095
2894971.0,63102
2895005.0,63103
2895008.0,63104
2895080.0,63106
2895082.0,63107
2895128.0,63108
2895159.0,63109
2895169.0,63110
2895184.0,63111
2895228.0,63112
2895269.0,63113
2895277.0,63114
2895284.0,63115
2895334.0,63116
2895340.0,63117
2895350.0,63118
2895454.0,63120
2895504.0,63121
2895586.0,63123
2895703.0,63125
2896365.0,63140
2896453.0,63142
2896552.0,63145
2896579.0,63146
2896606.0,63147
2897029.0,63156
2897042.0,63157
2897066.0,63158
2897136.0,63162
2897234.0,63163
2897392.0,63165
2897578.0,63169
2899201.0,63200
2899301.0,63201
2899508.0,63205
2899586.0,63207
2899623.0,63208
2899842.0,63213
2899855.0,63214
2899859.0,63215
2899863.0,63216
2899908.0,63217
2899965.0,63219
2900048.0,63221
2900090.0,63222
2900321.0,63226
2900327.0,63227
2900379.0,63228
2900398.0,63229
2900448.0,63231
2901449.0,63246
2901601.0,63247
2901632.0,63248
2901641.0,63249
2902983.0,63277
2903093.0,63279
2903098.0,63280
2903101.0,63281
2903105.0,63282
2903187.0,63284
2903277.0,63285
2903279.0,63286
2903416.0,63290
2903650.0,63293
2903693.0,63294
2903710.0,63295
2903813.0,63297
2903837.0,63298
2903841.0,63299
2904302.0,63306
2905254.0,63319
2905401.0,63322
2905662.0,63327
2905673.0,63328
2905674.0,63329
2906077.0,63335
2906437.0,63346
2906467.0,63347
2906488.0,63348
2906511.0,63349
2906514.0,63350
2906517.0,63351
2906537.0,63352
2906576.0,63353
2906592.0,63354
2906637.0,63355
2907306.0,63367
2907371.0,63368
2907481.0,63369
2907643.0,63371
2907687.0,63373
2907733.0,63374
2907736.0,63375
2907944.0,63380
2907984.0,63382
2908094.0,63388
2908316.0,63390
2908403.0,63392
2908404.0,63393
2908514.0,63395
2908518.0,63396
2908521.0,63397
2909466.0,63417
2909824.0,63423
2909869.0,63424
2910007.0,63426
2910036.0,63427
2910037.0,63428
2910045.0,63429
2910079.0,63430
2910115.0,63431
2910175.0,63435
2910664.0,63442
2910752.0,63445
2910756.0,63446
2910762.0,63447
2910777.0,63449
2910976.0,63451
2911091.0,63455
2911108.0,63456
2911262.0,63460
2911676.0,63468
2911686.0,63469
2911814.0,63474
2911825.0,63475
2911827.0,63476
2911846.0,63477
2911848.0,63478
2912141.0,63485
2914308.0,63526
2914337.0,63527
2914354.0,63528
2914356.0,63529
2914360.0,63530
2914574.0,63533
2914838.0,63538
2915011.0,63543
2915059.0,63544
2915068.0,63545
2915160.0,63547
2915184.0,63548
2915187.0,63549
2915188.0,63550
2915213.0,63552
2915215.0,63553
2915292.0,63555
2915328.0,63556
2915330.0,63557
2915366.0,63558
2915448.0,63560
2915478.0,63561
2915539.0,63562
2915545.0,63563
2915563.0,63564
2915765.0,63568
2915867.0,63569
2915906.0,63570
2915916.0,63571
2916026.0,63574
2916145.0,63578
2916359.0,63582
2916428.0,63583
2916541.0,63586
2920976.0,63675
2920982.0,63676
2921028.0,63678
2921040.0,63679
2921041.0,63680
2921093.0,63683
2921191.0,63684
2921197.0,63685
2921198.0,63686
2921201.0,63687
2921268.0,63689
2921336.0,63691
2921624.0,63696
2921740.0,63699
2921759.0,63700
2921765.0,63701
2921768.0,63702
2921822.0,63705
2921835.0,63706
2921877.0,63708
2921933.0,63711
2921960.0,63712
2921967.0,63713
2921972.0,63714
2922839.0,63726
2922841.0,63727
2922842.0,63728
2922845.0,63729
2923380.0,63736
2923390.0,63737
2923450.0,63739
2924218.0,63752
2924267.0,63753
2924304.0,63754
2924345.0,63755
2924348.0,63756
2924484.0,63759
2924565.0,63760
2924568.0,63761
2924648.0,63763
2924730.0,63767
2925172.0,63775
2925227.0,63776
2925346.0,63777
2925368.0,63779
2925390.0,63780
2925438.0,63782
2925440.0,63783
2925870.0,63794
2926187.0,63801
2926300.0,63802
2926313.0,63803
2926554.0,63807
2926657.0,63809
2927619.0,63828
2927685.0,63829
2930361.0,63887
2930475.0,63889
2930756.0,63893
2931007.0,63898
2931028.0,63899
2931042.0,63900
2931055.0,63901
2931056.0,63902
2931280.0,63907
2931402.0,63909
2931425.0,63910
2931434.0,63911
2931542.0,63915
2931544.0,63916
2931592.0,63917
2931598.0,63918
2931696.0,63921
2931781.0,63923
2931832.0,63924
2931843.0,63925
2931879.0,63926
2931891.0,63927
2931905.0,63928
2931941.0,63929
2931984.0,63930
2932002.0,63931
2933014.0,63951
2933293.0,63957
2933311.0,63958
2933542.0,63962
2933559.0,63963
2933633.0,63965
2933764.0,63967
2933775.0,63968
2934028.0,63973
2934078.0,63974
2934191.0,63977
2934247.0,63978
2934253.0,63979
2936426.0,64018
2936752.0,64028
2937173.0,64036
2937175.0,64037
2937234.0,64038
2937293.0,64040
2937345.0,64041
2937365.0,64042
2937383.0,64043
2938384.0,64064
2938425.0,64066
2938476.0,64067
2938546.0,64068
2938816.0,64072
2938936.0,64075
2938972.0,64077
2938983.0,64078
2939124.0,64081
2939150.0,64082
2939166.0,64083
2939192.0,64084
2939308.0,64086
2939646.0,64093
2940083.0,64103
2940086.0,64104
2940090.0,64105
2940118.0,64106
2940133.0,64107
2940135.0,64108
2940161.0,64109
2940171.0,64110
2940174.0,64111
2940226.0,64114
2940369.0,64117
2940389.0,64118
2940524.0,64121
2940616.0,64123
2940629.0,64124
2940674.0,64126
2940916.0,64131
2940938.0,64132
2942158.0,64152
2942174.0,64153
2944703.0,64198
2944737.0,64199
2945279.0,64213
2945316.0,64214
2945322.0,64215
2945325.0,64216
2945330.0,64217
2945345.0,64218
2945407.0,64219
2945538.0,64222
2946388.0,64243
2946410.0,64244
2946444.0,64247
3445057.0,74966
3445082.0,74967
3445357.0,74971
3445368.0,74972
3445374.0,74973
3445392.0,74974
3445472.0,74978
3445632.0,74981
3445681.0,74982
3445716.0,74983
3445737.0,74984
3445744.0,74985
3445752.0,74986
3445757.0,74987
3445772.0,74988
3445798.0,74989
3445809.0,74990
3445840.0,74992
3445967.0,74994
3445977.0,74995
3445980.0,74996
3445998.0,74997
3446093.0,74998
3446101.0,74999
3446157.0,75001
3446642.0,75009
3446669.0,75010
3446673.0,75011
3446814.0,75014
3448183.0,75037
3449011.0,75052
3449061.0,75053
3449380.0,75062
3449448.0,75065
3449799.0,75072
3449805.0,75073
3449816.0,75074
3449856.0,75075
3449870.0,75076
3449904.0,75077
3449957.0,75079
3450008.0,75081
3450186.0,75083
3450323.0,75084
3450334.0,75085
3450336.0,75086
3450363.0,75087
3450369.0,75088
3451547.0,75105
3451563.0,75106
3451621.0,75108
3451625.0,75109
3451838.0,75112
